kind,d,M,nats,singleton_per_asset,epsilon_ratio,method,true_success,true_possible_success,posterior_mass_lower,posterior_mass_upper,regret,regret_upper,attempted,valid,pooled_p95_regret,worst_cell_success
asymmetric,3,3,0,32,0.25,A1,0.6666666666666666,0.6666666666666666,0.6666666666666682,0.6666666666666682,0.00045648689665738065,0.00045648690468103325,50,50,0.0011738156796520002,0.0
asymmetric,3,3,0,32,0.25,CVaR,0.0,0.0,0.0,0.0,0.0003912900590356667,0.0003912900670596667,50,50,0.00039129005903700004,0.0
asymmetric,3,3,0,32,0.25,Greedy,0.3333333333333333,0.3333333333333333,0.3333333333333341,0.3333333333333341,0.00040831298955592324,0.00040831299757947847,50,50,0.0009070128858180001,0.0
asymmetric,3,3,0,32,0.25,Hinge,0.0,0.0,0.0,0.0,0.000370954059265,0.00037095406728900005,50,50,0.0005988833906350001,0.0
asymmetric,3,3,0,32,0.25,LCRC,0.0,0.0,0.0,0.0,0.0003912900590360001,0.0003912900670596667,50,50,0.000391290059036,0.0
asymmetric,3,3,0,32,0.25,MA,0.0,0.0,0.0,0.0,0.000370954059259,0.00037095406728233335,50,50,0.00059888558675,0.0
asymmetric,3,3,0,32,0.25,MLE,0.3333333333333333,0.3333333333333333,0.3333333333333341,0.3333333333333341,0.0006199390294231133,0.00061993903613556,50,50,0.001567434843093,0.0
asymmetric,3,3,0,32,0.25,Minimax,0.0,0.0,0.0,0.0,0.0003912900590360001,0.0003912900670596667,50,50,0.000391290059036,0.0
asymmetric,3,3,0,32,0.5,A1,0.6666666666666666,0.6666666666666666,0.6666666666666682,0.6666666666666682,0.0003777936640996667,0.000377793672123,50,50,0.000742090954341,0.0
asymmetric,3,3,0,32,0.5,CVaR,0.0,0.0,0.0,0.0,0.0003912900590356667,0.0003912900670596667,50,50,0.00039129005903700004,0.0
asymmetric,3,3,0,32,0.5,Greedy,0.3333333333333333,0.3333333333333333,0.3333333333333341,0.3333333333333341,0.00037541026476133337,0.000375410272785,50,50,0.0006957460513020001,0.0
asymmetric,3,3,0,32,0.5,Hinge,0.0,0.0,0.0,0.0,0.00037095405934533333,0.00037095406736866663,50,50,0.0005988971674390001,0.0
asymmetric,3,3,0,32,0.5,LCRC,0.0,0.0,0.0,0.0,0.0003912900590360001,0.0003912900670596667,50,50,0.000391290059036,0.0
asymmetric,3,3,0,32,0.5,MA,0.0,0.0,0.0,0.0,0.000370954059259,0.00037095406728233335,50,50,0.00059888558675,0.0
asymmetric,3,3,0,32,0.5,MLE,0.3333333333333333,0.3333333333333333,0.3333333333333341,0.3333333333333341,0.0006199390294231133,0.00061993903613556,50,50,0.001567434843093,0.0
asymmetric,3,3,0,32,0.5,Minimax,0.0,0.0,0.0,0.0,0.0003912900590360001,0.0003912900670596667,50,50,0.000391290059036,0.0
asymmetric,3,3,0,32,0.75,A1,0.6666666666666666,0.6666666666666666,0.6666666666666682,0.6666666666666682,0.00037095405925900005,0.00037095406728266674,50,50,0.000598885586956,0.0
asymmetric,3,3,0,32,0.75,CVaR,0.0,0.0,0.0,0.0,0.0003912900590356667,0.0003912900670596667,50,50,0.00039129005903700004,0.0
asymmetric,3,3,0,32,0.75,Greedy,0.6666666666666666,0.6666666666666666,0.6666666666666682,0.6666666666666682,0.0003709540592586667,0.00037095406728266674,50,50,0.000598885586797,0.0
asymmetric,3,3,0,32,0.75,Hinge,0.0,0.6666666666666666,0.0,0.6666666666666682,0.00037287274712400004,0.00037287275514733334,50,50,0.000531683158484,0.0
asymmetric,3,3,0,32,0.75,LCRC,0.0,0.0,0.0,0.0,0.0003912900590360001,0.0003912900670596667,50,50,0.000391290059036,0.0
asymmetric,3,3,0,32,0.75,MA,0.6666666666666666,0.6666666666666666,0.6666666666666682,0.6666666666666682,0.000370954059259,0.00037095406728233335,50,50,0.00059888558675,0.0
asymmetric,3,3,0,32,0.75,MLE,0.6666666666666666,0.6666666666666666,0.6666666666666682,0.6666666666666682,0.0006199390294231133,0.00061993903613556,50,50,0.001567434843093,0.0
asymmetric,3,3,0,32,0.75,Minimax,0.0,0.0,0.0,0.0,0.0003912900590360001,0.0003912900670596667,50,50,0.000391290059036,0.0
asymmetric,3,3,0,32,1.0,A1,0.6666666666666666,0.6666666666666666,0.6666666666666682,0.6666666666666682,0.0003709540592586667,0.00037095406728233335,50,50,0.000598885586752,0.0
asymmetric,3,3,0,32,1.0,CVaR,0.0,1.0,0.0,1.000000000000002,0.0003912900590356667,0.0003912900670596667,50,50,0.00039129005903700004,0.0
asymmetric,3,3,0,32,1.0,Greedy,0.6666666666666666,0.6666666666666666,0.6666666666666682,0.6666666666666682,0.00039129006426133337,0.00039129007228500006,50,50,0.000391290098507,0.0
asymmetric,3,3,0,32,1.0,Hinge,0.0,1.0,0.0,1.000000000000002,0.0003912900584146667,0.0003912900664383334,50,50,0.00039129006197,0.0
asymmetric,3,3,0,32,1.0,LCRC,0.0,1.0,0.0,1.000000000000002,0.0003912900590360001,0.0003912900670596667,50,50,0.000391290059036,0.0
asymmetric,3,3,0,32,1.0,MA,0.6666666666666666,0.6666666666666666,0.6666666666666682,0.6666666666666682,0.000370954059259,0.00037095406728233335,50,50,0.00059888558675,0.0
asymmetric,3,3,0,32,1.0,MLE,0.6666666666666666,0.6666666666666666,0.6666666666666682,0.6666666666666682,0.0006199390294231133,0.00061993903613556,50,50,0.001567434843093,0.0
asymmetric,3,3,0,32,1.0,Minimax,0.0,1.0,0.0,1.000000000000002,0.0003912900590360001,0.0003912900670596667,50,50,0.000391290059036,0.0
asymmetric,3,3,0,256,0.25,A1,0.6666666666666666,0.6666666666666666,0.6666666666666301,0.6666666666666301,0.0004564868966601406,0.0004564869046837932,50,50,0.001173815679663,0.0
asymmetric,3,3,0,256,0.25,CVaR,0.0,0.0,0.0,0.0,0.0003912900590356667,0.0003912900670596667,50,50,0.00039129005903700004,0.0
asymmetric,3,3,0,256,0.25,Greedy,0.3333333333333333,0.3333333333333333,0.33333333333331505,0.33333333333331505,0.00040831298953925656,0.0004083129975631451,50,50,0.000907010598627,0.0
asymmetric,3,3,0,256,0.25,Hinge,0.0,0.0,0.0,0.0,0.00037095405926,0.00037095406728366665,50,50,0.0005988845776410001,0.0
asymmetric,3,3,0,256,0.25,LCRC,0.0,0.0,0.0,0.0,0.0003912900590360001,0.0003912900670596667,50,50,0.000391290059036,0.0
asymmetric,3,3,0,256,0.25,MA,0.0,0.0,0.0,0.0,0.000370954059259,0.00037095406728233335,50,50,0.00059888558675,0.0
asymmetric,3,3,0,256,0.25,MLE,0.3333333333333333,0.3333333333333333,0.33333333333331505,0.33333333333331505,0.0006199390294231133,0.00061993903613556,50,50,0.001567434843093,0.0
asymmetric,3,3,0,256,0.25,Minimax,0.0,0.0,0.0,0.0,0.0003912900590360001,0.0003912900670596667,50,50,0.000391290059036,0.0
asymmetric,3,3,0,256,0.5,A1,0.6666666666666666,0.6666666666666666,0.6666666666666301,0.6666666666666301,0.0003777936640996667,0.000377793672123,50,50,0.000742090954341,0.0
asymmetric,3,3,0,256,0.5,CVaR,0.0,0.0,0.0,0.0,0.0003912900590356667,0.0003912900670596667,50,50,0.00039129005903700004,0.0
asymmetric,3,3,0,256,0.5,Greedy,0.3333333333333333,0.3333333333333333,0.33333333333331505,0.33333333333331505,0.00037541026476133337,0.00037541027278466667,50,50,0.0006957460512700001,0.0
asymmetric,3,3,0,256,0.5,Hinge,0.0,0.0,0.0,0.0,0.00037095405934533333,0.000370954067369,50,50,0.0005988971674210001,0.0
asymmetric,3,3,0,256,0.5,LCRC,0.0,0.0,0.0,0.0,0.0003912900590360001,0.0003912900670596667,50,50,0.000391290059036,0.0
asymmetric,3,3,0,256,0.5,MA,0.0,0.0,0.0,0.0,0.000370954059259,0.00037095406728233335,50,50,0.00059888558675,0.0
asymmetric,3,3,0,256,0.5,MLE,0.3333333333333333,0.3333333333333333,0.33333333333331505,0.33333333333331505,0.0006199390294231133,0.00061993903613556,50,50,0.001567434843093,0.0
asymmetric,3,3,0,256,0.5,Minimax,0.0,0.0,0.0,0.0,0.0003912900590360001,0.0003912900670596667,50,50,0.000391290059036,0.0
asymmetric,3,3,0,256,0.75,A1,0.6666666666666666,0.6666666666666666,0.6666666666666301,0.6666666666666301,0.00037095405925900005,0.00037095406728266674,50,50,0.000598885586956,0.0
asymmetric,3,3,0,256,0.75,CVaR,0.0,0.0,0.0,0.0,0.0003912900590356667,0.0003912900670596667,50,50,0.00039129005903700004,0.0
asymmetric,3,3,0,256,0.75,Greedy,0.6666666666666666,0.6666666666666666,0.6666666666666301,0.6666666666666301,0.0003709540592586667,0.00037095406728266674,50,50,0.000598885586797,0.0
asymmetric,3,3,0,256,0.75,Hinge,0.0,0.6666666666666666,0.0,0.6666666666666301,0.0003728727471236667,0.00037287275514733334,50,50,0.000531683158484,0.0
asymmetric,3,3,0,256,0.75,LCRC,0.0,0.0,0.0,0.0,0.0003912900590360001,0.0003912900670596667,50,50,0.000391290059036,0.0
asymmetric,3,3,0,256,0.75,MA,0.6666666666666666,0.6666666666666666,0.6666666666666301,0.6666666666666301,0.000370954059259,0.00037095406728233335,50,50,0.00059888558675,0.0
asymmetric,3,3,0,256,0.75,MLE,0.6666666666666666,0.6666666666666666,0.6666666666666301,0.6666666666666301,0.0006199390294231133,0.00061993903613556,50,50,0.001567434843093,0.0
asymmetric,3,3,0,256,0.75,Minimax,0.0,0.0,0.0,0.0,0.0003912900590360001,0.0003912900670596667,50,50,0.000391290059036,0.0
asymmetric,3,3,0,256,1.0,A1,0.6666666666666666,0.6666666666666666,0.6666666666666301,0.6666666666666301,0.0003709540592586667,0.00037095406728233335,50,50,0.000598885586752,0.0
asymmetric,3,3,0,256,1.0,CVaR,0.0,1.0,0.0,0.999999999999945,0.0003912900590356667,0.0003912900670596667,50,50,0.00039129005903700004,0.0
asymmetric,3,3,0,256,1.0,Greedy,0.6666666666666666,0.6666666666666666,0.6666666666666301,0.6666666666666301,0.00039129006426133337,0.0003912900722853334,50,50,0.000391290098507,0.0
asymmetric,3,3,0,256,1.0,Hinge,0.0,0.6666666666666666,0.0,0.6666666666666301,0.0003912900580696667,0.000391290066093,50,50,0.00039129006342600005,0.0
asymmetric,3,3,0,256,1.0,LCRC,0.0,1.0,0.0,0.999999999999945,0.0003912900590360001,0.0003912900670596667,50,50,0.000391290059036,0.0
asymmetric,3,3,0,256,1.0,MA,0.6666666666666666,0.6666666666666666,0.6666666666666301,0.6666666666666301,0.000370954059259,0.00037095406728233335,50,50,0.00059888558675,0.0
asymmetric,3,3,0,256,1.0,MLE,0.6666666666666666,0.6666666666666666,0.6666666666666301,0.6666666666666301,0.0006199390294231133,0.00061993903613556,50,50,0.001567434843093,0.0
asymmetric,3,3,0,256,1.0,Minimax,0.0,1.0,0.0,0.999999999999945,0.0003912900590360001,0.0003912900670596667,50,50,0.000391290059036,0.0
asymmetric,3,3,1,32,0.25,A1,0.8419117647058824,0.8419117647058824,0.8123880740175217,0.8123880740175217,0.00023029090227790635,0.00023029091030154537,50,50,0.0011738156796628001,0.7058823529411765
asymmetric,3,3,1,32,0.25,CVaR,0.30514705882352944,0.30514705882352944,0.3162320441068198,0.3162320441068198,0.00024150741417097404,0.0002415074221945603,50,50,0.0004414213669348499,0.17647058823529413
asymmetric,3,3,1,32,0.25,Greedy,0.8210784313725489,0.8210784313725489,0.7892309025932825,0.7892309025932825,0.00019475791823162284,0.00019475792625524098,50,50,0.0009141336371166001,0.7647058823529411
asymmetric,3,3,1,32,0.25,Hinge,0.041666666666666664,0.5245098039215687,0.04158993714182846,0.5117291119047539,0.00023334194259887406,0.00023334195062259047,50,50,0.00085046177126845,0.0
asymmetric,3,3,1,32,0.25,LCRC,0.10171568627450982,0.10171568627450982,0.10108715004657089,0.10108715004657089,0.00035232902353606407,0.0003523290313093557,50,50,0.000391290059036,0.0
asymmetric,3,3,1,32,0.25,MA,0.5245098039215687,0.5245098039215687,0.5391801235033827,0.5391801235033827,0.00020715419057377982,0.0002071541985974415,50,50,0.0008951573193783999,0.35294117647058826
asymmetric,3,3,1,32,0.25,MLE,0.7806372549019608,0.7806372549019608,0.7313152557587776,0.7313152557587776,0.00023160044644280592,0.00023160045133233367,50,50,0.001567434843093,0.7647058823529411
asymmetric,3,3,1,32,0.25,Minimax,0.0,0.0,0.0,0.0,0.0003912900590360001,0.0003912900670596667,50,50,0.000391290059036,0.0
asymmetric,3,3,1,32,0.5,A1,0.8419117647058824,0.8419117647058824,0.8123880740175217,0.8123880740175217,0.0002090041897939253,0.00020900419781750732,50,50,0.0009404070335780497,0.7058823529411765
asymmetric,3,3,1,32,0.5,CVaR,0.4840686274509804,0.4840686274509804,0.47593061032805983,0.47593061032805983,0.00024150741417097404,0.0002415074221945603,50,50,0.0004414213669348499,0.35294117647058826
asymmetric,3,3,1,32,0.5,Greedy,0.8210784313725489,0.8210784313725489,0.7892309025932825,0.7892309025932825,0.00019630327914952188,0.00019630328717306595,50,50,0.0008951573193832,0.7647058823529411
asymmetric,3,3,1,32,0.5,Hinge,0.0625,0.6642156862745098,0.06187462363252938,0.6876923916618529,0.00027286343935551717,0.0002728634473791103,50,50,0.0006346494373442499,0.0
asymmetric,3,3,1,32,0.5,LCRC,0.10171568627450982,0.10171568627450982,0.10108715004657089,0.10108715004657089,0.00035232902353606407,0.0003523290313093557,50,50,0.000391290059036,0.0
asymmetric,3,3,1,32,0.5,MA,0.6446078431372549,0.6446078431372549,0.6806167887002516,0.6806167887002516,0.00020715419057377982,0.0002071541985974415,50,50,0.0008951573193783999,0.47058823529411764
asymmetric,3,3,1,32,0.5,MLE,0.7806372549019608,0.7806372549019608,0.7313152557587776,0.7313152557587776,0.00023160044644280592,0.00023160045133233367,50,50,0.001567434843093,0.7647058823529411
asymmetric,3,3,1,32,0.5,Minimax,0.0,0.0,0.0,0.0,0.0003912900590360001,0.0003912900670596667,50,50,0.000391290059036,0.0
asymmetric,3,3,1,32,0.75,A1,0.8419117647058824,0.8419117647058824,0.8123880740175217,0.8123880740175217,0.0002053509370781186,0.0002053509451017607,50,50,0.0008985209422375999,0.7058823529411765
asymmetric,3,3,1,32,0.75,CVaR,0.5857843137254902,0.5857843137254902,0.5824700682962335,0.5824700682962335,0.00024150741417097404,0.0002415074221945603,50,50,0.0004414213669348499,0.4117647058823529
asymmetric,3,3,1,32,0.75,Greedy,0.8615196078431372,0.8615196078431372,0.8062651887341884,0.8062651887341884,0.00020506950084323892,0.00020506950886687976,50,50,0.0008951573193986498,0.7647058823529411
asymmetric,3,3,1,32,0.75,Hinge,0.020833333333333332,0.7230392156862745,0.020781784926949876,0.7280928146520069,0.0003250598239668934,0.0003250598319904657,50,50,0.0004927658840149999,0.0
asymmetric,3,3,1,32,0.75,LCRC,0.10171568627450982,0.10171568627450982,0.10114749258217713,0.10114749258217713,0.00035232902353606407,0.0003523290313093557,50,50,0.000391290059036,0.0
asymmetric,3,3,1,32,0.75,MA,0.7830882352941178,0.7830882352941178,0.7549814531532316,0.7549814531532316,0.00020715419057377982,0.0002071541985974415,50,50,0.0008951573193783999,0.7058823529411765
asymmetric,3,3,1,32,0.75,MLE,0.8223039215686274,0.8223039215686274,0.7699705663772013,0.7699705663772013,0.00023160044644280592,0.00023160045133233367,50,50,0.001567434843093,0.7647058823529411
asymmetric,3,3,1,32,0.75,Minimax,0.0,0.0,0.0,0.0,0.0003912900590360001,0.0003912900670596667,50,50,0.000391290059036,0.0
asymmetric,3,3,1,32,1.0,A1,0.8615196078431372,0.8615196078431372,0.8153161876686941,0.8153161876686941,0.00020715419049361687,0.00020715419851718175,50,50,0.0008951573193811998,0.7647058823529411
asymmetric,3,3,1,32,1.0,CVaR,0.8627450980392157,0.9215686274509803,0.8604437619067382,0.9192672913185028,0.00024150741417097404,0.0002415074221945603,50,50,0.0004414213669348499,0.7058823529411765
asymmetric,3,3,1,32,1.0,Greedy,0.9203431372549019,0.9203431372549019,0.9398481926588197,0.9398481926588197,0.00030244377392215743,0.0003024437819457171,50,50,0.00046948904550114996,0.8823529411764706
asymmetric,3,3,1,32,1.0,Hinge,0.3002450980392157,0.9203431372549019,0.27883782420407266,0.9393148997709556,0.00039129004191987504,0.0003912900499435233,50,50,0.0003912900640673,0.17647058823529413
asymmetric,3,3,1,32,1.0,LCRC,0.25857843137254904,1.0,0.2569102302534551,0.9983317988809041,0.00035232902353606407,0.0003523290313093557,50,50,0.000391290059036,0.1875
asymmetric,3,3,1,32,1.0,MA,0.8615196078431372,0.8615196078431372,0.8153161876686941,0.8153161876686941,0.00020715419057377982,0.0002071541985974415,50,50,0.0008951573193783999,0.7647058823529411
asymmetric,3,3,1,32,1.0,MLE,0.8615196078431372,0.8615196078431372,0.8107666579176875,0.8107666579176875,0.00023160044644280592,0.00023160045133233367,50,50,0.001567434843093,0.7647058823529411
asymmetric,3,3,1,32,1.0,Minimax,0.0,1.0,0.0,0.9999999999999986,0.0003912900590360001,0.0003912900670596667,50,50,0.000391290059036,0.0
asymmetric,3,3,1,256,0.25,A1,0.8615196078431372,0.8615196078431372,0.7722566103084477,0.7722566103084477,0.00020534375633729374,0.000205343764360931,50,50,0.0011738156796477,0.7647058823529411
asymmetric,3,3,1,256,0.25,CVaR,0.3247549019607843,0.3247549019607843,0.3208515297283584,0.3208515297283584,0.00025326442685259223,0.0002532644348761964,50,50,0.00039129005923420004,0.11764705882352941
asymmetric,3,3,1,256,0.25,Greedy,0.7009803921568628,0.7009803921568628,0.7459812560606286,0.7459812560606286,0.00023517317995963138,0.00023517318798328444,50,50,0.0008590564586006001,0.5882352941176471
asymmetric,3,3,1,256,0.25,Hinge,0.020833333333333332,0.3848039215686274,0.020784253503751668,0.4361803497678241,0.00024164443105066853,0.0002416444390742741,50,50,0.0007845856773549499,0.0
asymmetric,3,3,1,256,0.25,LCRC,0.125,0.125,0.12355147117307837,0.12355147117307837,0.0003380138520765624,0.00033801385958049735,50,50,0.000391290059036,0.0
asymmetric,3,3,1,256,0.25,MA,0.3848039215686274,0.3848039215686274,0.4236438217416875,0.4236438217416875,0.00021153457526161673,0.00021153458328528483,50,50,0.0007847475245170998,0.11764705882352941
asymmetric,3,3,1,256,0.25,MLE,0.6605392156862745,0.6605392156862745,0.7149814368803805,0.7149814368803805,0.0003354076971182058,0.0003354077024894815,50,50,0.001567434843093,0.5294117647058824
asymmetric,3,3,1,256,0.25,Minimax,0.0,0.0,0.0,0.0,0.0003912900590360001,0.0003912900670596667,50,50,0.000391290059036,0.0
asymmetric,3,3,1,256,0.5,A1,0.8615196078431372,0.8615196078431372,0.7722566103084477,0.7722566103084477,0.00019639157782146808,0.0001963915858449875,50,50,0.0008328364676724,0.7647058823529411
asymmetric,3,3,1,256,0.5,CVaR,0.3651960784313726,0.3651960784313726,0.36294151517293183,0.36294151517293183,0.00025326442685259223,0.0002532644348761964,50,50,0.00039129005923420004,0.17647058823529413
asymmetric,3,3,1,256,0.5,Greedy,0.7009803921568628,0.7009803921568628,0.7459812560606286,0.7459812560606286,0.00022465929804883658,0.00022465930607238208,50,50,0.0007847475246031999,0.5882352941176471
asymmetric,3,3,1,256,0.5,Hinge,0.041666666666666664,0.5821078431372549,0.04090334218562056,0.5912858452844514,0.00027937168835258825,0.0002793716963761422,50,50,0.0006114726577546501,0.0
asymmetric,3,3,1,256,0.5,LCRC,0.125,0.125,0.12355147117307837,0.12355147117307837,0.0003380138520765624,0.00033801385958049735,50,50,0.000391290059036,0.0
asymmetric,3,3,1,256,0.5,MA,0.5821078431372549,0.5821078431372549,0.5967192633302012,0.5967192633302012,0.00021153457526161673,0.00021153458328528483,50,50,0.0007847475245170998,0.35294117647058826
asymmetric,3,3,1,256,0.5,MLE,0.6605392156862745,0.6605392156862745,0.7149814368803805,0.7149814368803805,0.0003354076971182058,0.0003354077024894815,50,50,0.001567434843093,0.5294117647058824
asymmetric,3,3,1,256,0.5,Minimax,0.0,0.0,0.0,0.0,0.0003912900590360001,0.0003912900670596667,50,50,0.000391290059036,0.0
asymmetric,3,3,1,256,0.75,A1,0.8615196078431372,0.8615196078431372,0.7722566103084477,0.7722566103084477,0.00020301055010251163,0.00020301055812619033,50,50,0.0007939122539891999,0.7647058823529411
asymmetric,3,3,1,256,0.75,CVaR,0.4044117647058824,0.4044117647058824,0.412363448902003,0.412363448902003,0.00025326442685259223,0.0002532644348761964,50,50,0.00039129005923420004,0.17647058823529413
asymmetric,3,3,1,256,0.75,Greedy,0.7414215686274509,0.7414215686274509,0.7574736522635991,0.7574736522635991,0.0002165210059967043,0.00021652101402033072,50,50,0.0007847475245195498,0.6470588235294118
asymmetric,3,3,1,256,0.75,Hinge,0.12377450980392157,0.6813725490196078,0.12087713848360714,0.6771428665738224,0.00033438764769770586,0.00033438765572127823,50,50,0.0004770983854394,0.0
asymmetric,3,3,1,256,0.75,LCRC,0.125,0.125,0.12355147117307837,0.12355147117307837,0.0003380138520765624,0.00033801385958049735,50,50,0.000391290059036,0.0
asymmetric,3,3,1,256,0.75,MA,0.7022058823529411,0.7022058823529411,0.6777055252694089,0.6777055252694089,0.00021153457526161673,0.00021153458328528483,50,50,0.0007847475245170998,0.5882352941176471
asymmetric,3,3,1,256,0.75,MLE,0.7230392156862745,0.7230392156862745,0.7412654112911561,0.7412654112911561,0.0003354076971182058,0.0003354077024894815,50,50,0.001567434843093,0.5294117647058824
asymmetric,3,3,1,256,0.75,Minimax,0.0,0.0,0.0,0.0,0.0003912900590360001,0.0003912900670596667,50,50,0.000391290059036,0.0
asymmetric,3,3,1,256,1.0,A1,0.8210784313725489,0.8210784313725489,0.7856846556110622,0.7856846556110622,0.00021153457527208549,0.0002115345832957928,50,50,0.0007847475245202998,0.7647058823529411
asymmetric,3,3,1,256,1.0,CVaR,0.8394607843137255,0.9595588235294118,0.8285885529204439,0.9486865921361284,0.00025326442685259223,0.0002532644348761964,50,50,0.00039129005923420004,0.7647058823529411
asymmetric,3,3,1,256,1.0,Greedy,0.8786764705882352,0.8786764705882352,0.9394264515666849,0.9394264515666849,0.0003225274705151015,0.00032252747853874956,50,50,0.0004738577082549,0.8125
asymmetric,3,3,1,256,1.0,Hinge,0.20343137254901963,0.8995098039215685,0.19790477928905847,0.9490174159055841,0.000391290034080549,0.000391290042104304,50,50,0.0003912900672441,0.11764705882352941
asymmetric,3,3,1,256,1.0,LCRC,0.41911764705882354,1.0,0.4168273289903684,0.9977096819315355,0.0003380138520765624,0.00033801385958049735,50,50,0.000391290059036,0.375
asymmetric,3,3,1,256,1.0,MA,0.8210784313725489,0.8210784313725489,0.7856846556110622,0.7856846556110622,0.00021153457526161673,0.00021153458328528483,50,50,0.0007847475245170998,0.7647058823529411
asymmetric,3,3,1,256,1.0,MLE,0.801470588235294,0.801470588235294,0.7706614284782534,0.7706614284782534,0.0003354076971182058,0.0003354077024894815,50,50,0.001567434843093,0.7647058823529411
asymmetric,3,3,1,256,1.0,Minimax,0.0,1.0,0.0,0.9999999999999892,0.0003912900590360001,0.0003912900670596667,50,50,0.000391290059036,0.0
asymmetric,3,3,3,32,0.25,A1,0.9411764705882352,0.9411764705882352,0.9229343588779614,0.9229343588779614,0.00011572248171850179,0.00011572248973937514,50,50,0.0004928336006580833,0.8823529411764706
asymmetric,3,3,3,32,0.25,CVaR,0.7426470588235294,0.7426470588235294,0.727933250069214,0.727933250069214,9.466505550188148e-05,9.466506345957333e-05,50,50,0.0003846135559333,0.6470588235294118
asymmetric,3,3,3,32,0.25,Greedy,0.9411764705882352,0.9411764705882352,0.9167452488248696,0.9167452488248696,8.957916608147085e-05,8.957917402073066e-05,50,50,0.0004928336006676443,0.8823529411764706
asymmetric,3,3,3,32,0.25,Hinge,0.3651960784313726,0.8419117647058822,0.3642527069972046,0.8348121594818605,0.0001416747245274868,0.00014167473255107189,50,50,0.0003517338685189996,0.11764705882352941
asymmetric,3,3,3,32,0.25,LCRC,0.5845588235294118,0.5845588235294118,0.581389327479935,0.581389327479935,0.0001606016929258815,0.00016060169866487285,50,50,0.000391290059036,0.47058823529411764
asymmetric,3,3,3,32,0.25,MA,0.8210784313725489,0.8210784313725489,0.8255580005118879,0.8255580005118879,7.087595613661188e-05,7.0875964075857e-05,50,50,0.00035173341950439955,0.7647058823529411
asymmetric,3,3,3,32,0.25,MLE,0.9007352941176471,0.9007352941176471,0.8935636093667672,0.8935636093667672,0.00010387430658656858,0.00010387431099392267,50,50,0.0009503659405381969,0.8823529411764706
asymmetric,3,3,3,32,0.25,Minimax,0.0,0.0,0.0,0.0,0.0003912900590360001,0.0003912900670596667,50,50,0.000391290059036,0.0
asymmetric,3,3,3,32,0.5,A1,0.9411764705882352,0.9411764705882352,0.9229343588779614,0.9229343588779614,8.434440884033934e-05,8.434441686121707e-05,50,50,0.0004213450262362989,0.8823529411764706
asymmetric,3,3,3,32,0.5,CVaR,0.8223039215686274,0.8223039215686274,0.8169557487386262,0.8169557487386262,9.466505550188148e-05,9.466506345957333e-05,50,50,0.0003846135559333,0.7058823529411765
asymmetric,3,3,3,32,0.5,Greedy,0.9411764705882352,0.9411764705882352,0.9167452488248696,0.9167452488248696,7.757865241365963e-05,7.757866035290423e-05,50,50,0.00041800803216709894,0.8823529411764706
asymmetric,3,3,3,32,0.5,Hinge,0.36642156862745096,0.8811274509803922,0.36567123624930814,0.862908407067108,0.00021881024899838482,0.00021881025702203435,50,50,0.00035173530958484956,0.17647058823529413
asymmetric,3,3,3,32,0.5,LCRC,0.5845588235294118,0.5845588235294118,0.581389327479935,0.581389327479935,0.0001606016929258815,0.00016060169866487285,50,50,0.000391290059036,0.47058823529411764
asymmetric,3,3,3,32,0.5,MA,0.8811274509803922,0.8811274509803922,0.8617891258063214,0.8617891258063214,7.087595613661188e-05,7.0875964075857e-05,50,50,0.00035173341950439955,0.7647058823529411
asymmetric,3,3,3,32,0.5,MLE,0.9007352941176471,0.9007352941176471,0.8935636093667672,0.8935636093667672,0.00010387430658656858,0.00010387431099392267,50,50,0.0009503659405381969,0.8823529411764706
asymmetric,3,3,3,32,0.5,Minimax,0.0,0.0,0.0,0.0,0.0003912900590360001,0.0003912900670596667,50,50,0.000391290059036,0.0
asymmetric,3,3,3,32,0.75,A1,0.9411764705882352,0.9411764705882352,0.9229343588779614,0.9229343588779614,7.460588454733365e-05,7.460589256819178e-05,50,50,0.00037307889432464943,0.8823529411764706
asymmetric,3,3,3,32,0.75,CVaR,0.8419117647058824,0.8419117647058824,0.8339909349459295,0.8339909349459295,9.466505550188148e-05,9.466506345957333e-05,50,50,0.0003846135559333,0.7058823529411765
asymmetric,3,3,3,32,0.75,Greedy,0.9411764705882352,0.9411764705882352,0.917392545069618,0.917392545069618,7.184615222684786e-05,7.184616016609305e-05,50,50,0.00037307889432464943,0.8823529411764706
asymmetric,3,3,3,32,0.75,Hinge,0.42401960784313725,0.9411764705882352,0.42109535116792124,0.9064730547099838,0.000303595727561826,0.00030359573558544,50,50,0.0003670767810937496,0.23529411764705882
asymmetric,3,3,3,32,0.75,LCRC,0.5845588235294118,0.5845588235294118,0.5816639149611501,0.5816639149611501,0.0001606016929258815,0.00016060169866487285,50,50,0.000391290059036,0.47058823529411764
asymmetric,3,3,3,32,0.75,MA,0.9411764705882352,0.9411764705882352,0.9063839622850839,0.9063839622850839,7.087595613661188e-05,7.0875964075857e-05,50,50,0.00035173341950439955,0.8823529411764706
asymmetric,3,3,3,32,0.75,MLE,0.9215686274509803,0.9215686274509803,0.911600493271655,0.911600493271655,0.00010387430658656858,0.00010387431099392267,50,50,0.0009503659405381969,0.8823529411764706
asymmetric,3,3,3,32,0.75,Minimax,0.0,0.0,0.0,0.0,0.0003912900590360001,0.0003912900670596667,50,50,0.000391290059036,0.0
asymmetric,3,3,3,32,1.0,A1,0.9411764705882352,0.9411764705882352,0.9224106648634193,0.9224106648634193,7.087595613697844e-05,7.087596407618411e-05,50,50,0.0003517334195364996,0.8823529411764706
asymmetric,3,3,3,32,1.0,CVaR,0.9399509803921569,0.9803921568627452,0.9319455775777638,0.9723867540483525,9.466505550188148e-05,9.466506345957333e-05,50,50,0.0003846135559333,0.8823529411764706
asymmetric,3,3,3,32,1.0,Greedy,0.9803921568627452,0.9803921568627452,0.9814403025765633,0.9814403025765633,0.0002873892250469838,0.0002873892330705619,50,50,0.000381179185178,0.9411764705882353
asymmetric,3,3,3,32,1.0,Hinge,0.6629901960784313,0.9803921568627452,0.6605528257170171,0.9814565191989084,0.00039118352652494124,0.00039118353454857475,50,50,0.00039129005526055,0.5294117647058824
asymmetric,3,3,3,32,1.0,LCRC,0.8198529411764706,1.0,0.8169803384829671,0.9971273973064966,0.0001606016929258815,0.00016060169866487285,50,50,0.000391290059036,0.7647058823529411
asymmetric,3,3,3,32,1.0,MA,0.9411764705882352,0.9411764705882352,0.9224106648634193,0.9224106648634193,7.087595613661188e-05,7.0875964075857e-05,50,50,0.00035173341950439955,0.8823529411764706
asymmetric,3,3,3,32,1.0,MLE,0.9411764705882352,0.9411764705882352,0.9229343588779614,0.9229343588779614,0.00010387430658656858,0.00010387431099392267,50,50,0.0009503659405381969,0.8823529411764706
asymmetric,3,3,3,32,1.0,Minimax,0.0,1.0,0.0,0.9999999999999934,0.0003912900590360001,0.0003912900670596667,50,50,0.000391290059036,0.0
asymmetric,3,3,3,256,0.25,A1,0.8431372549019608,0.8431372549019608,0.8997723550469804,0.8997723550469804,0.00021335007845047285,0.0002133500864740657,50,50,0.0011738156797212501,0.7058823529411765
asymmetric,3,3,3,256,0.25,CVaR,0.6642156862745098,0.6642156862745098,0.6633304333482383,0.6633304333482383,0.00013452727367134143,0.0001345272815926146,50,50,0.0003847854592218,0.5294117647058824
asymmetric,3,3,3,256,0.25,Greedy,0.8431372549019608,0.8431372549019608,0.8922853405816781,0.8922853405816781,0.0001796543125408068,0.00017965432056439966,50,50,0.000866395719323,0.7058823529411765
asymmetric,3,3,3,256,0.25,Hinge,0.20710784313725492,0.7830882352941178,0.20666167089370815,0.7802590745360578,0.00019161694000357433,0.00019161694802717418,50,50,0.0007123223598801496,0.0
asymmetric,3,3,3,256,0.25,LCRC,0.4264705882352941,0.4264705882352941,0.44292015244067867,0.44292015244067867,0.0002487868645148429,0.0002487868712184354,50,50,0.000391290059036,0.17647058823529413
asymmetric,3,3,3,256,0.25,MA,0.7830882352941178,0.7830882352941178,0.7678695620858057,0.7678695620858057,0.000136466625698617,0.00013646663356517666,50,50,0.0007123242127500496,0.7058823529411765
asymmetric,3,3,3,256,0.25,MLE,0.8431372549019608,0.8431372549019608,0.8749341216005693,0.8749341216005693,0.0002391180401863735,0.0002391180448162568,50,50,0.001567434843093,0.7058823529411765
asymmetric,3,3,3,256,0.25,Minimax,0.0,0.0,0.0,0.0,0.0003912900590360001,0.0003912900670596667,50,50,0.000391290059036,0.0
asymmetric,3,3,3,256,0.5,A1,0.8431372549019608,0.8431372549019608,0.8997723550469804,0.8997723550469804,0.00015706085329336838,0.00015706086131698135,50,50,0.0008430689240694499,0.7058823529411765
asymmetric,3,3,3,256,0.5,CVaR,0.7634803921568628,0.7634803921568628,0.7515898017531436,0.7515898017531436,0.00013452727367134143,0.0001345272815926146,50,50,0.0003847854592218,0.6470588235294118
asymmetric,3,3,3,256,0.5,Greedy,0.8431372549019608,0.8431372549019608,0.8922853405816781,0.8922853405816781,0.00014609129569211193,0.0001460913037157118,50,50,0.0007152710252811996,0.7058823529411765
asymmetric,3,3,3,256,0.5,Hinge,0.2450980392156863,0.8026960784313726,0.24368611201963644,0.8114217575189397,0.00025875653473452696,0.00025875654275820103,50,50,0.00062365288219205,0.11764705882352941
asymmetric,3,3,3,256,0.5,LCRC,0.4264705882352941,0.4264705882352941,0.44292015244067867,0.44292015244067867,0.0002487868645148429,0.0002487868712184354,50,50,0.000391290059036,0.17647058823529413
asymmetric,3,3,3,256,0.5,MA,0.8026960784313726,0.8026960784313726,0.8046486062368449,0.8046486062368449,0.000136466625698617,0.00013646663356517666,50,50,0.0007123242127500496,0.7058823529411765
asymmetric,3,3,3,256,0.5,MLE,0.8431372549019608,0.8431372549019608,0.8749341216005693,0.8749341216005693,0.0002391180401863735,0.0002391180448162568,50,50,0.001567434843093,0.7058823529411765
asymmetric,3,3,3,256,0.5,Minimax,0.0,0.0,0.0,0.0,0.0003912900590360001,0.0003912900670596667,50,50,0.000391290059036,0.0
asymmetric,3,3,3,256,0.75,A1,0.8431372549019608,0.8431372549019608,0.8997723550469804,0.8997723550469804,0.0001388736926639958,0.00013887370068763486,50,50,0.0007437586490751998,0.7058823529411765
asymmetric,3,3,3,256,0.75,CVaR,0.7830882352941178,0.7830882352941178,0.7845980875770517,0.7845980875770517,0.00013452727367134143,0.0001345272815926146,50,50,0.0003847854592218,0.7058823529411765
asymmetric,3,3,3,256,0.75,Greedy,0.8431372549019608,0.8431372549019608,0.8977710460613225,0.8977710460613225,0.00013750201697865648,0.0001375020250023164,50,50,0.0007123242127880496,0.7058823529411765
asymmetric,3,3,3,256,0.75,Hinge,0.20343137254901963,0.8431372549019608,0.22174427314737888,0.8597745488949472,0.0003221970134632623,0.00032219702148691666,50,50,0.00047372255668335007,0.11764705882352941
asymmetric,3,3,3,256,0.75,LCRC,0.4264705882352941,0.4264705882352941,0.4431166739205786,0.4431166739205786,0.0002487868645148429,0.0002487868712184354,50,50,0.000391290059036,0.17647058823529413
asymmetric,3,3,3,256,0.75,MA,0.8431372549019608,0.8431372549019608,0.8751367526837378,0.8751367526837378,0.000136466625698617,0.00013646663356517666,50,50,0.0007123242127500496,0.7058823529411765
asymmetric,3,3,3,256,0.75,MLE,0.8431372549019608,0.8431372549019608,0.8860898291216506,0.8860898291216506,0.0002391180401863735,0.0002391180448162568,50,50,0.001567434843093,0.7058823529411765
asymmetric,3,3,3,256,0.75,Minimax,0.0,0.0,0.0,0.0,0.0003912900590360001,0.0003912900670596667,50,50,0.000391290059036,0.0
asymmetric,3,3,3,256,1.0,A1,0.8431372549019608,0.8431372549019608,0.8982209724547938,0.8982209724547938,0.00013646662570135115,0.0001364666335679287,50,50,0.0007123242127634996,0.7058823529411765
asymmetric,3,3,3,256,1.0,CVaR,0.9411764705882352,0.9607843137254902,0.9436390451124889,0.9632468882497408,0.00013452727367134143,0.0001345272815926146,50,50,0.0003847854592218,0.8235294117647058
asymmetric,3,3,3,256,1.0,Greedy,0.9803921568627452,0.9803921568627452,0.986603483864542,0.986603483864542,0.0002695703073398405,0.0002695703152063915,50,50,0.000391290047379,0.9411764705882353
asymmetric,3,3,3,256,1.0,Hinge,0.6421568627450981,0.9607843137254902,0.6536148308931077,0.9824890463811501,0.0003912463671677415,0.00039124637519137383,50,50,0.00039129005525295003,0.47058823529411764
asymmetric,3,3,3,256,1.0,LCRC,0.8210784313725489,0.9803921568627452,0.8371274181723725,0.9964411436625754,0.0002487868645148429,0.0002487868712184354,50,50,0.000391290059036,0.7647058823529411
asymmetric,3,3,3,256,1.0,MA,0.8431372549019608,0.8431372549019608,0.8982209724547938,0.8982209724547938,0.000136466625698617,0.00013646663356517666,50,50,0.0007123242127500496,0.7058823529411765
asymmetric,3,3,3,256,1.0,MLE,0.8431372549019608,0.8431372549019608,0.8997723550469804,0.8997723550469804,0.0002391180401863735,0.0002391180448162568,50,50,0.001567434843093,0.7058823529411765
asymmetric,3,3,3,256,1.0,Minimax,0.0,1.0,0.0,1.0000000000000153,0.0003912900590360001,0.0003912900670596667,50,50,0.000391290059036,0.0
asymmetric,3,3,6,32,0.25,A1,0.9607843137254902,0.9607843137254902,0.9659941018256051,0.9659941018256051,8.327296422588522e-05,8.327297202038321e-05,50,50,9.782250592352272e-05,0.9411764705882353
asymmetric,3,3,6,32,0.25,CVaR,0.9019607843137255,0.9019607843137255,0.8975731525801244,0.8975731525801244,3.424892720048915e-05,3.424893433468814e-05,50,50,0.00037652109102455,0.7647058823529411
asymmetric,3,3,6,32,0.25,Greedy,0.9607843137254902,0.9607843137254902,0.964039286002999,0.964039286002999,5.3097412571224786e-05,5.309742002003972e-05,50,50,9.782250592352272e-05,0.9411764705882353
asymmetric,3,3,6,32,0.25,Hinge,0.5098039215686274,0.9215686274509803,0.5091946873335661,0.9139233854225406,0.0001225669875992148,0.00012256699562281068,50,50,0.00016097443263625,0.23529411764705882
asymmetric,3,3,6,32,0.25,LCRC,0.8627450980392156,0.8627450980392156,0.8604487867212353,0.8604487867212353,5.225149879576534e-05,5.225150334831498e-05,50,50,0.00037644922869700003,0.7647058823529411
asymmetric,3,3,6,32,0.25,MA,0.9215686274509803,0.9215686274509803,0.9137913785248633,0.9137913785248633,3.359248097930021e-05,3.35924879425832e-05,50,50,0.00016097595320609999,0.8235294117647058
asymmetric,3,3,6,32,0.25,MLE,0.9607843137254902,0.9607843137254902,0.9637022082423788,0.9637022082423788,5.921667176740517e-05,5.921667593369269e-05,50,50,4.1581460497042144e-12,0.9411764705882353
asymmetric,3,3,6,32,0.25,Minimax,0.0,0.0,0.0,0.0,0.0003912900590360001,0.0003912900670596667,50,50,0.000391290059036,0.0
asymmetric,3,3,6,32,0.5,A1,0.9607843137254902,0.9607843137254902,0.9659941018256051,0.9659941018256051,4.497783253299586e-05,4.49778403274962e-05,50,50,0.0001609759531335,0.9411764705882353
asymmetric,3,3,6,32,0.5,CVaR,0.9215686274509803,0.9215686274509803,0.9137913785248633,0.9137913785248633,3.424892720048915e-05,3.424893433468814e-05,50,50,0.00037652109102455,0.8235294117647058
asymmetric,3,3,6,32,0.5,Greedy,0.9607843137254902,0.9607843137254902,0.964039286002999,0.964039286002999,3.7464205854883106e-05,3.746421330371861e-05,50,50,0.0001609759531335,0.9411764705882353
asymmetric,3,3,6,32,0.5,Hinge,0.5465686274509803,0.9607843137254902,0.5462656295153716,0.964039286002999,0.000212030110019663,0.00021203011804335663,50,50,0.00019564502950385003,0.35294117647058826
asymmetric,3,3,6,32,0.5,LCRC,0.8627450980392156,0.8627450980392156,0.8604487867212353,0.8604487867212353,5.225149879576534e-05,5.225150334831498e-05,50,50,0.00037644922869700003,0.7647058823529411
asymmetric,3,3,6,32,0.5,MA,0.9607843137254902,0.9607843137254902,0.9637022082423788,0.9637022082423788,3.359248097930021e-05,3.35924879425832e-05,50,50,0.00016097595320609999,0.9411764705882353
asymmetric,3,3,6,32,0.5,MLE,0.9607843137254902,0.9607843137254902,0.9637022082423788,0.9637022082423788,5.921667176740517e-05,5.921667593369269e-05,50,50,4.1581460497042144e-12,0.9411764705882353
asymmetric,3,3,6,32,0.5,Minimax,0.0,0.0,0.0,0.0,0.0003912900590360001,0.0003912900670596667,50,50,0.000391290059036,0.0
asymmetric,3,3,6,32,0.75,A1,0.9607843137254902,0.9607843137254902,0.9659941018256051,0.9659941018256051,3.432055957561798e-05,3.432056728344773e-05,50,50,0.00016097595319119998,0.9411764705882353
asymmetric,3,3,6,32,0.75,CVaR,0.9215686274509803,0.9215686274509803,0.9139690698488646,0.9139690698488646,3.424892720048915e-05,3.424893433468814e-05,50,50,0.00037652109102455,0.8235294117647058
asymmetric,3,3,6,32,0.75,Greedy,0.9607843137254902,0.9607843137254902,0.9642095027732527,0.9642095027732527,3.3857960327279955e-05,3.385796777546845e-05,50,50,0.00016097595319119998,0.9411764705882353
asymmetric,3,3,6,32,0.75,Hinge,0.6066176470588235,0.9607843137254902,0.6061385914175969,0.964039286002999,0.00030031272209365197,0.0003003127301172868,50,50,0.000293467541434,0.29411764705882354
asymmetric,3,3,6,32,0.75,LCRC,0.8627450980392156,0.8627450980392156,0.8604575088663723,0.8604575088663723,5.225149879576534e-05,5.225150334831498e-05,50,50,0.00037644922869700003,0.7647058823529411
asymmetric,3,3,6,32,0.75,MA,0.9607843137254902,0.9607843137254902,0.96387989956638,0.96387989956638,3.359248097930021e-05,3.35924879425832e-05,50,50,0.00016097595320609999,0.9411764705882353
asymmetric,3,3,6,32,0.75,MLE,0.9607843137254902,0.9607843137254902,0.9656643629237189,0.9656643629237189,5.921667176740517e-05,5.921667593369269e-05,50,50,4.1581460497042144e-12,0.9411764705882353
asymmetric,3,3,6,32,0.75,Minimax,0.0,0.0,0.0,0.0,0.0003912900590360001,0.0003912900670596667,50,50,0.000391290059036,0.0
asymmetric,3,3,6,32,1.0,A1,0.9607843137254902,0.9607843137254902,0.9659941018256051,0.9659941018256051,3.359248097951571e-05,3.359248794280012e-05,50,50,0.00016097595319785002,0.9411764705882353
asymmetric,3,3,6,32,1.0,CVaR,0.9803921568627452,1.0,0.9711199534610812,0.9907277965983372,3.424892720048915e-05,3.424893433468814e-05,50,50,0.00037652109102455,0.9411764705882353
asymmetric,3,3,6,32,1.0,Greedy,1.0,1.0,0.9943822833593186,0.9943822833593186,0.0002687144891529486,0.0002687144966909924,50,50,0.00036244159920335005,1.0
asymmetric,3,3,6,32,1.0,Hinge,0.9411764705882352,1.0,0.9552519748510456,0.994382282481606,0.0003897410982459167,0.00038974110626950983,50,50,0.00039129005140020004,0.8823529411764706
asymmetric,3,3,6,32,1.0,LCRC,0.9607843137254902,1.0,0.9584395289308995,0.9976552152054103,5.225149879576534e-05,5.225150334831498e-05,50,50,0.00037644922869700003,0.8823529411764706
asymmetric,3,3,6,32,1.0,MA,0.9607843137254902,0.9607843137254902,0.9659941018256051,0.9659941018256051,3.359248097930021e-05,3.35924879425832e-05,50,50,0.00016097595320609999,0.9411764705882353
asymmetric,3,3,6,32,1.0,MLE,0.9607843137254902,0.9607843137254902,0.9659941018256051,0.9659941018256051,5.921667176740517e-05,5.921667593369269e-05,50,50,4.1581460497042144e-12,0.9411764705882353
asymmetric,3,3,6,32,1.0,Minimax,0.0,1.0,0.0,1.0000000000000113,0.0003912900590360001,0.0003912900670596667,50,50,0.000391290059036,0.0
asymmetric,3,3,6,256,0.25,A1,0.9607843137254902,0.9607843137254902,0.978613257312349,0.978613257312349,8.580595101154955e-05,8.580595856545234e-05,50,50,8.311007749330001e-05,0.8823529411764706
asymmetric,3,3,6,256,0.25,CVaR,0.9411764705882352,0.9411764705882352,0.9503232456250504,0.9503232456250504,4.4142846059845235e-05,4.414285262285511e-05,50,50,0.0002227559593949765,0.8823529411764706
asymmetric,3,3,6,256,0.25,Greedy,0.9607843137254902,0.9607843137254902,0.9785530459909954,0.9785530459909954,6.304562683345864e-05,6.304563398292934e-05,50,50,8.174205795154617e-05,0.8823529411764706
asymmetric,3,3,6,256,0.25,Hinge,0.5465686274509803,0.9411764705882352,0.5459824386322606,0.9671569173654614,0.0001288394666014602,0.00012883947462509845,50,50,0.0001856432381089143,0.23529411764705882
asymmetric,3,3,6,256,0.25,LCRC,0.7647058823529411,0.7647058823529411,0.7630399725555174,0.7630399725555174,8.886728886336078e-05,8.886729380217259e-05,50,50,0.00037644922869700003,0.5882352941176471
asymmetric,3,3,6,256,0.25,MA,0.9411764705882352,0.9411764705882352,0.9670909098233674,0.9670909098233674,5.0775907867006217e-05,5.07759142496778e-05,50,50,0.00014559992872522284,0.8823529411764706
asymmetric,3,3,6,256,0.25,MLE,0.9607843137254902,0.9607843137254902,0.9783850027064611,0.9783850027064611,5.6965306615182504e-05,5.6965310781266974e-05,50,50,4.1581460497042144e-12,0.8823529411764706
asymmetric,3,3,6,256,0.25,Minimax,0.0,0.0,0.0,0.0,0.0003912900590360001,0.0003912900670596667,50,50,0.000391290059036,0.0
asymmetric,3,3,6,256,0.5,A1,0.9607843137254902,0.9607843137254902,0.978613257312349,0.978613257312349,5.828531893214451e-05,5.8285326486027255e-05,50,50,0.0001159412527518659,0.8823529411764706
asymmetric,3,3,6,256,0.5,CVaR,0.9411764705882352,0.9411764705882352,0.9670909098233674,0.9670909098233674,4.4142846059845235e-05,4.414285262285511e-05,50,50,0.0002227559593949765,0.8823529411764706
asymmetric,3,3,6,256,0.5,Greedy,0.9607843137254902,0.9607843137254902,0.9785530459909954,0.9785530459909954,5.356041711201931e-05,5.356042426147109e-05,50,50,0.00011502571534301173,0.8823529411764706
asymmetric,3,3,6,256,0.5,Hinge,0.6066176470588235,0.9411764705882352,0.6056969731912631,0.967157382904911,0.0002122044964087868,0.00021220450443254046,50,50,0.00022966444034214984,0.35294117647058826
asymmetric,3,3,6,256,0.5,LCRC,0.7647058823529411,0.7647058823529411,0.7630399725555174,0.7630399725555174,8.886728886336078e-05,8.886729380217259e-05,50,50,0.00037644922869700003,0.5882352941176471
asymmetric,3,3,6,256,0.5,MA,0.9411764705882352,0.9411764705882352,0.9670909098233674,0.9670909098233674,5.0775907867006217e-05,5.07759142496778e-05,50,50,0.00014559992872522284,0.8823529411764706
asymmetric,3,3,6,256,0.5,MLE,0.9607843137254902,0.9607843137254902,0.9783850027064611,0.9783850027064611,5.6965306615182504e-05,5.6965310781266974e-05,50,50,4.1581460497042144e-12,0.8823529411764706
asymmetric,3,3,6,256,0.5,Minimax,0.0,0.0,0.0,0.0,0.0003912900590360001,0.0003912900670596667,50,50,0.000391290059036,0.0
asymmetric,3,3,6,256,0.75,A1,0.9607843137254902,0.9607843137254902,0.978613257312349,0.978613257312349,5.1202008928163597e-05,5.1202016337497214e-05,50,50,0.00014559992872067296,0.8823529411764706
asymmetric,3,3,6,256,0.75,CVaR,0.9411764705882352,0.9411764705882352,0.9672356838040784,0.9672356838040784,4.4142846059845235e-05,4.414285262285511e-05,50,50,0.0002227559593949765,0.8823529411764706
asymmetric,3,3,6,256,0.75,Greedy,0.9607843137254902,0.9607843137254902,0.978597668750606,0.978597668750606,5.106886423701306e-05,5.106887138646316e-05,50,50,0.00014559992872077287,0.8823529411764706
asymmetric,3,3,6,256,0.75,Hinge,0.6078431372549019,0.9607843137254902,0.6073668709340496,0.978551627009105,0.0002999594284411765,0.00029995943646473044,50,50,0.00029346754207035003,0.29411764705882354
asymmetric,3,3,6,256,0.75,LCRC,0.7647058823529411,0.7647058823529411,0.763161492742575,0.763161492742575,8.886728886336078e-05,8.886729380217259e-05,50,50,0.00037644922869700003,0.5882352941176471
asymmetric,3,3,6,256,0.75,MA,0.9607843137254902,0.9607843137254902,0.9785297766871722,0.9785297766871722,5.0775907867006217e-05,5.07759142496778e-05,50,50,0.00014559992872522284,0.8823529411764706
asymmetric,3,3,6,256,0.75,MLE,0.9607843137254902,0.9607843137254902,0.9785297766871722,0.9785297766871722,5.6965306615182504e-05,5.6965310781266974e-05,50,50,4.1581460497042144e-12,0.8823529411764706
asymmetric,3,3,6,256,0.75,Minimax,0.0,0.0,0.0,0.0,0.0003912900590360001,0.0003912900670596667,50,50,0.000391290059036,0.0
asymmetric,3,3,6,256,1.0,A1,0.9607843137254902,0.9607843137254902,0.978613257312349,0.978613257312349,5.077590786693021e-05,5.07759142496194e-05,50,50,0.00014559992872392302,0.8823529411764706
asymmetric,3,3,6,256,1.0,CVaR,0.9607843137254902,0.9607843137254902,0.9869266134675053,0.9869266134675053,4.4142846059845235e-05,4.414285262285511e-05,50,50,0.0002227559593949765,0.8823529411764706
asymmetric,3,3,6,256,1.0,Greedy,1.0,1.0,0.9992375088438116,0.9992375088438116,0.0002695039750635395,0.0002695039823202924,50,50,0.0003624352119902,1.0
asymmetric,3,3,6,256,1.0,Hinge,0.9215686274509803,1.0,0.9206280894586777,0.9992375088418487,0.000388769431256288,0.00038876943927986153,50,50,0.00039129005291265004,0.8235294117647058
asymmetric,3,3,6,256,1.0,LCRC,0.9803921568627452,1.0,0.9787951471029507,0.9984029902402068,8.886728886336078e-05,8.886729380217259e-05,50,50,0.00037644922869700003,0.9411764705882353
asymmetric,3,3,6,256,1.0,MA,0.9607843137254902,0.9607843137254902,0.978613257312349,0.978613257312349,5.0775907867006217e-05,5.07759142496778e-05,50,50,0.00014559992872522284,0.8823529411764706
asymmetric,3,3,6,256,1.0,MLE,0.9607843137254902,0.9607843137254902,0.978613257312349,0.978613257312349,5.6965306615182504e-05,5.6965310781266974e-05,50,50,4.1581460497042144e-12,0.8823529411764706
asymmetric,3,3,6,256,1.0,Minimax,0.0,1.0,0.0,1.0000000000000087,0.0003912900590360001,0.0003912900670596667,50,50,0.000391290059036,0.0
asymmetric,3,6,0,32,0.25,A1,0.6666666666666666,0.6666666666666666,0.6666666666666671,0.6666666666666671,0.0011666168522850436,0.0011666168602301262,50,50,0.0033959693056470003,0.0
asymmetric,3,6,0,32,0.25,CVaR,0.0,0.0,0.0,0.0,0.0010725096234120001,0.0010725096313571668,50,50,0.0022333612323850002,0.0
asymmetric,3,6,0,32,0.25,Greedy,0.6666666666666666,0.6666666666666666,0.6666666666666671,0.6666666666666671,0.0011666169298800981,0.0011666169378250141,50,50,0.0033959712414290003,0.0
asymmetric,3,6,0,32,0.25,Hinge,0.3333333333333333,0.3333333333333333,0.33333333333333304,0.33333333333333304,0.0009792263336126667,0.0009792263415578334,50,50,0.001746875927604,0.0
asymmetric,3,6,0,32,0.25,LCRC,0.3333333333333333,0.3333333333333333,0.33333333333333304,0.33333333333333304,0.0009592432345130001,0.0009592432424578335,50,50,0.001616310280187,0.0
asymmetric,3,6,0,32,0.25,MA,0.5,0.5,0.5,0.5,0.0009417114194001669,0.0009417114273451668,50,50,0.0019486575912340002,0.0
asymmetric,3,6,0,32,0.25,MLE,0.3333333333333333,0.3333333333333333,0.33333333333333304,0.33333333333333304,0.0021097177765496814,0.0021097177838391968,50,50,0.005829392499434,0.0
asymmetric,3,6,0,32,0.25,Minimax,0.3333333333333333,0.3333333333333333,0.33333333333333304,0.33333333333333304,0.0009592432345130001,0.0009592432424578335,50,50,0.001616310280187,0.0
asymmetric,3,6,0,32,0.5,A1,0.6666666666666666,0.6666666666666666,0.6666666666666671,0.6666666666666671,0.0009914587952437367,0.0009914588031889361,50,50,0.002579572981453,0.0
asymmetric,3,6,0,32,0.5,CVaR,0.3333333333333333,0.3333333333333333,0.33333333333333304,0.33333333333333304,0.0010725096234120001,0.0010725096313571668,50,50,0.0022333612323850002,0.0
asymmetric,3,6,0,32,0.5,Greedy,0.6666666666666666,0.6666666666666666,0.6666666666666671,0.6666666666666671,0.0009914587952434626,0.0009914588031886622,50,50,0.0025795729800420003,0.0
asymmetric,3,6,0,32,0.5,Hinge,0.3333333333333333,0.5,0.33333333333333304,0.5,0.0010267127808625,0.0010267127888073334,50,50,0.0020202916395830003,0.0
asymmetric,3,6,0,32,0.5,LCRC,0.5,0.5,0.5,0.5,0.0009592432345130001,0.0009592432424578335,50,50,0.001616310280187,0.0
asymmetric,3,6,0,32,0.5,MA,0.5,0.5,0.5,0.5,0.0009417114194001669,0.0009417114273451668,50,50,0.0019486575912340002,0.0
asymmetric,3,6,0,32,0.5,MLE,0.6666666666666666,0.6666666666666666,0.6666666666666671,0.6666666666666671,0.0021097177765496814,0.0021097177838391968,50,50,0.005829392499434,0.0
asymmetric,3,6,0,32,0.5,Minimax,0.5,0.5,0.5,0.5,0.0009592432345130001,0.0009592432424578335,50,50,0.001616310280187,0.0
asymmetric,3,6,0,32,0.75,A1,0.8333333333333334,0.8333333333333334,0.833333333333333,0.833333333333333,0.0010396819746613334,0.0010396819826065,50,50,0.0021341180084710003,0.0
asymmetric,3,6,0,32,0.75,CVaR,0.8333333333333334,0.8333333333333334,0.833333333333333,0.833333333333333,0.0010725096234120001,0.0010725096313571668,50,50,0.0022333612323850002,0.0
asymmetric,3,6,0,32,0.75,Greedy,0.6666666666666666,0.6666666666666666,0.6666666666666671,0.6666666666666671,0.0009426291860125001,0.0009426291939575001,50,50,0.0020291655550770003,0.0
asymmetric,3,6,0,32,0.75,Hinge,0.5,0.6666666666666666,0.5,0.6666666666666671,0.0009939918634206668,0.0009939918713658335,50,50,0.001861491931587,0.0
asymmetric,3,6,0,32,0.75,LCRC,0.5,0.5,0.5,0.5,0.0009592432345130001,0.0009592432424578335,50,50,0.001616310280187,0.0
asymmetric,3,6,0,32,0.75,MA,0.5,0.5,0.5,0.5,0.0009417114194001669,0.0009417114273451668,50,50,0.0019486575912340002,0.0
asymmetric,3,6,0,32,0.75,MLE,0.6666666666666666,0.6666666666666666,0.6666666666666671,0.6666666666666671,0.0021097177765496814,0.0021097177838391968,50,50,0.005829392499434,0.0
asymmetric,3,6,0,32,0.75,Minimax,0.5,0.5,0.5,0.5,0.0009592432345130001,0.0009592432424578335,50,50,0.001616310280187,0.0
asymmetric,3,6,0,32,1.0,A1,0.6666666666666666,0.6666666666666666,0.6666666666666671,0.6666666666666671,0.0009417114194003334,0.0009417114273453333,50,50,0.0019486575912800001,0.0
asymmetric,3,6,0,32,1.0,CVaR,0.8333333333333334,0.8333333333333334,0.833333333333333,0.833333333333333,0.0010725096234120001,0.0010725096313571668,50,50,0.0022333612323850002,0.0
asymmetric,3,6,0,32,1.0,Greedy,0.6666666666666666,0.6666666666666666,0.6666666666666671,0.6666666666666671,0.0009417114194003334,0.0009417114273453333,50,50,0.0019486575912800001,0.0
asymmetric,3,6,0,32,1.0,Hinge,0.8333333333333334,0.8333333333333334,0.833333333333333,0.833333333333333,0.0009592430328433334,0.0009592430407881668,50,50,0.0016163103006080002,0.0
asymmetric,3,6,0,32,1.0,LCRC,0.6666666666666666,1.0,0.6666666666666671,1.0,0.0009592432345130001,0.0009592432424578335,50,50,0.001616310280187,0.0
asymmetric,3,6,0,32,1.0,MA,0.6666666666666666,0.6666666666666666,0.6666666666666671,0.6666666666666671,0.0009417114194001669,0.0009417114273451668,50,50,0.0019486575912340002,0.0
asymmetric,3,6,0,32,1.0,MLE,0.6666666666666666,0.6666666666666666,0.6666666666666671,0.6666666666666671,0.0021097177765496814,0.0021097177838391968,50,50,0.005829392499434,0.0
asymmetric,3,6,0,32,1.0,Minimax,0.6666666666666666,1.0,0.6666666666666671,1.0,0.0009592432345130001,0.0009592432424578335,50,50,0.001616310280187,0.0
asymmetric,3,6,0,256,0.25,A1,0.6666666666666666,0.6666666666666666,0.6666666666666671,0.6666666666666671,0.0011666168522850436,0.0011666168602301262,50,50,0.0033959693056470003,0.0
asymmetric,3,6,0,256,0.25,CVaR,0.0,0.0,0.0,0.0,0.0010725096234120001,0.0010725096313571668,50,50,0.0022333612323850002,0.0
asymmetric,3,6,0,256,0.25,Greedy,0.6666666666666666,0.6666666666666666,0.6666666666666671,0.6666666666666671,0.0011666169298800981,0.0011666169378250141,50,50,0.0033959712414290003,0.0
asymmetric,3,6,0,256,0.25,Hinge,0.3333333333333333,0.3333333333333333,0.33333333333333304,0.33333333333333304,0.0009792263336126667,0.0009792263415578334,50,50,0.001746875927604,0.0
asymmetric,3,6,0,256,0.25,LCRC,0.3333333333333333,0.3333333333333333,0.33333333333333304,0.33333333333333304,0.0009592432345130001,0.0009592432424578335,50,50,0.001616310280187,0.0
asymmetric,3,6,0,256,0.25,MA,0.5,0.5,0.5,0.5,0.0009417114194001669,0.0009417114273451668,50,50,0.0019486575912340002,0.0
asymmetric,3,6,0,256,0.25,MLE,0.3333333333333333,0.3333333333333333,0.33333333333333304,0.33333333333333304,0.0021097177765496814,0.0021097177838391968,50,50,0.005829392499434,0.0
asymmetric,3,6,0,256,0.25,Minimax,0.3333333333333333,0.3333333333333333,0.33333333333333304,0.33333333333333304,0.0009592432345130001,0.0009592432424578335,50,50,0.001616310280187,0.0
asymmetric,3,6,0,256,0.5,A1,0.6666666666666666,0.6666666666666666,0.6666666666666671,0.6666666666666671,0.0009914587952437367,0.0009914588031889361,50,50,0.002579572981453,0.0
asymmetric,3,6,0,256,0.5,CVaR,0.3333333333333333,0.3333333333333333,0.33333333333333304,0.33333333333333304,0.0010725096234120001,0.0010725096313571668,50,50,0.0022333612323850002,0.0
asymmetric,3,6,0,256,0.5,Greedy,0.6666666666666666,0.6666666666666666,0.6666666666666671,0.6666666666666671,0.0009914587952434626,0.0009914588031886622,50,50,0.0025795729800420003,0.0
asymmetric,3,6,0,256,0.5,Hinge,0.3333333333333333,0.5,0.33333333333333304,0.5,0.0010267127808625,0.0010267127888073334,50,50,0.0020202916395830003,0.0
asymmetric,3,6,0,256,0.5,LCRC,0.5,0.5,0.5,0.5,0.0009592432345130001,0.0009592432424578335,50,50,0.001616310280187,0.0
asymmetric,3,6,0,256,0.5,MA,0.5,0.5,0.5,0.5,0.0009417114194001669,0.0009417114273451668,50,50,0.0019486575912340002,0.0
asymmetric,3,6,0,256,0.5,MLE,0.6666666666666666,0.6666666666666666,0.6666666666666671,0.6666666666666671,0.0021097177765496814,0.0021097177838391968,50,50,0.005829392499434,0.0
asymmetric,3,6,0,256,0.5,Minimax,0.5,0.5,0.5,0.5,0.0009592432345130001,0.0009592432424578335,50,50,0.001616310280187,0.0
asymmetric,3,6,0,256,0.75,A1,0.8333333333333334,0.8333333333333334,0.833333333333333,0.833333333333333,0.0010396819746613334,0.0010396819826065,50,50,0.0021341180084710003,0.0
asymmetric,3,6,0,256,0.75,CVaR,0.8333333333333334,0.8333333333333334,0.833333333333333,0.833333333333333,0.0010725096234120001,0.0010725096313571668,50,50,0.0022333612323850002,0.0
asymmetric,3,6,0,256,0.75,Greedy,0.6666666666666666,0.6666666666666666,0.6666666666666671,0.6666666666666671,0.0009426291860125001,0.0009426291939575001,50,50,0.0020291655550770003,0.0
asymmetric,3,6,0,256,0.75,Hinge,0.5,0.6666666666666666,0.5,0.6666666666666671,0.0009939918634206668,0.0009939918713658335,50,50,0.001861491931587,0.0
asymmetric,3,6,0,256,0.75,LCRC,0.5,0.5,0.5,0.5,0.0009592432345130001,0.0009592432424578335,50,50,0.001616310280187,0.0
asymmetric,3,6,0,256,0.75,MA,0.5,0.5,0.5,0.5,0.0009417114194001669,0.0009417114273451668,50,50,0.0019486575912340002,0.0
asymmetric,3,6,0,256,0.75,MLE,0.6666666666666666,0.6666666666666666,0.6666666666666671,0.6666666666666671,0.0021097177765496814,0.0021097177838391968,50,50,0.005829392499434,0.0
asymmetric,3,6,0,256,0.75,Minimax,0.5,0.5,0.5,0.5,0.0009592432345130001,0.0009592432424578335,50,50,0.001616310280187,0.0
asymmetric,3,6,0,256,1.0,A1,0.6666666666666666,0.6666666666666666,0.6666666666666671,0.6666666666666671,0.0009417114194003334,0.0009417114273453333,50,50,0.0019486575912800001,0.0
asymmetric,3,6,0,256,1.0,CVaR,0.8333333333333334,0.8333333333333334,0.833333333333333,0.833333333333333,0.0010725096234120001,0.0010725096313571668,50,50,0.0022333612323850002,0.0
asymmetric,3,6,0,256,1.0,Greedy,0.6666666666666666,0.6666666666666666,0.6666666666666671,0.6666666666666671,0.0009417114194003334,0.0009417114273453333,50,50,0.0019486575912800001,0.0
asymmetric,3,6,0,256,1.0,Hinge,0.8333333333333334,0.8333333333333334,0.833333333333333,0.833333333333333,0.0009592430328433334,0.0009592430407881668,50,50,0.0016163103006080002,0.0
asymmetric,3,6,0,256,1.0,LCRC,0.6666666666666666,1.0,0.6666666666666671,1.0,0.0009592432345130001,0.0009592432424578335,50,50,0.001616310280187,0.0
asymmetric,3,6,0,256,1.0,MA,0.6666666666666666,0.6666666666666666,0.6666666666666671,0.6666666666666671,0.0009417114194001669,0.0009417114273451668,50,50,0.0019486575912340002,0.0
asymmetric,3,6,0,256,1.0,MLE,0.6666666666666666,0.6666666666666666,0.6666666666666671,0.6666666666666671,0.0021097177765496814,0.0021097177838391968,50,50,0.005829392499434,0.0
asymmetric,3,6,0,256,1.0,Minimax,0.6666666666666666,1.0,0.6666666666666671,1.0,0.0009592432345130001,0.0009592432424578335,50,50,0.001616310280187,0.0
asymmetric,3,6,1,32,0.25,A1,1.0,1.0,1.000000000000005,1.000000000000005,2.0304687476981325e-05,2.030469483724303e-05,50,50,4.722946371969323e-05,1.0
asymmetric,3,6,1,32,0.25,CVaR,1.0,1.0,0.998781006488796,0.998781006488796,4.93414958421227e-06,4.934156163924611e-06,50,50,2.198942896908943e-05,1.0
asymmetric,3,6,1,32,0.25,Greedy,1.0,1.0,1.000000000000005,1.000000000000005,2.0304687476981325e-05,2.030469483724303e-05,50,50,4.722946371969323e-05,1.0
asymmetric,3,6,1,32,0.25,Hinge,1.0,1.0,0.9999999999819001,0.9999999999819001,0.00016886494210526372,0.0001688649500503173,50,50,0.00034163289527190004,1.0
asymmetric,3,6,1,32,0.25,LCRC,1.0,1.0,0.999967009222758,0.999967009222758,1.3023805099713631e-05,1.3023810843597308e-05,50,50,5.151229124769618e-05,1.0
asymmetric,3,6,1,32,0.25,MA,1.0,1.0,0.9987934766561968,0.9987934766561968,4.800287599467795e-06,4.800294043840737e-06,50,50,2.0482537176910733e-05,1.0
asymmetric,3,6,1,32,0.25,MLE,1.0,1.0,0.9971184725750023,0.9971184725750023,9.266966725514399e-06,9.266971272751917e-06,50,50,4.09937805774252e-05,1.0
asymmetric,3,6,1,32,0.25,Minimax,0.3333333333333333,0.3333333333333333,0.33299129951940504,0.33299129951940504,0.0009592432345130001,0.0009592432424578335,50,50,0.001616310280187,0.0
asymmetric,3,6,1,32,0.5,A1,1.0,1.0,1.000000000000005,1.000000000000005,0.00023363481272623368,0.00023363481975539554,50,50,0.0007218806636199501,1.0
asymmetric,3,6,1,32,0.5,CVaR,1.0,1.0,1.000000000000005,1.000000000000005,4.93414958421227e-06,4.934156163924611e-06,50,50,2.198942896908943e-05,1.0
asymmetric,3,6,1,32,0.5,Greedy,1.0,1.0,1.000000000000005,1.000000000000005,4.8002875992552915e-06,4.800294043628972e-06,50,50,2.04825371739048e-05,1.0
asymmetric,3,6,1,32,0.5,Hinge,1.0,1.0,1.000000000000005,1.000000000000005,0.00019523310329013397,0.0001952331112351534,50,50,0.00046753374300649987,1.0
asymmetric,3,6,1,32,0.5,LCRC,1.0,1.0,1.000000000000005,1.000000000000005,1.3023805099713631e-05,1.3023810843597308e-05,50,50,5.151229124769618e-05,1.0
asymmetric,3,6,1,32,0.5,MA,1.0,1.0,1.000000000000005,1.000000000000005,4.800287599467795e-06,4.800294043840737e-06,50,50,2.0482537176910733e-05,1.0
asymmetric,3,6,1,32,0.5,MLE,1.0,1.0,1.000000000000005,1.000000000000005,9.266966725514399e-06,9.266971272751917e-06,50,50,4.09937805774252e-05,1.0
asymmetric,3,6,1,32,0.5,Minimax,0.5,0.5,0.4996211648878543,0.4996211648878543,0.0009592432345130001,0.0009592432424578335,50,50,0.001616310280187,0.0
asymmetric,3,6,1,32,0.75,A1,1.0,1.0,1.0000000000000053,1.0000000000000053,0.00026481221544069963,0.0002648122224698242,50,50,0.00084335184714035,1.0
asymmetric,3,6,1,32,0.75,CVaR,1.0,1.0,1.000000000000005,1.000000000000005,4.93414958421227e-06,4.934156163924611e-06,50,50,2.198942896908943e-05,1.0
asymmetric,3,6,1,32,0.75,Greedy,1.0,1.0,1.0000000000000053,1.0000000000000053,0.00026481221544069963,0.0002648122224698242,50,50,0.00084335184714035,1.0
asymmetric,3,6,1,32,0.75,Hinge,1.0,1.0,1.000000000000005,1.000000000000005,0.00023835970858865382,0.00023835971653361366,50,50,0.0006176129947586999,1.0
asymmetric,3,6,1,32,0.75,LCRC,1.0,1.0,1.000000000000005,1.000000000000005,1.3023805099713631e-05,1.3023810843597308e-05,50,50,5.151229124769618e-05,1.0
asymmetric,3,6,1,32,0.75,MA,1.0,1.0,1.000000000000005,1.000000000000005,4.800287599467795e-06,4.800294043840737e-06,50,50,2.0482537176910733e-05,1.0
asymmetric,3,6,1,32,0.75,MLE,1.0,1.0,1.000000000000005,1.000000000000005,9.266966725514399e-06,9.266971272751917e-06,50,50,4.09937805774252e-05,1.0
asymmetric,3,6,1,32,0.75,Minimax,0.5,0.5,0.4996211648878543,0.4996211648878543,0.0009592432345130001,0.0009592432424578335,50,50,0.001616310280187,0.0
asymmetric,3,6,1,32,1.0,A1,1.0,1.0,1.000000000000005,1.000000000000005,4.8002875995228565e-06,4.800294043894385e-06,50,50,2.048253717746584e-05,1.0
asymmetric,3,6,1,32,1.0,CVaR,1.0,1.0,1.000000000000005,1.000000000000005,4.93414958421227e-06,4.934156163924611e-06,50,50,2.198942896908943e-05,1.0
asymmetric,3,6,1,32,1.0,Greedy,1.0,1.0,1.0000000000000053,1.0000000000000053,0.0004086105862213221,0.00040861059375815555,50,50,0.0012659511269979002,1.0
asymmetric,3,6,1,32,1.0,Hinge,1.0,1.0,1.000000000000005,1.000000000000005,0.0002724494841305859,0.0002724494920755654,50,50,0.0007459970652801501,1.0
asymmetric,3,6,1,32,1.0,LCRC,1.0,1.0,1.000000000000005,1.000000000000005,1.3023805099713631e-05,1.3023810843597308e-05,50,50,5.151229124769618e-05,1.0
asymmetric,3,6,1,32,1.0,MA,1.0,1.0,1.000000000000005,1.000000000000005,4.800287599467795e-06,4.800294043840737e-06,50,50,2.0482537176910733e-05,1.0
asymmetric,3,6,1,32,1.0,MLE,1.0,1.0,1.000000000000005,1.000000000000005,9.266966725514399e-06,9.266971272751917e-06,50,50,4.09937805774252e-05,1.0
asymmetric,3,6,1,32,1.0,Minimax,0.6666666666666666,1.0,0.6505999854757493,1.0000000000000053,0.0009592432345130001,0.0009592432424578335,50,50,0.001616310280187,0.0
asymmetric,3,6,1,256,0.25,A1,1.0,1.0,1.0000000000000138,1.0000000000000138,2.1059734256566955e-05,2.1059741411286022e-05,50,50,4.72293251051123e-05,1.0
asymmetric,3,6,1,256,0.25,CVaR,1.0,1.0,0.9995859513474475,0.9995859513474475,5.178941415704527e-06,5.1789479379016295e-06,50,50,2.246449483120354e-05,1.0
asymmetric,3,6,1,256,0.25,Greedy,1.0,1.0,1.0000000000000138,1.0000000000000138,2.1059734256566955e-05,2.1059741411286022e-05,50,50,4.72293251051123e-05,1.0
asymmetric,3,6,1,256,0.25,Hinge,1.0,1.0,0.9999999999478256,0.9999999999478256,0.00017330670951059516,0.00017330671745554855,50,50,0.00037196596850934996,1.0
asymmetric,3,6,1,256,0.25,LCRC,1.0,1.0,0.9998750400202239,0.9998750400202239,8.356695972404552e-06,8.356701484075784e-06,50,50,5.1512291233582475e-05,1.0
asymmetric,3,6,1,256,0.25,MA,1.0,1.0,0.9995906140313623,0.9995906140313623,5.279109275038164e-06,5.2791157374000865e-06,50,50,2.0692823650565738e-05,1.0
asymmetric,3,6,1,256,0.25,MLE,1.0,1.0,0.9996690057700509,0.9996690057700509,7.379393749151403e-06,7.379398122356177e-06,50,50,4.09937805774252e-05,1.0
asymmetric,3,6,1,256,0.25,Minimax,0.3333333333333333,0.3333333333333333,0.28626603145779417,0.28626603145779417,0.0009592432345130001,0.0009592432424578335,50,50,0.001616310280187,0.0
asymmetric,3,6,1,256,0.5,A1,1.0,1.0,1.0000000000000138,1.0000000000000138,0.0002338987089383405,0.00023389871619099409,50,50,0.0007218694575993,1.0
asymmetric,3,6,1,256,0.5,CVaR,1.0,1.0,1.0000000000000138,1.0000000000000138,5.178941415704527e-06,5.1789479379016295e-06,50,50,2.246449483120354e-05,1.0
asymmetric,3,6,1,256,0.5,Greedy,1.0,1.0,1.0000000000000138,1.0000000000000138,1.8647033525228854e-05,1.8647040061760437e-05,50,50,2.973435936986508e-05,1.0
asymmetric,3,6,1,256,0.5,Hinge,1.0,1.0,1.0000000000000138,1.0000000000000138,0.00023275155966800582,0.00023275156761302137,50,50,0.0005821196548521999,1.0
asymmetric,3,6,1,256,0.5,LCRC,1.0,1.0,1.0000000000000138,1.0000000000000138,8.356695972404552e-06,8.356701484075784e-06,50,50,5.1512291233582475e-05,1.0
asymmetric,3,6,1,256,0.5,MA,1.0,1.0,1.0000000000000138,1.0000000000000138,5.279109275038164e-06,5.2791157374000865e-06,50,50,2.0692823650565738e-05,1.0
asymmetric,3,6,1,256,0.5,MLE,1.0,1.0,1.0000000000000138,1.0000000000000138,7.379393749151403e-06,7.379398122356177e-06,50,50,4.09937805774252e-05,1.0
asymmetric,3,6,1,256,0.5,Minimax,0.5,0.5,0.49982990274575867,0.49982990274575867,0.0009592432345130001,0.0009592432424578335,50,50,0.001616310280187,0.0
asymmetric,3,6,1,256,0.75,A1,1.0,1.0,1.0000000000000138,1.0000000000000138,0.0002651081380801932,0.0002651081453328479,50,50,0.0008433399865680001,1.0
asymmetric,3,6,1,256,0.75,CVaR,1.0,1.0,1.0000000000000138,1.0000000000000138,5.178941415704527e-06,5.1789479379016295e-06,50,50,2.246449483120354e-05,1.0
asymmetric,3,6,1,256,0.75,Greedy,1.0,1.0,1.0000000000000138,1.0000000000000138,0.0002651081380801932,0.0002651081453328479,50,50,0.0008433399865680001,1.0
asymmetric,3,6,1,256,0.75,Hinge,1.0,1.0,0.999999999991715,0.999999999991715,0.00029834673967911576,0.0002983467476240402,50,50,0.0008006669945903,1.0
asymmetric,3,6,1,256,0.75,LCRC,1.0,1.0,1.0000000000000138,1.0000000000000138,8.356695972404552e-06,8.356701484075784e-06,50,50,5.1512291233582475e-05,1.0
asymmetric,3,6,1,256,0.75,MA,1.0,1.0,1.0000000000000138,1.0000000000000138,5.279109275038164e-06,5.2791157374000865e-06,50,50,2.0692823650565738e-05,1.0
asymmetric,3,6,1,256,0.75,MLE,1.0,1.0,1.0000000000000138,1.0000000000000138,7.379393749151403e-06,7.379398122356177e-06,50,50,4.09937805774252e-05,1.0
asymmetric,3,6,1,256,0.75,Minimax,0.5,0.5,0.49982990274575867,0.49982990274575867,0.0009592432345130001,0.0009592432424578335,50,50,0.001616310280187,0.0
asymmetric,3,6,1,256,1.0,A1,1.0,1.0,1.0000000000000138,1.0000000000000138,5.27910927511947e-06,5.27911573747847e-06,50,50,2.0692823651431704e-05,1.0
asymmetric,3,6,1,256,1.0,CVaR,1.0,1.0,1.0000000000000138,1.0000000000000138,5.178941415704527e-06,5.1789479379016295e-06,50,50,2.246449483120354e-05,1.0
asymmetric,3,6,1,256,1.0,Greedy,1.0,1.0,1.0000000000000138,1.0000000000000138,0.0003807259751460583,0.0003807259828433256,50,50,0.0012659511203206501,1.0
asymmetric,3,6,1,256,1.0,Hinge,1.0,1.0,1.0000000000000138,1.0000000000000138,0.0003358388528628235,0.00033583886080787055,50,50,0.0009128438036013495,1.0
asymmetric,3,6,1,256,1.0,LCRC,1.0,1.0,1.0000000000000138,1.0000000000000138,8.356695972404552e-06,8.356701484075784e-06,50,50,5.1512291233582475e-05,1.0
asymmetric,3,6,1,256,1.0,MA,1.0,1.0,1.0000000000000138,1.0000000000000138,5.279109275038164e-06,5.2791157374000865e-06,50,50,2.0692823650565738e-05,1.0
asymmetric,3,6,1,256,1.0,MLE,1.0,1.0,1.0000000000000138,1.0000000000000138,7.379393749151403e-06,7.379398122356177e-06,50,50,4.09937805774252e-05,1.0
asymmetric,3,6,1,256,1.0,Minimax,0.6666666666666666,1.0,0.6764738139358419,1.0000000000000138,0.0009592432345130001,0.0009592432424578335,50,50,0.001616310280187,0.0
asymmetric,3,6,3,32,0.25,A1,1.0,1.0,0.9999999999999729,0.9999999999999729,1.7646363479263008e-05,1.7646370075077472e-05,50,50,4.722932018383502e-05,1.0
asymmetric,3,6,3,32,0.25,CVaR,1.0,1.0,0.9999999999999489,0.9999999999999489,1.4960051588075771e-06,1.4960104371710033e-06,50,50,1.0247529875487268e-05,1.0
asymmetric,3,6,3,32,0.25,Greedy,1.0,1.0,0.9999999999999729,0.9999999999999729,1.7646363479263008e-05,1.7646370075077472e-05,50,50,4.722932018383502e-05,1.0
asymmetric,3,6,3,32,0.25,Hinge,1.0,1.0,0.999999999999206,0.999999999999206,4.4873793673758214e-05,4.4873801618780946e-05,50,50,0.00013400861524001559,1.0
asymmetric,3,6,3,32,0.25,LCRC,1.0,1.0,0.9999999999999488,0.9999999999999488,2.77537561030183e-06,2.7753806435022494e-06,50,50,1.024753025213875e-05,1.0
asymmetric,3,6,3,32,0.25,MA,1.0,1.0,0.9999999999999489,0.9999999999999489,1.596719927571992e-06,1.5967252056318425e-06,50,50,1.1375933957639964e-05,1.0
asymmetric,3,6,3,32,0.25,MLE,1.0,1.0,0.9999999999999489,0.9999999999999489,2.5620752546320325e-06,2.5620794719133596e-06,50,50,2.2546056335241587e-05,1.0
asymmetric,3,6,3,32,0.25,Minimax,0.3333333333333333,0.3333333333333333,0.3268034061557142,0.3268034061557142,0.0009592432345130001,0.0009592432424578335,50,50,0.001616310280187,0.0
asymmetric,3,6,3,32,0.5,A1,1.0,1.0,0.9999999999999729,0.9999999999999729,0.0002314236733035359,0.00023142367993073785,50,50,0.0007218679133340001,1.0
asymmetric,3,6,3,32,0.5,CVaR,1.0,1.0,0.9999999999999729,0.9999999999999729,1.4960051588075771e-06,1.4960104371710033e-06,50,50,1.0247529875487268e-05,1.0
asymmetric,3,6,3,32,0.5,Greedy,1.0,1.0,0.9999999999999729,0.9999999999999729,1.5967199275683297e-06,1.5967252056291438e-06,50,50,1.13759339567726e-05,1.0
asymmetric,3,6,3,32,0.5,Hinge,1.0,1.0,0.9999999999999655,0.9999999999999655,6.469644315040971e-05,6.469645109547939e-05,50,50,0.00012801122329989995,1.0
asymmetric,3,6,3,32,0.5,LCRC,1.0,1.0,0.9999999999999729,0.9999999999999729,2.77537561030183e-06,2.7753806435022494e-06,50,50,1.024753025213875e-05,1.0
asymmetric,3,6,3,32,0.5,MA,1.0,1.0,0.9999999999999729,0.9999999999999729,1.596719927571992e-06,1.5967252056318425e-06,50,50,1.1375933957639964e-05,1.0
asymmetric,3,6,3,32,0.5,MLE,1.0,1.0,0.9999999999999729,0.9999999999999729,2.5620752546320325e-06,2.5620794719133596e-06,50,50,2.2546056335241587e-05,1.0
asymmetric,3,6,3,32,0.5,Minimax,0.5,0.5,0.4999999999999773,0.4999999999999773,0.0009592432345130001,0.0009592432424578335,50,50,0.001616310280187,0.0
asymmetric,3,6,3,32,0.75,A1,1.0,1.0,0.9999999999999729,0.9999999999999729,0.00026215314097732155,0.0002621531476045124,50,50,0.0008433383842040001,1.0
asymmetric,3,6,3,32,0.75,CVaR,1.0,1.0,0.9999999999999729,0.9999999999999729,1.4960051588075771e-06,1.4960104371710033e-06,50,50,1.0247529875487268e-05,1.0
asymmetric,3,6,3,32,0.75,Greedy,1.0,1.0,0.9999999999999729,0.9999999999999729,0.00026215314097732155,0.0002621531476045124,50,50,0.0008433383842040001,1.0
asymmetric,3,6,3,32,0.75,Hinge,1.0,1.0,0.9999999999999729,0.9999999999999729,0.00012149679852297665,0.00012149680646797408,50,50,0.0001709585225051,1.0
asymmetric,3,6,3,32,0.75,LCRC,1.0,1.0,0.9999999999999729,0.9999999999999729,2.77537561030183e-06,2.7753806435022494e-06,50,50,1.024753025213875e-05,1.0
asymmetric,3,6,3,32,0.75,MA,1.0,1.0,0.9999999999999729,0.9999999999999729,1.596719927571992e-06,1.5967252056318425e-06,50,50,1.1375933957639964e-05,1.0
asymmetric,3,6,3,32,0.75,MLE,1.0,1.0,0.9999999999999729,0.9999999999999729,2.5620752546320325e-06,2.5620794719133596e-06,50,50,2.2546056335241587e-05,1.0
asymmetric,3,6,3,32,0.75,Minimax,0.5,0.5,0.4999999999999773,0.4999999999999773,0.0009592432345130001,0.0009592432424578335,50,50,0.001616310280187,0.0
asymmetric,3,6,3,32,1.0,A1,1.0,1.0,0.9999999999999729,0.9999999999999729,1.5967199275886647e-06,1.5967252056536225e-06,50,50,1.1375933957530327e-05,1.0
asymmetric,3,6,3,32,1.0,CVaR,1.0,1.0,0.9999999999999729,0.9999999999999729,1.4960051588075771e-06,1.4960104371710033e-06,50,50,1.0247529875487268e-05,1.0
asymmetric,3,6,3,32,1.0,Greedy,1.0,1.0,0.9999999999999729,0.9999999999999729,0.00039339082550840775,0.0003933908327913495,50,50,0.0012659511107890001,1.0
asymmetric,3,6,3,32,1.0,Hinge,1.0,1.0,0.9999999999999729,0.9999999999999729,0.00020743234927536093,0.0002074323572203194,50,50,0.0002777826293143,1.0
asymmetric,3,6,3,32,1.0,LCRC,1.0,1.0,0.9999999999999729,0.9999999999999729,2.77537561030183e-06,2.7753806435022494e-06,50,50,1.024753025213875e-05,1.0
asymmetric,3,6,3,32,1.0,MA,1.0,1.0,0.9999999999999729,0.9999999999999729,1.596719927571992e-06,1.5967252056318425e-06,50,50,1.1375933957639964e-05,1.0
asymmetric,3,6,3,32,1.0,MLE,1.0,1.0,0.9999999999999729,0.9999999999999729,2.5620752546320325e-06,2.5620794719133596e-06,50,50,2.2546056335241587e-05,1.0
asymmetric,3,6,3,32,1.0,Minimax,0.6666666666666666,1.0,0.66666666725816,0.9999999999999729,0.0009592432345130001,0.0009592432424578335,50,50,0.001616310280187,0.0
asymmetric,3,6,3,256,0.25,A1,1.0,1.0,0.9999999999998654,0.9999999999998654,1.6711342804126502e-05,1.671134939994238e-05,50,50,4.7229320183875274e-05,1.0
asymmetric,3,6,3,256,0.25,CVaR,1.0,1.0,0.999999999956516,0.999999999956516,7.4706585458993e-07,7.470711329789599e-07,50,50,4.99890948092302e-06,1.0
asymmetric,3,6,3,256,0.25,Greedy,1.0,1.0,0.9999999999998654,0.9999999999998654,1.6711342804126502e-05,1.671134939994238e-05,50,50,4.7229320183875274e-05,1.0
asymmetric,3,6,3,256,0.25,Hinge,1.0,1.0,0.9999999999942978,0.9999999999942978,7.274220572855176e-05,7.274221367359985e-05,50,50,0.00039351179540215,1.0
asymmetric,3,6,3,256,0.25,LCRC,1.0,1.0,0.9999999999565158,0.9999999999565158,3.2023558429765038e-06,3.2023610394138237e-06,50,50,1.024753025213875e-05,1.0
asymmetric,3,6,3,256,0.25,MA,1.0,1.0,0.999999999956516,0.999999999956516,2.6751193783893264e-07,2.675172158995215e-07,50,50,1.2497856321666549e-06,1.0
asymmetric,3,6,3,256,0.25,MLE,1.0,1.0,0.999999999956516,0.999999999956516,3.972514447022253e-12,7.945028894044507e-12,50,50,4.087036264976973e-12,1.0
asymmetric,3,6,3,256,0.25,Minimax,0.3333333333333333,0.3333333333333333,0.3301709979195125,0.3301709979195125,0.0009592432345130001,0.0009592432424578335,50,50,0.001616310280187,0.0
asymmetric,3,6,3,256,0.5,A1,1.0,1.0,0.9999999999998654,0.9999999999998654,0.00023009446520589138,0.00023009447183307527,50,50,0.0007218679133340001,1.0
asymmetric,3,6,3,256,0.5,CVaR,1.0,1.0,0.9999999999998654,0.9999999999998654,7.4706585458993e-07,7.470711329789599e-07,50,50,4.99890948092302e-06,1.0
asymmetric,3,6,3,256,0.5,Greedy,1.0,1.0,0.9999999999998654,0.9999999999998654,2.6751193813280765e-07,2.6751721619468154e-07,50,50,1.2497856340124015e-06,1.0
asymmetric,3,6,3,256,0.5,Hinge,1.0,1.0,0.9999999999983603,0.9999999999983603,0.00010207862158225017,0.00010207862952726819,50,50,0.00028398336293800004,1.0
asymmetric,3,6,3,256,0.5,LCRC,1.0,1.0,0.9999999999998654,0.9999999999998654,3.2023558429765038e-06,3.2023610394138237e-06,50,50,1.024753025213875e-05,1.0
asymmetric,3,6,3,256,0.5,MA,1.0,1.0,0.9999999999998654,0.9999999999998654,2.6751193783893264e-07,2.675172158995215e-07,50,50,1.2497856321666549e-06,1.0
asymmetric,3,6,3,256,0.5,MLE,1.0,1.0,0.9999999999998654,0.9999999999998654,3.972514447022253e-12,7.945028894044507e-12,50,50,4.087036264976973e-12,1.0
asymmetric,3,6,3,256,0.5,Minimax,0.5,0.5,0.4999999999564604,0.4999999999564604,0.0009592432345130001,0.0009592432424578335,50,50,0.001616310280187,0.0
asymmetric,3,6,3,256,0.75,A1,1.0,1.0,0.9999999999998654,0.9999999999998654,0.0002608239324279308,0.00026082393905516136,50,50,0.0008433383842040001,1.0
asymmetric,3,6,3,256,0.75,CVaR,1.0,1.0,0.9999999999998654,0.9999999999998654,7.4706585458993e-07,7.470711329789599e-07,50,50,4.99890948092302e-06,1.0
asymmetric,3,6,3,256,0.75,Greedy,1.0,1.0,0.9999999999998654,0.9999999999998654,0.0002608239324279308,0.00026082393905516136,50,50,0.0008433383842040001,1.0
asymmetric,3,6,3,256,0.75,Hinge,1.0,1.0,0.9999999999998654,0.9999999999998654,0.0001751649435268398,0.00017516495147180426,50,50,0.0005560656264143495,1.0
asymmetric,3,6,3,256,0.75,LCRC,1.0,1.0,0.9999999999998654,0.9999999999998654,3.2023558429765038e-06,3.2023610394138237e-06,50,50,1.024753025213875e-05,1.0
asymmetric,3,6,3,256,0.75,MA,1.0,1.0,0.9999999999998654,0.9999999999998654,2.6751193783893264e-07,2.675172158995215e-07,50,50,1.2497856321666549e-06,1.0
asymmetric,3,6,3,256,0.75,MLE,1.0,1.0,0.9999999999998654,0.9999999999998654,3.972514447022253e-12,7.945028894044507e-12,50,50,4.087036264976973e-12,1.0
asymmetric,3,6,3,256,0.75,Minimax,0.5,0.5,0.4999999999564604,0.4999999999564604,0.0009592432345130001,0.0009592432424578335,50,50,0.001616310280187,0.0
asymmetric,3,6,3,256,1.0,A1,1.0,1.0,0.9999999999998654,0.9999999999998654,2.675119378401855e-07,2.6751721590491845e-07,50,50,1.2497856321388997e-06,1.0
asymmetric,3,6,3,256,1.0,CVaR,1.0,1.0,0.9999999999998654,0.9999999999998654,7.4706585458993e-07,7.470711329789599e-07,50,50,4.99890948092302e-06,1.0
asymmetric,3,6,3,256,1.0,Greedy,1.0,1.0,0.9999999999998654,0.9999999999998654,0.0003997000584486042,0.00039970006589703133,50,50,0.0012659511107890001,1.0
asymmetric,3,6,3,256,1.0,Hinge,1.0,1.0,0.9999999999983604,0.9999999999983604,0.0003338993222365564,0.0003338993301816649,50,50,0.0010119582337902997,1.0
asymmetric,3,6,3,256,1.0,LCRC,1.0,1.0,0.9999999999998654,0.9999999999998654,3.2023558429765038e-06,3.2023610394138237e-06,50,50,1.024753025213875e-05,1.0
asymmetric,3,6,3,256,1.0,MA,1.0,1.0,0.9999999999998654,0.9999999999998654,2.6751193783893264e-07,2.675172158995215e-07,50,50,1.2497856321666549e-06,1.0
asymmetric,3,6,3,256,1.0,MLE,1.0,1.0,0.9999999999998654,0.9999999999998654,3.972514447022253e-12,7.945028894044507e-12,50,50,4.087036264976973e-12,1.0
asymmetric,3,6,3,256,1.0,Minimax,0.6666666666666666,1.0,0.6666666829176863,0.9999999999998654,0.0009592432345130001,0.0009592432424578335,50,50,0.001616310280187,0.0
asymmetric,3,6,6,32,0.25,A1,1.0,1.0,1.000000000000117,1.000000000000117,1.6546295582583966e-05,1.654630211666367e-05,50,50,4.7229320183819756e-05,1.0
asymmetric,3,6,6,32,0.25,CVaR,1.0,1.0,1.000000000000117,1.000000000000117,1.256307205599456e-07,1.2563570638837524e-07,50,50,8.154442745489372e-08,1.0
asymmetric,3,6,6,32,0.25,Greedy,1.0,1.0,1.000000000000117,1.000000000000117,1.6546295582583966e-05,1.654630211666367e-05,50,50,4.7229320183819756e-05,1.0
asymmetric,3,6,6,32,0.25,Hinge,1.0,1.0,1.000000000000117,1.000000000000117,5.471447702010473e-05,5.4714484965153185e-05,50,50,0.0002073980026068,1.0
asymmetric,3,6,6,32,0.25,LCRC,1.0,1.0,1.000000000000117,1.000000000000117,1.0674546012268825e-06,1.0674589817008756e-06,50,50,1.024752991453381e-05,1.0
asymmetric,3,6,6,32,0.25,MA,1.0,1.0,1.000000000000117,1.000000000000117,3.141414122003379e-08,3.141903982759504e-08,50,50,2.039356906402555e-08,1.0
asymmetric,3,6,6,32,0.25,MLE,1.0,1.0,1.000000000000117,1.000000000000117,3.972514447022253e-12,7.945028894044507e-12,50,50,4.087036264976973e-12,1.0
asymmetric,3,6,6,32,0.25,Minimax,0.3333333333333333,0.3333333333333333,0.3305501607716628,0.3305501607716628,0.0009592432345130001,0.0009592432424578335,50,50,0.001616310280187,0.0
asymmetric,3,6,6,32,0.5,A1,1.0,1.0,1.000000000000117,1.000000000000117,0.0002298583674065929,0.00022985837365430668,50,50,0.0007218679133340001,1.0
asymmetric,3,6,6,32,0.5,CVaR,1.0,1.0,1.000000000000117,1.000000000000117,1.256307205599456e-07,1.2563570638837524e-07,50,50,8.154442745489372e-08,1.0
asymmetric,3,6,6,32,0.5,Greedy,1.0,1.0,1.000000000000117,1.000000000000117,3.1414141321515106e-08,3.1419039930521955e-08,50,50,2.0393569445664716e-08,1.0
asymmetric,3,6,6,32,0.5,Hinge,1.0,1.0,1.000000000000117,1.000000000000117,5.868633489546335e-05,5.868634284054691e-05,50,50,0.000106940672353,1.0
asymmetric,3,6,6,32,0.5,LCRC,1.0,1.0,1.000000000000117,1.000000000000117,1.0674546012268825e-06,1.0674589817008756e-06,50,50,1.024752991453381e-05,1.0
asymmetric,3,6,6,32,0.5,MA,1.0,1.0,1.000000000000117,1.000000000000117,3.141414122003379e-08,3.141903982759504e-08,50,50,2.039356906402555e-08,1.0
asymmetric,3,6,6,32,0.5,MLE,1.0,1.0,1.000000000000117,1.000000000000117,3.972514447022253e-12,7.945028894044507e-12,50,50,4.087036264976973e-12,1.0
asymmetric,3,6,6,32,0.5,Minimax,0.5,0.5,0.5000000000001171,0.5000000000001171,0.0009592432345130001,0.0009592432424578335,50,50,0.001616310280187,0.0
asymmetric,3,6,6,32,0.75,A1,1.0,1.0,1.000000000000117,1.000000000000117,0.00026058783469785316,0.0002605878409457448,50,50,0.000843338384558,1.0
asymmetric,3,6,6,32,0.75,CVaR,1.0,1.0,1.000000000000117,1.000000000000117,1.256307205599456e-07,1.2563570638837524e-07,50,50,8.154442745489372e-08,1.0
asymmetric,3,6,6,32,0.75,Greedy,1.0,1.0,1.000000000000117,1.000000000000117,0.00026058783469785316,0.0002605878409457448,50,50,0.000843338384558,1.0
asymmetric,3,6,6,32,0.75,Hinge,1.0,1.0,1.000000000000117,1.000000000000117,9.846996667378786e-05,9.846997461884099e-05,50,50,0.00016831226825700003,1.0
asymmetric,3,6,6,32,0.75,LCRC,1.0,1.0,1.000000000000117,1.000000000000117,1.0674546012268825e-06,1.0674589817008756e-06,50,50,1.024752991453381e-05,1.0
asymmetric,3,6,6,32,0.75,MA,1.0,1.0,1.000000000000117,1.000000000000117,3.141414122003379e-08,3.141903982759504e-08,50,50,2.039356906402555e-08,1.0
asymmetric,3,6,6,32,0.75,MLE,1.0,1.0,1.000000000000117,1.000000000000117,3.972514447022253e-12,7.945028894044507e-12,50,50,4.087036264976973e-12,1.0
asymmetric,3,6,6,32,0.75,Minimax,0.5,0.5,0.5000000000001171,0.5000000000001171,0.0009592432345130001,0.0009592432424578335,50,50,0.001616310280187,0.0
asymmetric,3,6,6,32,1.0,A1,1.0,1.0,1.000000000000117,1.000000000000117,3.1414141225816206e-08,3.1419039837425146e-08,50,50,2.0393569061249993e-08,1.0
asymmetric,3,6,6,32,1.0,CVaR,1.0,1.0,1.000000000000117,1.000000000000117,1.256307205599456e-07,1.2563570638837524e-07,50,50,8.154442745489372e-08,1.0
asymmetric,3,6,6,32,1.0,Greedy,1.0,1.0,1.000000000000117,1.000000000000117,0.00039946409224990285,0.00039946409939841597,50,50,0.0012659511107890001,1.0
asymmetric,3,6,6,32,1.0,Hinge,1.0,1.0,1.000000000000117,1.000000000000117,0.00016931002073050433,0.00016931002867560797,50,50,0.000277778891992,1.0
asymmetric,3,6,6,32,1.0,LCRC,1.0,1.0,1.000000000000117,1.000000000000117,1.0674546012268825e-06,1.0674589817008756e-06,50,50,1.024752991453381e-05,1.0
asymmetric,3,6,6,32,1.0,MA,1.0,1.0,1.000000000000117,1.000000000000117,3.141414122003379e-08,3.141903982759504e-08,50,50,2.039356906402555e-08,1.0
asymmetric,3,6,6,32,1.0,MLE,1.0,1.0,1.000000000000117,1.000000000000117,3.972514447022253e-12,7.945028894044507e-12,50,50,4.087036264976973e-12,1.0
asymmetric,3,6,6,32,1.0,Minimax,0.6666666666666666,1.0,0.6666666666667838,1.000000000000117,0.0009592432345130001,0.0009592432424578335,50,50,0.001616310280187,0.0
asymmetric,3,6,6,256,0.25,A1,1.0,1.0,0.9999999999999729,0.9999999999999729,1.7030685062490874e-05,1.703069165830187e-05,50,50,4.7229320183819756e-05,1.0
asymmetric,3,6,6,256,0.25,CVaR,1.0,1.0,0.9999999999999729,0.9999999999999729,1.0753844869982213e-06,1.0753896507902297e-06,50,50,1.0247529875438698e-05,1.0
asymmetric,3,6,6,256,0.25,Greedy,1.0,1.0,0.9999999999999729,0.9999999999999729,1.7030685062490874e-05,1.703069165830187e-05,50,50,4.7229320183819756e-05,1.0
asymmetric,3,6,6,256,0.25,Hinge,1.0,1.0,0.9999999999999729,0.9999999999999729,3.822205467847807e-05,3.822206262352642e-05,50,50,7.991357615400041e-05,1.0
asymmetric,3,6,6,256,0.25,LCRC,1.0,1.0,0.9999999999999729,0.9999999999999729,1.921415082251481e-06,1.92141978915504e-06,50,50,1.024753025213875e-05,1.0
asymmetric,3,6,6,256,0.25,MA,1.0,1.0,0.9999999999999729,0.9999999999999729,7.618467467828081e-07,7.618518734405869e-07,50,50,7.629428601579886e-06,1.0
asymmetric,3,6,6,256,0.25,MLE,1.0,1.0,0.9999999999999729,0.9999999999999729,3.972514447022253e-12,7.945028894044507e-12,50,50,4.087036264976973e-12,1.0
asymmetric,3,6,6,256,0.25,Minimax,0.3333333333333333,0.3333333333333333,0.32960857083467404,0.32960857083467404,0.0009592432345130001,0.0009592432424578335,50,50,0.001616310280187,0.0
asymmetric,3,6,6,256,0.5,A1,1.0,1.0,0.9999999999999729,0.9999999999999729,0.00023058880001217965,0.00023058880648794334,50,50,0.0007218679133340001,1.0
asymmetric,3,6,6,256,0.5,CVaR,1.0,1.0,0.9999999999999729,0.9999999999999729,1.0753844869982213e-06,1.0753896507902297e-06,50,50,1.0247529875438698e-05,1.0
asymmetric,3,6,6,256,0.5,Greedy,1.0,1.0,0.9999999999999729,0.9999999999999729,7.618467469493415e-07,7.618518736076987e-07,50,50,7.629428602641536e-06,1.0
asymmetric,3,6,6,256,0.5,Hinge,1.0,1.0,0.9999999999999729,0.9999999999999729,5.6072487923520646e-05,5.60724958685979e-05,50,50,0.0001069406733771,1.0
asymmetric,3,6,6,256,0.5,LCRC,1.0,1.0,0.9999999999999729,0.9999999999999729,1.921415082251481e-06,1.92141978915504e-06,50,50,1.024753025213875e-05,1.0
asymmetric,3,6,6,256,0.5,MA,1.0,1.0,0.9999999999999729,0.9999999999999729,7.618467467828081e-07,7.618518734405869e-07,50,50,7.629428601579886e-06,1.0
asymmetric,3,6,6,256,0.5,MLE,1.0,1.0,0.9999999999999729,0.9999999999999729,3.972514447022253e-12,7.945028894044507e-12,50,50,4.087036264976973e-12,1.0
asymmetric,3,6,6,256,0.5,Minimax,0.5,0.5,0.49999999999999556,0.49999999999999556,0.0009592432345130001,0.0009592432424578335,50,50,0.001616310280187,0.0
asymmetric,3,6,6,256,0.75,A1,1.0,1.0,0.9999999999999729,0.9999999999999729,0.00026131826730343093,0.00026131827377937343,50,50,0.000843338384558,1.0
asymmetric,3,6,6,256,0.75,CVaR,1.0,1.0,0.9999999999999729,0.9999999999999729,1.0753844869982213e-06,1.0753896507902297e-06,50,50,1.0247529875438698e-05,1.0
asymmetric,3,6,6,256,0.75,Greedy,1.0,1.0,0.9999999999999729,0.9999999999999729,0.00026131826730343093,0.00026131827377937343,50,50,0.000843338384558,1.0
asymmetric,3,6,6,256,0.75,Hinge,1.0,1.0,0.9999999999999729,0.9999999999999729,0.00010326132586270933,0.00010326133380777497,50,50,0.00016831226825700003,1.0
asymmetric,3,6,6,256,0.75,LCRC,1.0,1.0,0.9999999999999729,0.9999999999999729,1.921415082251481e-06,1.92141978915504e-06,50,50,1.024753025213875e-05,1.0
asymmetric,3,6,6,256,0.75,MA,1.0,1.0,0.9999999999999729,0.9999999999999729,7.618467467828081e-07,7.618518734405869e-07,50,50,7.629428601579886e-06,1.0
asymmetric,3,6,6,256,0.75,MLE,1.0,1.0,0.9999999999999729,0.9999999999999729,3.972514447022253e-12,7.945028894044507e-12,50,50,4.087036264976973e-12,1.0
asymmetric,3,6,6,256,0.75,Minimax,0.5,0.5,0.49999999999999556,0.49999999999999556,0.0009592432345130001,0.0009592432424578335,50,50,0.001616310280187,0.0
asymmetric,3,6,6,256,1.0,A1,1.0,1.0,0.9999999999999729,0.9999999999999729,7.618467467567872e-07,7.61851873419192e-07,50,50,7.62942860127041e-06,1.0
asymmetric,3,6,6,256,1.0,CVaR,1.0,1.0,0.9999999999999729,0.9999999999999729,1.0753844869982213e-06,1.0753896507902297e-06,50,50,1.0247529875438698e-05,1.0
asymmetric,3,6,6,256,1.0,Greedy,1.0,1.0,0.9999999999999729,0.9999999999999729,0.00039977414406869484,0.0003997741514485667,50,50,0.0012659511107890001,1.0
asymmetric,3,6,6,256,1.0,Hinge,1.0,1.0,0.9999999999999729,0.9999999999999729,0.00018808135110218982,0.00018808135904724394,50,50,0.000277778891992,1.0
asymmetric,3,6,6,256,1.0,LCRC,1.0,1.0,0.9999999999999729,0.9999999999999729,1.921415082251481e-06,1.92141978915504e-06,50,50,1.024753025213875e-05,1.0
asymmetric,3,6,6,256,1.0,MA,1.0,1.0,0.9999999999999729,0.9999999999999729,7.618467467828081e-07,7.618518734405869e-07,50,50,7.629428601579886e-06,1.0
asymmetric,3,6,6,256,1.0,MLE,1.0,1.0,0.9999999999999729,0.9999999999999729,3.972514447022253e-12,7.945028894044507e-12,50,50,4.087036264976973e-12,1.0
asymmetric,3,6,6,256,1.0,Minimax,0.6666666666666666,1.0,0.6666666666665106,0.9999999999999729,0.0009592432345130001,0.0009592432424578335,50,50,0.001616310280187,0.0
asymmetric,6,6,0,32,0.25,A1,0.3333333333333333,0.3333333333333333,0.33333333333333304,0.33333333333333304,0.0009193722089206667,0.0009193722154146668,50,50,0.001959468236198,0.0
asymmetric,6,6,0,32,0.25,CVaR,0.0,0.0,0.0,0.0,0.0007874930960230001,0.0007874931025171667,50,50,0.0010632003864030001,0.0
asymmetric,6,6,0,32,0.25,Greedy,0.16666666666666666,0.16666666666666666,0.16666666666666602,0.16666666666666602,0.0007590370604905,0.0007590370669845,50,50,0.0012428271013150002,0.0
asymmetric,6,6,0,32,0.25,Hinge,0.0,0.0,0.0,0.0,0.0007530030679225,0.0007530030744163334,50,50,0.001165743349654,0.0
asymmetric,6,6,0,32,0.25,LCRC,0.0,0.0,0.0,0.0,0.0008159565403653889,0.0008159565468592224,50,50,0.000961389156021,0.0
asymmetric,6,6,0,32,0.25,MA,0.0,0.0,0.0,0.0,0.0007530030679195001,0.0007530030744133334,50,50,0.001165745180796,0.0
asymmetric,6,6,0,32,0.25,MLE,0.16666666666666666,0.16666666666666666,0.16666666666666602,0.16666666666666602,0.001076096492235067,0.001076096498189301,50,50,0.002097019526943,0.0
asymmetric,6,6,0,32,0.25,Minimax,0.0,0.0,0.0,0.0,0.0008159565403653889,0.0008159565468592224,50,50,0.000961389156021,0.0
asymmetric,6,6,0,32,0.5,A1,0.5,0.5,0.5,0.5,0.0008073382919418333,0.0008073382984356667,50,50,0.0013550905453940001,0.0
asymmetric,6,6,0,32,0.5,CVaR,0.16666666666666666,0.16666666666666666,0.16666666666666602,0.16666666666666602,0.0007874930960230001,0.0007874931025171667,50,50,0.0010632003864030001,0.0
asymmetric,6,6,0,32,0.5,Greedy,0.5,0.5,0.5,0.5,0.0008073382919418333,0.0008073382984356667,50,50,0.0013550905453940001,0.0
asymmetric,6,6,0,32,0.5,Hinge,0.16666666666666666,0.16666666666666666,0.16666666666666602,0.16666666666666602,0.0007662119943278334,0.0007662120008220001,50,50,0.0010978326145640001,0.0
asymmetric,6,6,0,32,0.5,LCRC,0.16666666666666666,0.16666666666666666,0.16666666666666602,0.16666666666666602,0.0008159565403653889,0.0008159565468592224,50,50,0.000961389156021,0.0
asymmetric,6,6,0,32,0.5,MA,0.16666666666666666,0.16666666666666666,0.16666666666666602,0.16666666666666602,0.0007530030679195001,0.0007530030744133334,50,50,0.001165745180796,0.0
asymmetric,6,6,0,32,0.5,MLE,0.16666666666666666,0.16666666666666666,0.16666666666666602,0.16666666666666602,0.001076096492235067,0.001076096498189301,50,50,0.002097019526943,0.0
asymmetric,6,6,0,32,0.5,Minimax,0.16666666666666666,0.16666666666666666,0.16666666666666602,0.16666666666666602,0.0008159565403653889,0.0008159565468592224,50,50,0.000961389156021,0.0
asymmetric,6,6,0,32,0.75,A1,0.6666666666666666,0.6666666666666666,0.6666666666666671,0.6666666666666671,0.0007540305993533333,0.0007540306058473334,50,50,0.001189920018159,0.0
asymmetric,6,6,0,32,0.75,CVaR,0.3333333333333333,0.3333333333333333,0.33333333333333304,0.33333333333333304,0.0007874930960230001,0.0007874931025171667,50,50,0.0010632003864030001,0.0
asymmetric,6,6,0,32,0.75,Greedy,0.6666666666666666,0.6666666666666666,0.6666666666666671,0.6666666666666671,0.0007540305993533333,0.0007540306058473334,50,50,0.001189920018159,0.0
asymmetric,6,6,0,32,0.75,Hinge,0.3333333333333333,0.5,0.33333333333333304,0.5,0.0007760951245098334,0.0007760951310036668,50,50,0.001158752821637,0.0
asymmetric,6,6,0,32,0.75,LCRC,0.16666666666666666,0.16666666666666666,0.16666666666666602,0.16666666666666602,0.0008159565403653889,0.0008159565468592224,50,50,0.000961389156021,0.0
asymmetric,6,6,0,32,0.75,MA,0.5,0.5,0.5,0.5,0.0007530030679195001,0.0007530030744133334,50,50,0.001165745180796,0.0
asymmetric,6,6,0,32,0.75,MLE,0.16666666666666666,0.16666666666666666,0.16666666666666602,0.16666666666666602,0.001076096492235067,0.001076096498189301,50,50,0.002097019526943,0.0
asymmetric,6,6,0,32,0.75,Minimax,0.16666666666666666,0.16666666666666666,0.16666666666666602,0.16666666666666602,0.0008159565403653889,0.0008159565468592224,50,50,0.000961389156021,0.0
asymmetric,6,6,0,32,1.0,A1,0.6666666666666666,0.6666666666666666,0.6666666666666671,0.6666666666666671,0.0007530030679195001,0.0007530030744133334,50,50,0.001165745180796,0.0
asymmetric,6,6,0,32,1.0,CVaR,0.6666666666666666,0.6666666666666666,0.6666666666666671,0.6666666666666671,0.0007874930960230001,0.0007874931025171667,50,50,0.0010632003864030001,0.0
asymmetric,6,6,0,32,1.0,Greedy,0.8333333333333334,0.8333333333333334,0.833333333333333,0.833333333333333,0.0007622592010711667,0.0007622592075648334,50,50,0.0011535192133590002,0.0
asymmetric,6,6,0,32,1.0,Hinge,0.5,1.0,0.5,1.0,0.0008159491649698333,0.0008159491714636668,50,50,0.000961389157833,0.0
asymmetric,6,6,0,32,1.0,LCRC,0.5,1.0,0.5,1.0,0.0008159565403653889,0.0008159565468592224,50,50,0.000961389156021,0.0
asymmetric,6,6,0,32,1.0,MA,0.6666666666666666,0.6666666666666666,0.6666666666666671,0.6666666666666671,0.0007530030679195001,0.0007530030744133334,50,50,0.001165745180796,0.0
asymmetric,6,6,0,32,1.0,MLE,0.3333333333333333,0.3333333333333333,0.33333333333333304,0.33333333333333304,0.001076096492235067,0.001076096498189301,50,50,0.002097019526943,0.0
asymmetric,6,6,0,32,1.0,Minimax,0.5,1.0,0.5,1.0,0.0008159565403653889,0.0008159565468592224,50,50,0.000961389156021,0.0
asymmetric,6,6,0,256,0.25,A1,0.3333333333333333,0.3333333333333333,0.33333333333333304,0.33333333333333304,0.0009193722089206667,0.0009193722154146668,50,50,0.001959468236198,0.0
asymmetric,6,6,0,256,0.25,CVaR,0.0,0.0,0.0,0.0,0.0007874930960230001,0.0007874931025171667,50,50,0.0010632003864030001,0.0
asymmetric,6,6,0,256,0.25,Greedy,0.16666666666666666,0.16666666666666666,0.16666666666666602,0.16666666666666602,0.0007590370604905,0.0007590370669845,50,50,0.0012428271013150002,0.0
asymmetric,6,6,0,256,0.25,Hinge,0.0,0.0,0.0,0.0,0.0007530030679225,0.0007530030744163334,50,50,0.001165743349654,0.0
asymmetric,6,6,0,256,0.25,LCRC,0.0,0.0,0.0,0.0,0.0008159564817186668,0.0008159564882125,50,50,0.000961389156021,0.0
asymmetric,6,6,0,256,0.25,MA,0.0,0.0,0.0,0.0,0.0007530030679195001,0.0007530030744133334,50,50,0.001165745180796,0.0
asymmetric,6,6,0,256,0.25,MLE,0.16666666666666666,0.16666666666666666,0.16666666666666602,0.16666666666666602,0.001076096492235067,0.001076096498189301,50,50,0.002097019526943,0.0
asymmetric,6,6,0,256,0.25,Minimax,0.0,0.0,0.0,0.0,0.0008159564817186668,0.0008159564882125,50,50,0.000961389156021,0.0
asymmetric,6,6,0,256,0.5,A1,0.5,0.5,0.5,0.5,0.0008073382919418333,0.0008073382984356667,50,50,0.0013550905453940001,0.0
asymmetric,6,6,0,256,0.5,CVaR,0.16666666666666666,0.16666666666666666,0.16666666666666602,0.16666666666666602,0.0007874930960230001,0.0007874931025171667,50,50,0.0010632003864030001,0.0
asymmetric,6,6,0,256,0.5,Greedy,0.5,0.5,0.5,0.5,0.0008073382919418333,0.0008073382984356667,50,50,0.0013550905453940001,0.0
asymmetric,6,6,0,256,0.5,Hinge,0.16666666666666666,0.16666666666666666,0.16666666666666602,0.16666666666666602,0.0007662119943278334,0.0007662120008220001,50,50,0.0010978326145640001,0.0
asymmetric,6,6,0,256,0.5,LCRC,0.16666666666666666,0.16666666666666666,0.16666666666666602,0.16666666666666602,0.0008159564817186668,0.0008159564882125,50,50,0.000961389156021,0.0
asymmetric,6,6,0,256,0.5,MA,0.16666666666666666,0.16666666666666666,0.16666666666666602,0.16666666666666602,0.0007530030679195001,0.0007530030744133334,50,50,0.001165745180796,0.0
asymmetric,6,6,0,256,0.5,MLE,0.16666666666666666,0.16666666666666666,0.16666666666666602,0.16666666666666602,0.001076096492235067,0.001076096498189301,50,50,0.002097019526943,0.0
asymmetric,6,6,0,256,0.5,Minimax,0.16666666666666666,0.16666666666666666,0.16666666666666602,0.16666666666666602,0.0008159564817186668,0.0008159564882125,50,50,0.000961389156021,0.0
asymmetric,6,6,0,256,0.75,A1,0.6666666666666666,0.6666666666666666,0.6666666666666671,0.6666666666666671,0.0007540305993533333,0.0007540306058473334,50,50,0.001189920018159,0.0
asymmetric,6,6,0,256,0.75,CVaR,0.3333333333333333,0.3333333333333333,0.33333333333333304,0.33333333333333304,0.0007874930960230001,0.0007874931025171667,50,50,0.0010632003864030001,0.0
asymmetric,6,6,0,256,0.75,Greedy,0.6666666666666666,0.6666666666666666,0.6666666666666671,0.6666666666666671,0.0007540305993533333,0.0007540306058473334,50,50,0.001189920018159,0.0
asymmetric,6,6,0,256,0.75,Hinge,0.3333333333333333,0.5,0.33333333333333304,0.5,0.0007760951245098334,0.0007760951310036668,50,50,0.001158752821637,0.0
asymmetric,6,6,0,256,0.75,LCRC,0.16666666666666666,0.16666666666666666,0.16666666666666602,0.16666666666666602,0.0008159564817186668,0.0008159564882125,50,50,0.000961389156021,0.0
asymmetric,6,6,0,256,0.75,MA,0.5,0.5,0.5,0.5,0.0007530030679195001,0.0007530030744133334,50,50,0.001165745180796,0.0
asymmetric,6,6,0,256,0.75,MLE,0.16666666666666666,0.16666666666666666,0.16666666666666602,0.16666666666666602,0.001076096492235067,0.001076096498189301,50,50,0.002097019526943,0.0
asymmetric,6,6,0,256,0.75,Minimax,0.16666666666666666,0.16666666666666666,0.16666666666666602,0.16666666666666602,0.0008159564817186668,0.0008159564882125,50,50,0.000961389156021,0.0
asymmetric,6,6,0,256,1.0,A1,0.6666666666666666,0.6666666666666666,0.6666666666666671,0.6666666666666671,0.0007530030679195001,0.0007530030744133334,50,50,0.001165745180796,0.0
asymmetric,6,6,0,256,1.0,CVaR,0.6666666666666666,0.6666666666666666,0.6666666666666671,0.6666666666666671,0.0007874930960230001,0.0007874931025171667,50,50,0.0010632003864030001,0.0
asymmetric,6,6,0,256,1.0,Greedy,0.8333333333333334,0.8333333333333334,0.833333333333333,0.833333333333333,0.0007622592010711667,0.0007622592075648334,50,50,0.0011535192133590002,0.0
asymmetric,6,6,0,256,1.0,Hinge,0.5,1.0,0.5,1.0,0.0008159491649698333,0.0008159491714636668,50,50,0.000961389157833,0.0
asymmetric,6,6,0,256,1.0,LCRC,0.5,1.0,0.5,1.0,0.0008159564817186668,0.0008159564882125,50,50,0.000961389156021,0.0
asymmetric,6,6,0,256,1.0,MA,0.6666666666666666,0.6666666666666666,0.6666666666666671,0.6666666666666671,0.0007530030679195001,0.0007530030744133334,50,50,0.001165745180796,0.0
asymmetric,6,6,0,256,1.0,MLE,0.3333333333333333,0.3333333333333333,0.33333333333333304,0.33333333333333304,0.001076096492235067,0.001076096498189301,50,50,0.002097019526943,0.0
asymmetric,6,6,0,256,1.0,Minimax,0.5,1.0,0.5,1.0,0.0008159564817186668,0.0008159564882125,50,50,0.000961389156021,0.0
asymmetric,6,6,1,32,0.25,A1,0.5601851851851852,0.5601851851851852,0.5892829006182326,0.5892829006182326,0.0007108299459823185,0.0007108299524762073,50,50,0.002126981656488999,0.25
asymmetric,6,6,1,32,0.25,CVaR,0.1412037037037037,0.1412037037037037,0.1462714658303823,0.1462714658303823,0.000558185214032253,0.0005581852205261113,50,50,0.00091251160571645,0.1111111111111111
asymmetric,6,6,1,32,0.25,Greedy,0.5208333333333334,0.5208333333333334,0.5445775112078556,0.5445775112078556,0.0005605739992790927,0.0005605740057729442,50,50,0.0014579898278050001,0.25
asymmetric,6,6,1,32,0.25,Hinge,0.0,0.2962962962962963,0.0,0.2663343723174365,0.0005369946571404422,0.0005369946636344075,50,50,0.0010408487524302499,0.0
asymmetric,6,6,1,32,0.25,LCRC,0.0,0.0,0.0,0.0,0.0007826072870703171,0.0007826072935640812,50,50,0.000961389156021,0.0
asymmetric,6,6,1,32,0.25,MA,0.2962962962962963,0.2962962962962963,0.2663343723174365,0.2663343723174365,0.0005155185949733393,0.0005155186014672229,50,50,0.001060240347695,0.125
asymmetric,6,6,1,32,0.25,MLE,0.5208333333333334,0.5208333333333334,0.5225622569220623,0.5225622569220623,0.0008850384536320601,0.0008850384584358284,50,50,0.0026325853889772985,0.25
asymmetric,6,6,1,32,0.25,Minimax,0.0,0.0,0.0,0.0,0.0008159564817186668,0.0008159564882125,50,50,0.000961389156021,0.0
asymmetric,6,6,1,32,0.5,A1,0.7615740740740741,0.7615740740740741,0.7565699457691291,0.7565699457691291,0.000598300306965408,0.0005983003134593999,50,50,0.0013534211968735,0.4444444444444444
asymmetric,6,6,1,32,0.5,CVaR,0.3171296296296296,0.3171296296296296,0.3417556996810173,0.3417556996810173,0.000558185214032253,0.0005581852205261113,50,50,0.00091251160571645,0.2222222222222222
asymmetric,6,6,1,32,0.5,Greedy,0.7824074074074074,0.7824074074074074,0.7221880860263856,0.7221880860263856,0.0005127484496506461,0.0005127484561444909,50,50,0.00121205584942065,0.4444444444444444
asymmetric,6,6,1,32,0.5,Hinge,0.12962962962962962,0.5763888888888888,0.10991913067900176,0.583531871420572,0.0005867393784874398,0.0005867393849814445,50,50,0.00104658464534785,0.0
asymmetric,6,6,1,32,0.5,LCRC,0.14814814814814814,0.14814814814814814,0.17140944240737124,0.17140944240737124,0.0007826072870703171,0.0007826072935640812,50,50,0.000961389156021,0.0
asymmetric,6,6,1,32,0.5,MA,0.5162037037037037,0.5162037037037037,0.5287713933022745,0.5287713933022745,0.0005155185949733393,0.0005155186014672229,50,50,0.001060240347695,0.25
asymmetric,6,6,1,32,0.5,MLE,0.5208333333333334,0.5208333333333334,0.5225622569220623,0.5225622569220623,0.0008850384536320601,0.0008850384584358284,50,50,0.0026325853889772985,0.25
asymmetric,6,6,1,32,0.5,Minimax,0.16666666666666666,0.16666666666666666,0.18214261583367505,0.18214261583367505,0.0008159564817186668,0.0008159564882125,50,50,0.000961389156021,0.0
asymmetric,6,6,1,32,0.75,A1,0.9189814814814815,0.9189814814814815,0.8850243848362366,0.8850243848362366,0.0005996398856798604,0.0005996398921737665,50,50,0.0011299897219455993,0.625
asymmetric,6,6,1,32,0.75,CVaR,0.7129629629629629,0.7129629629629629,0.7156817695845668,0.7156817695845668,0.000558185214032253,0.0005581852205261113,50,50,0.00091251160571645,0.5
asymmetric,6,6,1,32,0.75,Greedy,0.9398148148148149,0.9398148148148149,0.8599797387536433,0.8599797387536433,0.0005396368815487591,0.0005396368880426642,50,50,0.0008773381165191492,0.75
asymmetric,6,6,1,32,0.75,Hinge,0.41435185185185186,0.8564814814814815,0.40129843584019315,0.8173364610871796,0.0006971602055745024,0.0006971602120684283,50,50,0.0008867099744749499,0.0
asymmetric,6,6,1,32,0.75,LCRC,0.26851851851851855,0.26851851851851855,0.32720636403536135,0.32720636403536135,0.0007826072870703171,0.0007826072935640812,50,50,0.000961389156021,0.0
asymmetric,6,6,1,32,0.75,MA,0.6782407407407408,0.6782407407407408,0.7117885402764402,0.7117885402764402,0.0005155185949733393,0.0005155186014672229,50,50,0.001060240347695,0.375
asymmetric,6,6,1,32,0.75,MLE,0.5208333333333334,0.5208333333333334,0.5225622569220623,0.5225622569220623,0.0008850384536320601,0.0008850384584358284,50,50,0.0026325853889772985,0.25
asymmetric,6,6,1,32,0.75,Minimax,0.16666666666666666,0.16666666666666666,0.18214261583367505,0.18214261583367505,0.0008159564817186668,0.0008159564882125,50,50,0.000961389156021,0.0
asymmetric,6,6,1,32,1.0,A1,0.8819444444444443,0.8819444444444443,0.8502735227830284,0.8502735227830284,0.0005152671503630441,0.0005152671568570342,50,50,0.0010602403477081,0.625
asymmetric,6,6,1,32,1.0,CVaR,0.9606481481481483,0.9606481481481483,0.8953608944075846,0.8953608944075846,0.000558185214032253,0.0005581852205261113,50,50,0.00091251160571645,0.875
asymmetric,6,6,1,32,1.0,Greedy,0.9814814814814815,0.9814814814814815,0.9646874586871276,0.9646874586871276,0.000628760293387169,0.0006287602998811107,50,50,0.0009613891462230001,0.8888888888888888
asymmetric,6,6,1,32,1.0,Hinge,0.7152777777777777,1.0,0.6749878815352854,0.9638979248193232,0.0008159519297090094,0.0008159519362029561,50,50,0.0009613891527267501,0.25
asymmetric,6,6,1,32,1.0,LCRC,0.6365740740740741,1.0,0.6730523839017076,0.9988809029663138,0.0007826072870703171,0.0007826072935640812,50,50,0.000961389156021,0.125
asymmetric,6,6,1,32,1.0,MA,0.8819444444444443,0.8819444444444443,0.8482683201688789,0.8482683201688789,0.0005155185949733393,0.0005155186014672229,50,50,0.001060240347695,0.625
asymmetric,6,6,1,32,1.0,MLE,0.5416666666666666,0.5416666666666666,0.5859270021692663,0.5859270021692663,0.0008850384536320601,0.0008850384584358284,50,50,0.0026325853889772985,0.25
asymmetric,6,6,1,32,1.0,Minimax,0.5,1.0,0.5089985144292241,1.000000000000002,0.0008159564817186668,0.0008159564882125,50,50,0.000961389156021,0.0
asymmetric,6,6,1,256,0.25,A1,0.5972222222222222,0.5972222222222222,0.5885619730993369,0.5885619730993369,0.000650219109703382,0.0006502191161973032,50,50,0.0020449837241377,0.25
asymmetric,6,6,1,256,0.25,CVaR,0.14351851851851852,0.14351851851851852,0.13128535781107004,0.13128535781107004,0.0005724178058134134,0.0005724178123074127,50,50,0.0011181935614892997,0.0
asymmetric,6,6,1,256,0.25,Greedy,0.4976851851851852,0.4976851851851852,0.54649353213124,0.54649353213124,0.0006316219277980409,0.0006316219342919722,50,50,0.00206700822917265,0.375
asymmetric,6,6,1,256,0.25,Hinge,0.0,0.3194444444444444,0.0,0.32018336723964835,0.0005716911386846158,0.0005716911451785416,50,50,0.0013127612839432998,0.0
asymmetric,6,6,1,256,0.25,LCRC,0.020833333333333332,0.020833333333333332,0.020639150161472896,0.020639150161472896,0.0007577835355148682,0.0007577835420087478,50,50,0.000961389156021,0.0
asymmetric,6,6,1,256,0.25,MA,0.3194444444444444,0.3194444444444444,0.3166290983092064,0.3166290983092064,0.0005431536960948422,0.0005431537025887293,50,50,0.0013127622573815498,0.0
asymmetric,6,6,1,256,0.25,MLE,0.4976851851851852,0.4976851851851852,0.5193586062532846,0.5193586062532846,0.0009748449165813239,0.0009748449214589207,50,50,0.0036297143886202996,0.375
asymmetric,6,6,1,256,0.25,Minimax,0.0,0.0,0.0,0.0,0.0008159564817186668,0.0008159564882125,50,50,0.000961389156021,0.0
asymmetric,6,6,1,256,0.5,A1,0.7546296296296297,0.7546296296296297,0.7490270782075054,0.7490270782075054,0.0006305519519916196,0.0006305519584856096,50,50,0.0016395579226068002,0.375
asymmetric,6,6,1,256,0.5,CVaR,0.4166666666666667,0.4166666666666667,0.3776756819683615,0.3776756819683615,0.0005724178058134134,0.0005724178123074127,50,50,0.0011181935614892997,0.1111111111111111
asymmetric,6,6,1,256,0.5,Greedy,0.7361111111111112,0.7361111111111112,0.7093868809121862,0.7093868809121862,0.0005959768627689322,0.0005959768692628115,50,50,0.0017313416211770496,0.375
asymmetric,6,6,1,256,0.5,Hinge,0.13194444444444445,0.6504629629629629,0.11876654988471753,0.58336211528863,0.0006411049844961482,0.0006411049909900973,50,50,0.0012379785780723,0.0
asymmetric,6,6,1,256,0.5,LCRC,0.1898148148148148,0.1898148148148148,0.14464943141231656,0.14464943141231656,0.0007577835355148682,0.0007577835420087478,50,50,0.000961389156021,0.0
asymmetric,6,6,1,256,0.5,MA,0.5532407407407408,0.5532407407407408,0.5188313427488703,0.5188313427488703,0.0005431536960948422,0.0005431537025887293,50,50,0.0013127622573815498,0.125
asymmetric,6,6,1,256,0.5,MLE,0.4976851851851852,0.4976851851851852,0.5193586062532846,0.5193586062532846,0.0009748449165813239,0.0009748449214589207,50,50,0.0036297143886202996,0.375
asymmetric,6,6,1,256,0.5,Minimax,0.16666666666666666,0.16666666666666666,0.1324749262016197,0.1324749262016197,0.0008159564817186668,0.0008159564882125,50,50,0.000961389156021,0.0
asymmetric,6,6,1,256,0.75,A1,0.8773148148148149,0.8773148148148149,0.8873831836125685,0.8873831836125685,0.0006218143637565762,0.0006218143702505146,50,50,0.00146869757563665,0.625
asymmetric,6,6,1,256,0.75,CVaR,0.7129629629629629,0.7129629629629629,0.6787970633939947,0.6787970633939947,0.0005724178058134134,0.0005724178123074127,50,50,0.0011181935614892997,0.375
asymmetric,6,6,1,256,0.75,Greedy,0.8564814814814815,0.8564814814814815,0.8683578473645497,0.8683578473645497,0.0005746196673469675,0.0005746196738408575,50,50,0.0013662393119225995,0.5
asymmetric,6,6,1,256,0.75,Hinge,0.41435185185185186,0.7754629629629629,0.39603249983524,0.8016799114727289,0.00073463051776525,0.0007346305242591599,50,50,0.00119123466935545,0.0
asymmetric,6,6,1,256,0.75,LCRC,0.33101851851851855,0.33101851851851855,0.27596819982734805,0.27596819982734805,0.0007577835355148682,0.0007577835420087478,50,50,0.000961389156021,0.0
asymmetric,6,6,1,256,0.75,MA,0.7337962962962963,0.7337962962962963,0.7186686955585165,0.7186686955585165,0.0005431536960948422,0.0005431537025887293,50,50,0.0013127622573815498,0.375
asymmetric,6,6,1,256,0.75,MLE,0.4976851851851852,0.4976851851851852,0.5193586062532846,0.5193586062532846,0.0009748449165813239,0.0009748449214589207,50,50,0.0036297143886202996,0.375
asymmetric,6,6,1,256,0.75,Minimax,0.16666666666666666,0.16666666666666666,0.1324749262016197,0.1324749262016197,0.0008159564817186668,0.0008159564882125,50,50,0.000961389156021,0.0
asymmetric,6,6,1,256,1.0,A1,0.8171296296296297,0.8171296296296297,0.8421769181454991,0.8421769181454991,0.0005407261022916023,0.0005407261087855055,50,50,0.0013135160338479997,0.5
asymmetric,6,6,1,256,1.0,CVaR,0.8564814814814815,0.8981481481481483,0.883027080818735,0.9168140184088736,0.0005724178058134134,0.0005724178123074127,50,50,0.0011181935614892997,0.5
asymmetric,6,6,1,256,1.0,Greedy,0.9189814814814815,0.9189814814814815,0.9561001022948169,0.9561001022948169,0.0006446447776546862,0.0006446447841484904,50,50,0.0012291689353353499,0.75
asymmetric,6,6,1,256,1.0,Hinge,0.6597222222222222,0.9189814814814815,0.6879169460427027,0.9593774327761032,0.0008159496307909861,0.0008159496372848588,50,50,0.0009613891611379001,0.25
asymmetric,6,6,1,256,1.0,LCRC,0.6435185185185185,1.0,0.6665728793198552,0.9982724623497597,0.0007577835355148682,0.0007577835420087478,50,50,0.000961389156021,0.1111111111111111
asymmetric,6,6,1,256,1.0,MA,0.7962962962962963,0.7962962962962963,0.8338719958663954,0.8338719958663954,0.0005431536960948422,0.0005431537025887293,50,50,0.0013127622573815498,0.5
asymmetric,6,6,1,256,1.0,MLE,0.5370370370370371,0.5370370370370371,0.5751463842949902,0.5751463842949902,0.0009748449165813239,0.0009748449214589207,50,50,0.0036297143886202996,0.375
asymmetric,6,6,1,256,1.0,Minimax,0.5,1.0,0.5104306086597049,0.9999999999999902,0.0008159564817186668,0.0008159564882125,50,50,0.000961389156021,0.0
asymmetric,6,6,3,32,0.25,A1,0.861111111111111,0.861111111111111,0.838885968998774,0.838885968998774,0.00028084105900584913,0.00028084106549973144,50,50,0.0011646322732560002,0.625
asymmetric,6,6,3,32,0.25,CVaR,0.6018518518518519,0.6018518518518519,0.5651144188540056,0.5651144188540056,0.00020697465128423947,0.0002069746577781271,50,50,0.0006786762653408499,0.5555555555555556
asymmetric,6,6,3,32,0.25,Greedy,0.8425925925925926,0.8425925925925926,0.8299734588772845,0.8299734588772845,0.00019612238315526602,0.000196122389649179,50,50,0.0009885062762678496,0.625
asymmetric,6,6,3,32,0.25,Hinge,0.12037037037037036,0.7430555555555555,0.11948125324489602,0.7574226655409079,0.00031144062474333336,0.0003114406312372801,50,50,0.0007714370924185996,0.0
asymmetric,6,6,3,32,0.25,LCRC,0.19675925925925927,0.19675925925925927,0.1954786976145956,0.1954786976145956,0.000532627649691254,0.0005326276556817904,50,50,0.0008911323179390501,0.0
asymmetric,6,6,3,32,0.25,MA,0.7615740740740741,0.7615740740740741,0.759046384970724,0.759046384970724,0.00018035771073447932,0.00018035771722839516,50,50,0.0009885062762020997,0.625
asymmetric,6,6,3,32,0.25,MLE,0.8425925925925926,0.8425925925925926,0.8092256675711026,0.8092256675711026,0.00024445080081203144,0.0002444508045697411,50,50,0.0017197109397600002,0.625
asymmetric,6,6,3,32,0.25,Minimax,0.0,0.0,0.0,0.0,0.0008159564817186668,0.0008159564882125,50,50,0.000961389156021,0.0
asymmetric,6,6,3,32,0.5,A1,0.9398148148148149,0.9398148148148149,0.926182280479364,0.926182280479364,0.00033254179856655945,0.0003325418050604746,50,50,0.000704187039896249,0.875
asymmetric,6,6,3,32,0.5,CVaR,0.8171296296296297,0.8171296296296297,0.7937543954479188,0.7937543954479188,0.00020697465128423947,0.0002069746577781271,50,50,0.0006786762653408499,0.75
asymmetric,6,6,3,32,0.5,Greedy,0.9398148148148149,0.9398148148148149,0.9130218928654257,0.9130218928654257,0.0002597257979725923,0.000259725804466433,50,50,0.0007968421769732484,0.875
asymmetric,6,6,3,32,0.5,Hinge,0.2916666666666667,0.9398148148148149,0.293944971422898,0.9101981536107225,0.00048167395081065515,0.000481673957304544,50,50,0.0004943091825019499,0.0
asymmetric,6,6,3,32,0.5,LCRC,0.4328703703703704,0.4328703703703704,0.42690115912236787,0.42690115912236787,0.000532627649691254,0.0005326276556817904,50,50,0.0008911323179390501,0.125
asymmetric,6,6,3,32,0.5,MA,0.8796296296296297,0.8796296296296297,0.8505563020423353,0.8505563020423353,0.00018035771073447932,0.00018035771722839516,50,50,0.0009885062762020997,0.625
asymmetric,6,6,3,32,0.5,MLE,0.8425925925925926,0.8425925925925926,0.8092256675711026,0.8092256675711026,0.00024445080081203144,0.0002444508045697411,50,50,0.0017197109397600002,0.625
asymmetric,6,6,3,32,0.5,Minimax,0.16666666666666666,0.16666666666666666,0.14752594670852454,0.14752594670852454,0.0008159564817186668,0.0008159564882125,50,50,0.000961389156021,0.0
asymmetric,6,6,3,32,0.75,A1,1.0,1.0,0.9742819419061624,0.9742819419061624,0.0004946009995366952,0.0004946010060307039,50,50,0.00072104185798535,1.0
asymmetric,6,6,3,32,0.75,CVaR,0.9583333333333334,0.9583333333333334,0.9294267662331358,0.9294267662331358,0.00020697465128423947,0.0002069746577781271,50,50,0.0006786762653408499,0.875
asymmetric,6,6,3,32,0.75,Greedy,1.0,1.0,0.9683534547363837,0.9683534547363837,0.0003622772843883293,0.0003622772908823052,50,50,0.00072104185798985,1.0
asymmetric,6,6,3,32,0.75,Hinge,0.611111111111111,0.9791666666666666,0.6112712790441687,0.9565209869492772,0.0006556151916406852,0.0006556151981346089,50,50,0.0007210418645361001,0.125
asymmetric,6,6,3,32,0.75,LCRC,0.6296296296296297,0.6296296296296297,0.6298928400463873,0.6298928400463873,0.000532627649691254,0.0005326276556817904,50,50,0.0008911323179390501,0.375
asymmetric,6,6,3,32,0.75,MA,0.9189814814814815,0.9189814814814815,0.893222137895534,0.893222137895534,0.00018035771073447932,0.00018035771722839516,50,50,0.0009885062762020997,0.75
asymmetric,6,6,3,32,0.75,MLE,0.8425925925925926,0.8425925925925926,0.8092256675711026,0.8092256675711026,0.00024445080081203144,0.0002444508045697411,50,50,0.0017197109397600002,0.625
asymmetric,6,6,3,32,0.75,Minimax,0.16666666666666666,0.16666666666666666,0.14752594670852454,0.14752594670852454,0.0008159564817186668,0.0008159564882125,50,50,0.000961389156021,0.0
asymmetric,6,6,3,32,1.0,A1,0.9398148148148149,0.9398148148148149,0.9193692633271486,0.9193692633271486,0.00018035771073456096,0.00018035771722847447,50,50,0.0009885062762025497,0.875
asymmetric,6,6,3,32,1.0,CVaR,0.9791666666666666,0.9791666666666666,0.9531182875742533,0.9531182875742533,0.00020697465128423947,0.0002069746577781271,50,50,0.0006786762653408499,0.875
asymmetric,6,6,3,32,1.0,Greedy,1.0,1.0,0.9971162177714845,0.9971162177714845,0.0005176394851347268,0.0005176394916286777,50,50,0.0009230422526779001,1.0
asymmetric,6,6,3,32,1.0,Hinge,0.8773148148148149,1.0,0.8869182282753374,0.996994198514828,0.0008158904092040743,0.000815890415697919,50,50,0.00096138915225,0.625
asymmetric,6,6,3,32,1.0,LCRC,0.9791666666666666,1.0,0.9617065757201257,0.9973000727280094,0.000532627649691254,0.0005326276556817904,50,50,0.0008911323179390501,0.875
asymmetric,6,6,3,32,1.0,MA,0.9398148148148149,0.9398148148148149,0.9193692633271486,0.9193692633271486,0.00018035771073447932,0.00018035771722839516,50,50,0.0009885062762020997,0.875
asymmetric,6,6,3,32,1.0,MLE,0.8425925925925926,0.8425925925925926,0.8370010607871928,0.8370010607871928,0.00024445080081203144,0.0002444508045697411,50,50,0.0017197109397600002,0.625
asymmetric,6,6,3,32,1.0,Minimax,0.5,1.0,0.5093354090116401,0.9999999999999934,0.0008159564817186668,0.0008159564882125,50,50,0.000961389156021,0.0
asymmetric,6,6,3,256,0.25,A1,0.8819444444444443,0.8819444444444443,0.8347063135764409,0.8347063135764409,0.0002802125192969857,0.0002802125257909328,50,50,0.00106472663751525,0.7777777777777778
asymmetric,6,6,3,256,0.25,CVaR,0.5995370370370371,0.5995370370370371,0.564928909828907,0.564928909828907,0.00021993348093124403,0.00021993348742516388,50,50,0.0007062060806809998,0.375
asymmetric,6,6,3,256,0.25,Greedy,0.861111111111111,0.861111111111111,0.8269346923452345,0.8269346923452345,0.00021803615390609784,0.00021803616040001416,50,50,0.0008081256470370498,0.75
asymmetric,6,6,3,256,0.25,Hinge,0.12037037037037036,0.8009259259259259,0.11970744016823502,0.7496918463888371,0.0003027588217032338,0.00030275882819721993,50,50,0.0005907340696413998,0.0
asymmetric,6,6,3,256,0.25,LCRC,0.26157407407407407,0.26157407407407407,0.2601727841045963,0.2601727841045963,0.00045760693099383123,0.00045760693670656295,50,50,0.0008911323179244501,0.125
asymmetric,6,6,3,256,0.25,MA,0.7824074074074074,0.7824074074074074,0.7342291143934601,0.7342291143934601,0.0001593332628065256,0.00015933326930049757,50,50,0.0006230096267959498,0.625
asymmetric,6,6,3,256,0.25,MLE,0.8425925925925926,0.8425925925925926,0.8053026628724541,0.8053026628724541,0.00027762573372157334,0.00027762573747995453,50,50,0.0018853010154484995,0.75
asymmetric,6,6,3,256,0.25,Minimax,0.0,0.0,0.0,0.0,0.0008159564817186668,0.0008159564882125,50,50,0.000961389156021,0.0
asymmetric,6,6,3,256,0.5,A1,0.9606481481481483,0.9606481481481483,0.9259518016932639,0.9259518016932639,0.0003351985196381317,0.0003351985261319113,50,50,0.0004806945698733,0.875
asymmetric,6,6,3,256,0.5,CVaR,0.8587962962962963,0.8587962962962963,0.818365850839347,0.818365850839347,0.00021993348093124403,0.00021993348742516388,50,50,0.0007062060806809998,0.75
asymmetric,6,6,3,256,0.5,Greedy,0.9398148148148149,0.9398148148148149,0.9124356484637253,0.9124356484637253,0.00027518664059557834,0.00027518664708948943,50,50,0.0006454994759660992,0.75
asymmetric,6,6,3,256,0.5,Hinge,0.41435185185185186,0.9189814814814815,0.40008470396185447,0.8883759652451498,0.0004902779931249861,0.0004902779996188773,50,50,0.0005308057566427999,0.25
asymmetric,6,6,3,256,0.5,LCRC,0.4583333333333333,0.4583333333333333,0.4716920437257943,0.4716920437257943,0.00045760693099383123,0.00045760693670656295,50,50,0.0008911323179244501,0.25
asymmetric,6,6,3,256,0.5,MA,0.9004629629629629,0.9004629629629629,0.8292396270873033,0.8292396270873033,0.0001593332628065256,0.00015933326930049757,50,50,0.0006230096267959498,0.75
asymmetric,6,6,3,256,0.5,MLE,0.8425925925925926,0.8425925925925926,0.8053026628724541,0.8053026628724541,0.00027762573372157334,0.00027762573747995453,50,50,0.0018853010154484995,0.75
asymmetric,6,6,3,256,0.5,Minimax,0.16666666666666666,0.16666666666666666,0.1747137705509896,0.1747137705509896,0.0008159564817186668,0.0008159564882125,50,50,0.000961389156021,0.0
asymmetric,6,6,3,256,0.75,A1,1.0,1.0,0.973884327503253,0.973884327503253,0.00048420960343574407,0.00048420960992969853,50,50,0.00072104185794215,1.0
asymmetric,6,6,3,256,0.75,CVaR,0.9375,0.9375,0.8984222341597435,0.8984222341597435,0.00021993348093124403,0.00021993348742516388,50,50,0.0007062060806809998,0.75
asymmetric,6,6,3,256,0.75,Greedy,1.0,1.0,0.9683841356968932,0.9683841356968932,0.00035605415215580707,0.0003560541586497619,50,50,0.0007205817324926001,1.0
asymmetric,6,6,3,256,0.75,Hinge,0.6712962962962963,0.9791666666666666,0.6629787313142621,0.9512903649849571,0.000661423230184581,0.0006614232366785926,50,50,0.0007210418645375501,0.25
asymmetric,6,6,3,256,0.75,LCRC,0.7546296296296297,0.7546296296296297,0.7412188705956259,0.7412188705956259,0.00045760693099383123,0.00045760693670656295,50,50,0.0008911323179244501,0.5
asymmetric,6,6,3,256,0.75,MA,0.9606481481481483,0.9606481481481483,0.8944423639820127,0.8944423639820127,0.0001593332628065256,0.00015933326930049757,50,50,0.0006230096267959498,0.875
asymmetric,6,6,3,256,0.75,MLE,0.8425925925925926,0.8425925925925926,0.8053026628724541,0.8053026628724541,0.00027762573372157334,0.00027762573747995453,50,50,0.0018853010154484995,0.75
asymmetric,6,6,3,256,0.75,Minimax,0.16666666666666666,0.16666666666666666,0.1747137705509896,0.1747137705509896,0.0008159564817186668,0.0008159564882125,50,50,0.000961389156021,0.0
asymmetric,6,6,3,256,1.0,A1,0.9791666666666666,0.9791666666666666,0.9370381435269811,0.9370381435269811,0.0001593332628069163,0.00015933326930081193,50,50,0.0006230096267973997,0.875
asymmetric,6,6,3,256,1.0,CVaR,0.9791666666666666,0.9791666666666666,0.9601668843352148,0.9601668843352148,0.00021993348093124403,0.00021993348742516388,50,50,0.0007062060806809998,0.875
asymmetric,6,6,3,256,1.0,Greedy,1.0,1.0,0.9968150294624581,0.9968150294624581,0.0004967293729676642,0.0004967293794616687,50,50,0.0008582474510207001,1.0
asymmetric,6,6,3,256,1.0,Hinge,0.9421296296296297,1.0,0.9293952255678452,0.9968182699625606,0.0008157116565353011,0.0008157116630293125,50,50,0.00096138914537755,0.7777777777777778
asymmetric,6,6,3,256,1.0,LCRC,0.9814814814814815,1.0,0.9618795134764708,0.997348261105124,0.00045760693099383123,0.00045760693670656295,50,50,0.0008911323179244501,0.8888888888888888
asymmetric,6,6,3,256,1.0,MA,0.9791666666666666,0.9791666666666666,0.9370381435269811,0.9370381435269811,0.0001593332628065256,0.00015933326930049757,50,50,0.0006230096267959498,0.875
asymmetric,6,6,3,256,1.0,MLE,0.861111111111111,0.861111111111111,0.8326212467726953,0.8326212467726953,0.00027762573372157334,0.00027762573747995453,50,50,0.0018853010154484995,0.75
asymmetric,6,6,3,256,1.0,Minimax,0.5,1.0,0.4901648776179665,0.9999999999999755,0.0008159564817186668,0.0008159564882125,50,50,0.000961389156021,0.0
asymmetric,6,6,6,32,0.25,A1,0.9606481481481483,0.9606481481481483,0.9617420250609494,0.9617420250609494,0.0001868249910019333,0.00018682499741033134,50,50,0.00024034728166335,0.875
asymmetric,6,6,6,32,0.25,CVaR,0.9212962962962963,0.9212962962962963,0.9188543339777011,0.9188543339777011,8.351591867385113e-05,8.351592485330537e-05,50,50,0.0004923759336392,0.75
asymmetric,6,6,6,32,0.25,Greedy,0.9606481481481483,0.9606481481481483,0.960203668160255,0.960203668160255,0.00010299719808421333,0.00010299720411401027,50,50,0.00024034728166335,0.875
asymmetric,6,6,6,32,0.25,Hinge,0.2847222222222222,0.9212962962962963,0.28444459640379416,0.9374453838393033,0.0002814359024067917,0.00028143590890064124,50,50,0.00036657731305129966,0.0
asymmetric,6,6,6,32,0.25,LCRC,0.6273148148148148,0.6273148148148148,0.6264673291134252,0.6264673291134252,0.0001979966390529464,0.00019799664364655707,50,50,0.00075422476175185,0.3333333333333333
asymmetric,6,6,6,32,0.25,MA,0.9212962962962963,0.9212962962962963,0.9333209676799109,0.9333209676799109,8.78824967967523e-05,8.788250282657212e-05,50,50,0.0003665753821801497,0.75
asymmetric,6,6,6,32,0.25,MLE,0.9606481481481483,0.9606481481481483,0.9558324043904998,0.9558324043904998,9.219250888954085e-05,9.21925122641951e-05,50,50,3.267823511787782e-12,0.875
asymmetric,6,6,6,32,0.25,Minimax,0.0,0.0,0.0,0.0,0.0008159564817186668,0.0008159564882125,50,50,0.000961389156021,0.0
asymmetric,6,6,6,32,0.5,A1,0.9791666666666666,0.9791666666666666,0.9748961649945835,0.9748961649945835,0.0003093263723595704,0.0003093263788533916,50,50,0.00047954018361895005,0.875
asymmetric,6,6,6,32,0.5,CVaR,0.9212962962962963,0.9212962962962963,0.9374161334253496,0.9374161334253496,8.351591867385113e-05,8.351592485330537e-05,50,50,0.0004923759336392,0.75
asymmetric,6,6,6,32,0.5,Greedy,0.9791666666666666,0.9791666666666666,0.9737769341005743,0.9737769341005743,0.00021138773005478103,0.0002113877363329419,50,50,0.00047803024217140007,0.875
asymmetric,6,6,6,32,0.5,Hinge,0.6620370370370371,0.9791666666666666,0.6633701542264694,0.9727908529816388,0.0004914698712886042,0.0004914698777824306,50,50,0.00048069457635855,0.3333333333333333
asymmetric,6,6,6,32,0.5,LCRC,0.8032407407407408,0.8032407407407408,0.8036652906883147,0.8036652906883147,0.0001979966390529464,0.00019799664364655707,50,50,0.00075422476175185,0.4444444444444444
asymmetric,6,6,6,32,0.5,MA,0.9606481481481483,0.9606481481481483,0.9558324043904998,0.9558324043904998,8.78824967967523e-05,8.788250282657212e-05,50,50,0.0003665753821801497,0.875
asymmetric,6,6,6,32,0.5,MLE,0.9606481481481483,0.9606481481481483,0.9558324043904998,0.9558324043904998,9.219250888954085e-05,9.21925122641951e-05,50,50,3.267823511787782e-12,0.875
asymmetric,6,6,6,32,0.5,Minimax,0.16666666666666666,0.16666666666666666,0.162612124864274,0.162612124864274,0.0008159564817186668,0.0008159564882125,50,50,0.000961389156021,0.0
asymmetric,6,6,6,32,0.75,A1,1.0,1.0,0.9974804718547924,0.9974804718547924,0.0004183579982377232,0.0004183580047316519,50,50,0.0007049424056254001,1.0
asymmetric,6,6,6,32,0.75,CVaR,0.9791666666666666,0.9791666666666666,0.9817271727063672,0.9817271727063672,8.351591867385113e-05,8.351592485330537e-05,50,50,0.0004923759336392,0.875
asymmetric,6,6,6,32,0.75,Greedy,1.0,1.0,0.99724083987026,0.99724083987026,0.0003109913919791048,0.0003109913983392302,50,50,0.0007064322302088,1.0
asymmetric,6,6,6,32,0.75,Hinge,0.8333333333333334,1.0,0.8240395389161571,0.9966344596302233,0.0006694976758811504,0.0006694976823751205,50,50,0.0007210418632554001,0.625
asymmetric,6,6,6,32,0.75,LCRC,0.9166666666666666,0.9166666666666666,0.9180926634952334,0.9180926634952334,0.0001979966390529464,0.00019799664364655707,50,50,0.00075422476175185,0.875
asymmetric,6,6,6,32,0.75,MA,0.9606481481481483,0.9606481481481483,0.9696258693235574,0.9696258693235574,8.78824967967523e-05,8.788250282657212e-05,50,50,0.0003665753821801497,0.875
asymmetric,6,6,6,32,0.75,MLE,0.9606481481481483,0.9606481481481483,0.9558324043904998,0.9558324043904998,9.219250888954085e-05,9.21925122641951e-05,50,50,3.267823511787782e-12,0.875
asymmetric,6,6,6,32,0.75,Minimax,0.16666666666666666,0.16666666666666666,0.162612124864274,0.162612124864274,0.0008159564817186668,0.0008159564882125,50,50,0.000961389156021,0.0
asymmetric,6,6,6,32,1.0,A1,0.9606481481481483,0.9606481481481483,0.9783595266585833,0.9783595266585833,8.788249679668801e-05,8.788250282647002e-05,50,50,0.0003665753821773997,0.875
asymmetric,6,6,6,32,1.0,CVaR,0.9791666666666666,0.9791666666666666,0.986043646515097,0.986043646515097,8.351591867385113e-05,8.351592485330537e-05,50,50,0.0004923759336392,0.875
asymmetric,6,6,6,32,1.0,Greedy,1.0,1.0,0.9998918455674413,0.9998918455674413,0.0004535041127619189,0.0004535041192558734,50,50,0.00082526368663035,1.0
asymmetric,6,6,6,32,1.0,Hinge,0.9791666666666666,1.0,0.9783303219216574,0.9998920281992731,0.0007885156426926435,0.0007885156491865509,50,50,0.0009613887945282,0.875
asymmetric,6,6,6,32,1.0,LCRC,1.0,1.0,0.998390254658748,0.998390254658748,0.0001979966390529464,0.00019799664364655707,50,50,0.00075422476175185,1.0
asymmetric,6,6,6,32,1.0,MA,0.9606481481481483,0.9606481481481483,0.9783595266585833,0.9783595266585833,8.78824967967523e-05,8.788250282657212e-05,50,50,0.0003665753821801497,0.875
asymmetric,6,6,6,32,1.0,MLE,0.9606481481481483,0.9606481481481483,0.9617420250609494,0.9617420250609494,9.219250888954085e-05,9.21925122641951e-05,50,50,3.267823511787782e-12,0.875
asymmetric,6,6,6,32,1.0,Minimax,0.5,1.0,0.4733259738731354,0.9999999999999981,0.0008159564817186668,0.0008159564882125,50,50,0.000961389156021,0.0
asymmetric,6,6,6,256,0.25,A1,0.9398148148148149,0.9398148148148149,0.9518240275903797,0.9518240275903797,0.0002201833280085316,0.00022018333429876498,50,50,0.0005695664745166484,0.875
asymmetric,6,6,6,256,0.25,CVaR,0.8842592592592592,0.8842592592592592,0.8852472563920485,0.8852472563920485,6.512354113363799e-05,6.512354723526517e-05,50,50,0.00039608517561409934,0.6666666666666666
asymmetric,6,6,6,256,0.25,Greedy,0.9398148148148149,0.9398148148148149,0.9510486623041561,0.9510486623041561,0.00010347376771741673,0.00010347377374900245,50,50,0.0004927196836676987,0.875
asymmetric,6,6,6,256,0.25,Hinge,0.42361111111111116,0.9398148148148149,0.42315271125108805,0.9272807046430769,0.0002805369996180394,0.00028053700611208797,50,50,0.0002651470732946499,0.1111111111111111
asymmetric,6,6,6,256,0.25,LCRC,0.7222222222222222,0.7222222222222222,0.7208076263715822,0.7208076263715822,0.0001276705685201413,0.00012767057266919928,50,50,0.0007158503417883494,0.5
asymmetric,6,6,6,256,0.25,MA,0.9398148148148149,0.9398148148148149,0.9185343860916428,0.9185343860916428,7.626222714229465e-05,7.626223303918373e-05,50,50,0.00036826154027994924,0.875
asymmetric,6,6,6,256,0.25,MLE,0.9212962962962963,0.9212962962962963,0.9426243143349978,0.9426243143349978,0.0001460966927022536,0.00014609669620452566,50,50,0.0010039234562537996,0.7777777777777778
asymmetric,6,6,6,256,0.25,Minimax,0.0,0.0,0.0,0.0,0.0008159564817186668,0.0008159564882125,50,50,0.000961389156021,0.0
asymmetric,6,6,6,256,0.5,A1,0.9791666666666666,0.9791666666666666,0.9861644979350154,0.9861644979350154,0.00029445868963660964,0.0002944586961304623,50,50,0.00047943742959800006,0.875
asymmetric,6,6,6,256,0.5,CVaR,0.9398148148148149,0.9398148148148149,0.9392875089522247,0.9392875089522247,6.512354113363799e-05,6.512354723526517e-05,50,50,0.00039608517561409934,0.875
asymmetric,6,6,6,256,0.5,Greedy,0.9791666666666666,0.9791666666666666,0.984303104578082,0.984303104578082,0.00017414136145624175,0.00017414136781785392,50,50,0.0004794374296189,0.875
asymmetric,6,6,6,256,0.5,Hinge,0.6967592592592592,0.9791666666666666,0.6712436125301653,0.9844312951828441,0.0004953143612701111,0.0004953143677639815,50,50,0.00048069457635440007,0.375
asymmetric,6,6,6,256,0.5,LCRC,0.9004629629629629,0.9004629629629629,0.9001664168866044,0.9001664168866044,0.0001276705685201413,0.00012767057266919928,50,50,0.0007158503417883494,0.75
asymmetric,6,6,6,256,0.5,MA,0.9398148148148149,0.9398148148148149,0.9583762226779102,0.9583762226779102,7.626222714229465e-05,7.626223303918373e-05,50,50,0.00036826154027994924,0.875
asymmetric,6,6,6,256,0.5,MLE,0.9212962962962963,0.9212962962962963,0.9426243143349978,0.9426243143349978,0.0001460966927022536,0.00014609669620452566,50,50,0.0010039234562537996,0.7777777777777778
asymmetric,6,6,6,256,0.5,Minimax,0.16666666666666666,0.16666666666666666,0.1448960575199677,0.1448960575199677,0.0008159564817186668,0.0008159564882125,50,50,0.000961389156021,0.0
asymmetric,6,6,6,256,0.75,A1,0.9791666666666666,0.9791666666666666,0.9923278750121939,0.9923278750121939,0.0004596616057115866,0.0004596616122053533,50,50,0.0007048387544131001,0.875
asymmetric,6,6,6,256,0.75,CVaR,0.9791666666666666,0.9791666666666666,0.9679968656858101,0.9679968656858101,6.512354113363799e-05,6.512354723526517e-05,50,50,0.00039608517561409934,0.875
asymmetric,6,6,6,256,0.75,Greedy,0.9791666666666666,0.9791666666666666,0.9920292779943952,0.9920292779943952,0.0003581229827446022,0.0003581229892384009,50,50,0.0007048845433684,0.875
asymmetric,6,6,6,256,0.75,Hinge,0.8981481481481483,0.9791666666666666,0.8650856906410743,0.9918035586992356,0.0006703090596325902,0.0006703090661265556,50,50,0.0007210418615496001,0.625
asymmetric,6,6,6,256,0.75,LCRC,0.9398148148148149,0.9398148148148149,0.9402695887775653,0.9402695887775653,0.0001276705685201413,0.00012767057266919928,50,50,0.0007158503417883494,0.875
asymmetric,6,6,6,256,0.75,MA,0.9606481481481483,0.9606481481481483,0.974519709832648,0.974519709832648,7.626222714229465e-05,7.626223303918373e-05,50,50,0.00036826154027994924,0.875
asymmetric,6,6,6,256,0.75,MLE,0.9212962962962963,0.9212962962962963,0.9426243143349978,0.9426243143349978,0.0001460966927022536,0.00014609669620452566,50,50,0.0010039234562537996,0.7777777777777778
asymmetric,6,6,6,256,0.75,Minimax,0.16666666666666666,0.16666666666666666,0.1448960575199677,0.1448960575199677,0.0008159564817186668,0.0008159564882125,50,50,0.000961389156021,0.0
asymmetric,6,6,6,256,1.0,A1,0.9791666666666666,0.9791666666666666,0.9811960077509466,0.9811960077509466,7.626222714240685e-05,7.626223303925565e-05,50,50,0.00036826154028304925,0.875
asymmetric,6,6,6,256,1.0,CVaR,1.0,1.0,0.9919354167572019,0.9919354167572019,6.512354113363799e-05,6.512354723526517e-05,50,50,0.00039608517561409934,1.0
asymmetric,6,6,6,256,1.0,Greedy,1.0,1.0,0.9993749577043539,0.9993749577043539,0.00048098114191119716,0.00048098114840511335,50,50,0.0008252764592463001,1.0
asymmetric,6,6,6,256,1.0,Hinge,0.9791666666666666,1.0,0.9755590678023727,0.9993619363569507,0.0007672548410489099,0.0007672548475428936,50,50,0.0009613890161242001,0.875
asymmetric,6,6,6,256,1.0,LCRC,1.0,1.0,0.9948847341687205,0.9983918058073752,0.0001276705685201413,0.00012767057266919928,50,50,0.0007158503417883494,1.0
asymmetric,6,6,6,256,1.0,MA,0.9791666666666666,0.9791666666666666,0.9811960077509466,0.9811960077509466,7.626222714229465e-05,7.626223303918373e-05,50,50,0.00036826154027994924,0.875
asymmetric,6,6,6,256,1.0,MLE,0.9398148148148149,0.9398148148148149,0.9518240275903797,0.9518240275903797,0.0001460966927022536,0.00014609669620452566,50,50,0.0010039234562537996,0.875
asymmetric,6,6,6,256,1.0,Minimax,0.5,1.0,0.4716400856891618,1.0000000000000047,0.0008159564817186668,0.0008159564882125,50,50,0.000961389156021,0.0
asymmetric,6,10,0,32,0.25,A1,0.4,0.4,0.400000000000003,0.400000000000003,0.0010002961080115,0.0010002961144749,50,50,0.0028737405946570004,0.0
asymmetric,6,10,0,32,0.25,CVaR,0.2,0.2,0.200000000000001,0.200000000000001,0.0008247816414822002,0.0008247816479460001,50,50,0.0015132109867440002,0.0
asymmetric,6,10,0,32,0.25,Greedy,0.2,0.2,0.200000000000001,0.200000000000001,0.0008401937271618001,0.0008401937336256001,50,50,0.0015903261530720001,0.0
asymmetric,6,10,0,32,0.25,Hinge,0.1,0.2,0.1,0.200000000000001,0.0008096831065389,0.0008096831130027,50,50,0.001518712661591,0.0
asymmetric,6,10,0,32,0.25,LCRC,0.0,0.0,0.0,0.0,0.000865720329303,0.0008657203357667999,50,50,0.0012721463760080002,0.0
asymmetric,6,10,0,32,0.25,MA,0.2,0.2,0.200000000000001,0.200000000000001,0.0008055981670373,0.0008055981735011,50,50,0.00158350393753,0.0
asymmetric,6,10,0,32,0.25,MLE,0.1,0.1,0.1,0.1,0.0013906218006820314,0.001390621806824063,50,50,0.003215535014921,0.0
asymmetric,6,10,0,32,0.25,Minimax,0.0,0.0,0.0,0.0,0.000865720329303,0.0008657203357667999,50,50,0.0012721463760080002,0.0
asymmetric,6,10,0,32,0.5,A1,0.7,0.7,0.7000000000000061,0.7000000000000061,0.0008774787677244001,0.0008774787741882001,50,50,0.0019556208354620003,0.0
asymmetric,6,10,0,32,0.5,CVaR,0.3,0.3,0.30000000000000204,0.30000000000000204,0.0008247816414822002,0.0008247816479460001,50,50,0.0015132109867440002,0.0
asymmetric,6,10,0,32,0.5,Greedy,0.5,0.5,0.500000000000004,0.500000000000004,0.0008055981670373,0.0008055981735010001,50,50,0.001583503937422,0.0
asymmetric,6,10,0,32,0.5,Hinge,0.2,0.5,0.200000000000001,0.500000000000004,0.0008113074588606001,0.0008113074653246001,50,50,0.0016154823387590001,0.0
asymmetric,6,10,0,32,0.5,LCRC,0.3,0.3,0.30000000000000204,0.30000000000000204,0.000865720329303,0.0008657203357667999,50,50,0.0012721463760080002,0.0
asymmetric,6,10,0,32,0.5,MA,0.5,0.5,0.500000000000004,0.500000000000004,0.0008055981670373,0.0008055981735011,50,50,0.00158350393753,0.0
asymmetric,6,10,0,32,0.5,MLE,0.2,0.2,0.200000000000001,0.200000000000001,0.0013906218006820314,0.001390621806824063,50,50,0.003215535014921,0.0
asymmetric,6,10,0,32,0.5,Minimax,0.3,0.3,0.30000000000000204,0.30000000000000204,0.000865720329303,0.0008657203357667999,50,50,0.0012721463760080002,0.0
asymmetric,6,10,0,32,0.75,A1,0.8,0.8,0.8000000000000071,0.8000000000000071,0.0008209447550619001,0.0008209447615259,50,50,0.0018674312006980002,0.0
asymmetric,6,10,0,32,0.75,CVaR,0.6,0.6,0.6000000000000051,0.6000000000000051,0.0008247816414822002,0.0008247816479460001,50,50,0.0015132109867440002,0.0
asymmetric,6,10,0,32,0.75,Greedy,0.8,0.8,0.8000000000000071,0.8000000000000071,0.0008209447550621,0.0008209447615260001,50,50,0.001867431083947,0.0
asymmetric,6,10,0,32,0.75,Hinge,0.5,0.6,0.500000000000004,0.6000000000000051,0.0008350495796135001,0.0008350495860773001,50,50,0.0015997020454270002,0.0
asymmetric,6,10,0,32,0.75,LCRC,0.6,0.6,0.6000000000000051,0.6000000000000051,0.000865720329303,0.0008657203357667999,50,50,0.0012721463760080002,0.0
asymmetric,6,10,0,32,0.75,MA,0.7,0.7,0.7000000000000061,0.7000000000000061,0.0008055981670373,0.0008055981735011,50,50,0.00158350393753,0.0
asymmetric,6,10,0,32,0.75,MLE,0.3,0.3,0.30000000000000204,0.30000000000000204,0.0013906218006820314,0.001390621806824063,50,50,0.003215535014921,0.0
asymmetric,6,10,0,32,0.75,Minimax,0.6,0.6,0.6000000000000051,0.6000000000000051,0.000865720329303,0.0008657203357667999,50,50,0.0012721463760080002,0.0
asymmetric,6,10,0,32,1.0,A1,0.9,0.9,0.900000000000008,0.900000000000008,0.0008055981670370002,0.0008055981735011,50,50,0.0015835039375290002,0.0
asymmetric,6,10,0,32,1.0,CVaR,0.9,0.9,0.900000000000008,0.900000000000008,0.0008247816414822002,0.0008247816479460001,50,50,0.0015132109867440002,0.0
asymmetric,6,10,0,32,1.0,Greedy,0.9,0.9,0.900000000000008,0.900000000000008,0.0008615961955690001,0.0008615962020332001,50,50,0.0012828301501130001,0.0
asymmetric,6,10,0,32,1.0,Hinge,0.6,0.9,0.6000000000000051,0.900000000000008,0.0008657203255937002,0.0008657203320577001,50,50,0.001272146379937,0.0
asymmetric,6,10,0,32,1.0,LCRC,0.6,1.0,0.6000000000000051,1.000000000000009,0.000865720329303,0.0008657203357667999,50,50,0.0012721463760080002,0.0
asymmetric,6,10,0,32,1.0,MA,0.9,0.9,0.900000000000008,0.900000000000008,0.0008055981670373,0.0008055981735011,50,50,0.00158350393753,0.0
asymmetric,6,10,0,32,1.0,MLE,0.6,0.6,0.6000000000000051,0.6000000000000051,0.0013906218006820314,0.001390621806824063,50,50,0.003215535014921,0.0
asymmetric,6,10,0,32,1.0,Minimax,0.6,1.0,0.6000000000000051,1.000000000000009,0.000865720329303,0.0008657203357667999,50,50,0.0012721463760080002,0.0
asymmetric,6,10,0,256,0.25,A1,0.4,0.4,0.40000000000004904,0.40000000000004904,0.0010002961080114,0.0010002961144751,50,50,0.002873740594609,0.0
asymmetric,6,10,0,256,0.25,CVaR,0.2,0.2,0.20000000000002402,0.20000000000002402,0.0008247816414868001,0.0008247816479508001,50,50,0.0015132109867750001,0.0
asymmetric,6,10,0,256,0.25,Greedy,0.2,0.2,0.20000000000002402,0.20000000000002402,0.0008401937271618001,0.0008401937336256001,50,50,0.0015903261530700002,0.0
asymmetric,6,10,0,256,0.25,Hinge,0.1,0.2,0.10000000000001201,0.20000000000002402,0.0008096831065388001,0.0008096831130027,50,50,0.001518712661591,0.0
asymmetric,6,10,0,256,0.25,LCRC,0.0,0.0,0.0,0.0,0.000865720329303,0.0008657203357667999,50,50,0.0012721463760080002,0.0
asymmetric,6,10,0,256,0.25,MA,0.2,0.2,0.20000000000002402,0.20000000000002402,0.0008055981670373,0.0008055981735011,50,50,0.00158350393753,0.0
asymmetric,6,10,0,256,0.25,MLE,0.1,0.1,0.10000000000001201,0.10000000000001201,0.0013906218006820314,0.001390621806824063,50,50,0.003215535014921,0.0
asymmetric,6,10,0,256,0.25,Minimax,0.0,0.0,0.0,0.0,0.000865720329303,0.0008657203357667999,50,50,0.0012721463760080002,0.0
asymmetric,6,10,0,256,0.5,A1,0.7,0.7,0.7000000000000861,0.7000000000000861,0.0008774787677984002,0.0008774787742621001,50,50,0.001955620873238,0.0
asymmetric,6,10,0,256,0.5,CVaR,0.3,0.3,0.300000000000037,0.300000000000037,0.0008247816414868001,0.0008247816479508001,50,50,0.0015132109867750001,0.0
asymmetric,6,10,0,256,0.5,Greedy,0.5,0.5,0.5000000000000611,0.5000000000000611,0.0008055981670372001,0.0008055981735009,50,50,0.001583503937422,0.0
asymmetric,6,10,0,256,0.5,Hinge,0.2,0.5,0.20000000000002402,0.5000000000000611,0.0008113074588608001,0.0008113074653246001,50,50,0.0016154823387600002,0.0
asymmetric,6,10,0,256,0.5,LCRC,0.3,0.3,0.300000000000037,0.300000000000037,0.000865720329303,0.0008657203357667999,50,50,0.0012721463760080002,0.0
asymmetric,6,10,0,256,0.5,MA,0.5,0.5,0.5000000000000611,0.5000000000000611,0.0008055981670373,0.0008055981735011,50,50,0.00158350393753,0.0
asymmetric,6,10,0,256,0.5,MLE,0.2,0.2,0.20000000000002402,0.20000000000002402,0.0013906218006820314,0.001390621806824063,50,50,0.003215535014921,0.0
asymmetric,6,10,0,256,0.5,Minimax,0.3,0.3,0.300000000000037,0.300000000000037,0.000865720329303,0.0008657203357667999,50,50,0.0012721463760080002,0.0
asymmetric,6,10,0,256,0.75,A1,0.8,0.8,0.8000000000000981,0.8000000000000981,0.0008209447550621,0.0008209447615259002,50,50,0.0018674312006900001,0.0
asymmetric,6,10,0,256,0.75,CVaR,0.6,0.6,0.600000000000073,0.600000000000073,0.0008247816414868001,0.0008247816479508001,50,50,0.0015132109867750001,0.0
asymmetric,6,10,0,256,0.75,Greedy,0.8,0.8,0.8000000000000981,0.8000000000000981,0.0008209447550623,0.0008209447615261,50,50,0.0018674310839430002,0.0
asymmetric,6,10,0,256,0.75,Hinge,0.5,0.6,0.5000000000000611,0.600000000000073,0.0008350495796528001,0.0008350495861166001,50,50,0.0015997020459520002,0.0
asymmetric,6,10,0,256,0.75,LCRC,0.6,0.6,0.600000000000073,0.600000000000073,0.000865720329303,0.0008657203357667999,50,50,0.0012721463760080002,0.0
asymmetric,6,10,0,256,0.75,MA,0.7,0.7,0.7000000000000861,0.7000000000000861,0.0008055981670373,0.0008055981735011,50,50,0.00158350393753,0.0
asymmetric,6,10,0,256,0.75,MLE,0.3,0.3,0.300000000000037,0.300000000000037,0.0013906218006820314,0.001390621806824063,50,50,0.003215535014921,0.0
asymmetric,6,10,0,256,0.75,Minimax,0.6,0.6,0.600000000000073,0.600000000000073,0.000865720329303,0.0008657203357667999,50,50,0.0012721463760080002,0.0
asymmetric,6,10,0,256,1.0,A1,0.9,0.9,0.9000000000001102,0.9000000000001102,0.0008055981670370002,0.0008055981735011,50,50,0.0015835039375290002,0.0
asymmetric,6,10,0,256,1.0,CVaR,0.9,0.9,0.9000000000001102,0.9000000000001102,0.0008247816414868001,0.0008247816479508001,50,50,0.0015132109867750001,0.0
asymmetric,6,10,0,256,1.0,Greedy,0.9,0.9,0.9000000000001102,0.9000000000001102,0.000861596190523,0.0008615961969867001,50,50,0.0012828293545410002,0.0
asymmetric,6,10,0,256,1.0,Hinge,0.6,0.9,0.600000000000073,0.9000000000001102,0.0008657203258625,0.0008657203323263,50,50,0.0012721463799380002,0.0
asymmetric,6,10,0,256,1.0,LCRC,0.6,1.0,0.600000000000073,1.000000000000123,0.000865720329303,0.0008657203357667999,50,50,0.0012721463760080002,0.0
asymmetric,6,10,0,256,1.0,MA,0.9,0.9,0.9000000000001102,0.9000000000001102,0.0008055981670373,0.0008055981735011,50,50,0.00158350393753,0.0
asymmetric,6,10,0,256,1.0,MLE,0.6,0.6,0.600000000000073,0.600000000000073,0.0013906218006820314,0.001390621806824063,50,50,0.003215535014921,0.0
asymmetric,6,10,0,256,1.0,Minimax,0.6,1.0,0.600000000000073,1.000000000000123,0.000865720329303,0.0008657203357667999,50,50,0.0012721463760080002,0.0
asymmetric,6,10,1,32,0.25,A1,0.72,0.72,0.7774927209045563,0.7774927209045563,0.0005934261783636,0.0005934261848275401,50,50,0.0019863083315573,0.6
asymmetric,6,10,1,32,0.25,CVaR,0.44000000000000006,0.44000000000000006,0.42703262111239193,0.42703262111239193,0.0004606811030634838,0.00046068110952747477,50,50,0.0011921134867568998,0.0
asymmetric,6,10,1,32,0.25,Greedy,0.6799999999999999,0.6799999999999999,0.7271887182116026,0.7271887182116026,0.0004531158664907612,0.0004531158729546202,50,50,0.0017512808777277998,0.6
asymmetric,6,10,1,32,0.25,Hinge,0.06000000000000001,0.6,0.051060513685221576,0.604987128542621,0.00048778844821664003,0.00048778845468044,50,50,0.0012865739253863,0.0
asymmetric,6,10,1,32,0.25,LCRC,0.12000000000000002,0.12000000000000002,0.10811313070646777,0.10811313070646777,0.0007319820735506601,0.0007319820800146001,50,50,0.00127012903321665,0.0
asymmetric,6,10,1,32,0.25,MA,0.5599999999999999,0.5599999999999999,0.5548424058277848,0.5548424058277848,0.0004258958622284935,0.00042589586869234486,50,50,0.0014187023984879984,0.4
asymmetric,6,10,1,32,0.25,MLE,0.58,0.58,0.5752695643914426,0.5752695643914426,0.0005514470507692623,0.0005514470553580846,50,50,0.0020088333923536997,0.2
asymmetric,6,10,1,32,0.25,Minimax,0.0,0.0,0.0,0.0,0.000865720329303,0.0008657203357667999,50,50,0.0012721463760080002,0.0
asymmetric,6,10,1,32,0.5,A1,0.9400000000000001,0.9400000000000001,0.9280056434509782,0.9280056434509782,0.0005588694392027226,0.0005588694456666677,50,50,0.001025610464838748,0.8
asymmetric,6,10,1,32,0.5,CVaR,0.8,0.8,0.8394317395270292,0.8394317395270292,0.0004606811030634838,0.00046068110952747477,50,50,0.0011921134867568998,0.6
asymmetric,6,10,1,32,0.5,Greedy,0.8800000000000001,0.8800000000000001,0.8998182026151218,0.8998182026151218,0.0004978556805673175,0.000497855687031212,50,50,0.0011281852320873492,0.6
asymmetric,6,10,1,32,0.5,Hinge,0.34,0.9,0.3503777438711094,0.90398856688844,0.0006072150109454201,0.00060721501740928,50,50,0.00100674703120965,0.0
asymmetric,6,10,1,32,0.5,LCRC,0.48,0.48,0.4894017341726594,0.4894017341726594,0.0007319820735506601,0.0007319820800146001,50,50,0.00127012903321665,0.0
asymmetric,6,10,1,32,0.5,MA,0.8,0.8,0.8000465752087257,0.8000465752087257,0.0004258958622284935,0.00042589586869234486,50,50,0.0014187023984879984,0.6
asymmetric,6,10,1,32,0.5,MLE,0.6799999999999999,0.6799999999999999,0.6505771467885053,0.6505771467885053,0.0005514470507692623,0.0005514470553580846,50,50,0.0020088333923536997,0.6
asymmetric,6,10,1,32,0.5,Minimax,0.3,0.3,0.2746598513170712,0.2746598513170712,0.000865720329303,0.0008657203357667999,50,50,0.0012721463760080002,0.0
asymmetric,6,10,1,32,0.75,A1,1.0,1.0,0.979170741052803,0.979170741052803,0.0006101046622248843,0.0006101046686887694,50,50,0.00095410977311445,1.0
asymmetric,6,10,1,32,0.75,CVaR,0.8800000000000001,0.8800000000000001,0.9141485318807708,0.9141485318807708,0.0004606811030634838,0.00046068110952747477,50,50,0.0011921134867568998,0.6
asymmetric,6,10,1,32,0.75,Greedy,1.0,1.0,0.9756938824098246,0.9756938824098246,0.000527974028047454,0.0005279740345113392,50,50,0.0009541097731497,1.0
asymmetric,6,10,1,32,0.75,Hinge,0.6,0.9800000000000001,0.6440110510191577,0.9702048599361364,0.00072506743258018,0.00072506743904406,50,50,0.000954109779609,0.0
asymmetric,6,10,1,32,0.75,LCRC,0.72,0.72,0.7687449668543191,0.7687449668543191,0.0007319820735506601,0.0007319820800146001,50,50,0.00127012903321665,0.0
asymmetric,6,10,1,32,0.75,MA,0.86,0.86,0.8932240710968944,0.8932240710968944,0.0004258958622284935,0.00042589586869234486,50,50,0.0014187023984879984,0.6
asymmetric,6,10,1,32,0.75,MLE,0.74,0.74,0.7233102817250794,0.7233102817250794,0.0005514470507692623,0.0005514470553580846,50,50,0.0020088333923536997,0.6
asymmetric,6,10,1,32,0.75,Minimax,0.6,0.6,0.6156794925310773,0.6156794925310773,0.000865720329303,0.0008657203357667999,50,50,0.0012721463760080002,0.0
asymmetric,6,10,1,32,1.0,A1,0.9400000000000001,0.9400000000000001,0.9537798083779446,0.9537798083779446,0.00042589586222833455,0.000425895868692106,50,50,0.0014187023984873984,0.8
asymmetric,6,10,1,32,1.0,CVaR,0.96,0.96,0.9717350264863273,0.9717350264863273,0.0004606811030634838,0.00046068110952747477,50,50,0.0011921134867568998,0.8
asymmetric,6,10,1,32,1.0,Greedy,1.0,1.0,0.9990714321201102,0.9990714321201102,0.0007003529270804001,0.0007003529335442801,50,50,0.0012721463661666001,1.0
asymmetric,6,10,1,32,1.0,Hinge,0.8,1.0,0.807855161210238,0.998299453933533,0.0008655061911800601,0.0008655061976440401,50,50,0.0012721463726431,0.2
asymmetric,6,10,1,32,1.0,LCRC,0.9800000000000001,1.0,0.9870856116660139,0.9977991063932956,0.0007319820735506601,0.0007319820800146001,50,50,0.00127012903321665,0.8
asymmetric,6,10,1,32,1.0,MA,0.9400000000000001,0.9400000000000001,0.9537798083779446,0.9537798083779446,0.0004258958622284935,0.00042589586869234486,50,50,0.0014187023984879984,0.8
asymmetric,6,10,1,32,1.0,MLE,0.82,0.82,0.8291807430808442,0.8291807430808442,0.0005514470507692623,0.0005514470553580846,50,50,0.0020088333923536997,0.6
asymmetric,6,10,1,32,1.0,Minimax,0.6,1.0,0.6156794925310773,1.0000000000000038,0.000865720329303,0.0008657203357667999,50,50,0.0012721463760080002,0.0
asymmetric,6,10,1,256,0.25,A1,0.8400000000000001,0.8400000000000001,0.8034991543609022,0.8034991543609022,0.00038984126620488,0.00038984127266884,50,50,0.0010242250345469,0.6
asymmetric,6,10,1,256,0.25,CVaR,0.5,0.5,0.4697846119614417,0.4697846119614417,0.0003222858636286246,0.0003222858700925152,50,50,0.0007863676869272992,0.0
asymmetric,6,10,1,256,0.25,Greedy,0.86,0.86,0.7666661320734846,0.7666661320734846,0.00028628291424752296,0.000286282920711334,50,50,0.0007767322794277997,0.6
asymmetric,6,10,1,256,0.25,Hinge,0.1,0.76,0.09709127538602394,0.686801018650907,0.0003733062603723801,0.00037330626683618006,50,50,0.00066875915482645,0.0
asymmetric,6,10,1,256,0.25,LCRC,0.2,0.2,0.18880627637288003,0.18880627637288003,0.0005886164684011017,0.0005886164747357833,50,50,0.00117232618329545,0.0
asymmetric,6,10,1,256,0.25,MA,0.7,0.7,0.6446226385386544,0.6446226385386544,0.000261590805242554,0.00026159081170647533,50,50,0.0008449644823404499,0.4
asymmetric,6,10,1,256,0.25,MLE,0.6799999999999999,0.6799999999999999,0.6087933873179978,0.6087933873179978,0.0003581936156423249,0.0003581936199082298,50,50,0.00138693794451525,0.2
asymmetric,6,10,1,256,0.25,Minimax,0.0,0.0,0.0,0.0,0.000865720329303,0.0008657203357667999,50,50,0.0012721463760080002,0.0
asymmetric,6,10,1,256,0.5,A1,0.9800000000000001,0.9800000000000001,0.9582129129514539,0.9582129129514539,0.0004545945989206,0.00045459460538442,50,50,0.00063607317989445,0.8
asymmetric,6,10,1,256,0.5,CVaR,0.9400000000000001,0.9400000000000001,0.8830672803673674,0.8830672803673674,0.0003222858636286246,0.0003222858700925152,50,50,0.0007863676869272992,0.6
asymmetric,6,10,1,256,0.5,Greedy,0.9800000000000001,0.9800000000000001,0.9446499324709775,0.9446499324709775,0.00038055073599926474,0.0003805507424631041,50,50,0.00063607317988575,0.8
asymmetric,6,10,1,256,0.5,Hinge,0.5599999999999999,0.9800000000000001,0.51734158290679,0.9448102411052772,0.00054871591289208,0.0005487159193559001,50,50,0.0006360731864017501,0.0
asymmetric,6,10,1,256,0.5,LCRC,0.6,0.6,0.5477326863650008,0.5477326863650008,0.0005886164684011017,0.0005886164747357833,50,50,0.00117232618329545,0.2
asymmetric,6,10,1,256,0.5,MA,0.86,0.86,0.8318067501081691,0.8318067501081691,0.000261590805242554,0.00026159081170647533,50,50,0.0008449644823404499,0.6
asymmetric,6,10,1,256,0.5,MLE,0.7,0.7,0.6940798338338785,0.6940798338338785,0.0003581936156423249,0.0003581936199082298,50,50,0.00138693794451525,0.4
asymmetric,6,10,1,256,0.5,Minimax,0.3,0.3,0.2719108754874645,0.2719108754874645,0.000865720329303,0.0008657203357667999,50,50,0.0012721463760080002,0.0
asymmetric,6,10,1,256,0.75,A1,1.0,1.0,0.9869867163310262,0.9869867163310262,0.0005744590634634417,0.0005744590699273319,50,50,0.0009541097730725501,1.0
asymmetric,6,10,1,256,0.75,CVaR,0.9800000000000001,0.9800000000000001,0.949331866317622,0.949331866317622,0.0003222858636286246,0.0003222858700925152,50,50,0.0007863676869272992,0.8
asymmetric,6,10,1,256,0.75,Greedy,1.0,1.0,0.9823979594348276,0.9823979594348276,0.00045679761805605176,0.00045679762452006196,50,50,0.000954109773091,1.0
asymmetric,6,10,1,256,0.75,Hinge,0.72,1.0,0.7003697520949322,0.9802540004261582,0.0006856486715961001,0.00068564867805996,50,50,0.0009541097796001,0.2
asymmetric,6,10,1,256,0.75,LCRC,0.8800000000000001,0.8800000000000001,0.8888623651743781,0.8888623651743781,0.0005886164684011017,0.0005886164747357833,50,50,0.00117232618329545,0.6
asymmetric,6,10,1,256,0.75,MA,0.96,0.96,0.9300577764138692,0.9300577764138692,0.000261590805242554,0.00026159081170647533,50,50,0.0008449644823404499,0.8
asymmetric,6,10,1,256,0.75,MLE,0.78,0.78,0.7618782121734339,0.7618782121734339,0.0003581936156423249,0.0003581936199082298,50,50,0.00138693794451525,0.6
asymmetric,6,10,1,256,0.75,Minimax,0.6,0.6,0.5719931721904532,0.5719931721904532,0.000865720329303,0.0008657203357667999,50,50,0.0012721463760080002,0.0
asymmetric,6,10,1,256,1.0,A1,1.0,1.0,0.9671094066469509,0.9671094066469509,0.00026159080524253955,0.0002615908117064609,50,50,0.0008449644823428,1.0
asymmetric,6,10,1,256,1.0,CVaR,1.0,1.0,0.9693113047393893,0.9693113047393893,0.0003222858636286246,0.0003222858700925152,50,50,0.0007863676869272992,1.0
asymmetric,6,10,1,256,1.0,Greedy,1.0,1.0,0.9983821611616397,0.9983821611616397,0.0006496633103221791,0.0006496633167859965,50,50,0.0012703432744331001,1.0
asymmetric,6,10,1,256,1.0,Hinge,0.8800000000000001,1.0,0.8377916334085681,0.9967668121492503,0.0008657227846941201,0.00086572279115806,50,50,0.0012721463726607,0.0
asymmetric,6,10,1,256,1.0,LCRC,1.0,1.0,0.9801874480760612,0.9979931984129703,0.0005886164684011017,0.0005886164747357833,50,50,0.00117232618329545,1.0
asymmetric,6,10,1,256,1.0,MA,1.0,1.0,0.9671094066469509,0.9671094066469509,0.000261590805242554,0.00026159081170647533,50,50,0.0008449644823404499,1.0
asymmetric,6,10,1,256,1.0,MLE,0.9199999999999999,0.9199999999999999,0.8717512486675816,0.8717512486675816,0.0003581936156423249,0.0003581936199082298,50,50,0.00138693794451525,0.8
asymmetric,6,10,1,256,1.0,Minimax,0.6,1.0,0.5719931721904532,1.000000000000002,0.000865720329303,0.0008657203357667999,50,50,0.0012721463760080002,0.0
asymmetric,6,10,3,32,0.25,A1,0.9800000000000001,0.9800000000000001,0.9748164305064224,0.9748164305064224,0.00027472807578200005,0.00027472808224576,50,50,0.00031803658672320003,0.8
asymmetric,6,10,3,32,0.25,CVaR,0.9,0.9,0.9222324407873617,0.9222324407873617,0.00011301529420469812,0.00011301530041496228,50,50,0.0004498572587655498,0.8
asymmetric,6,10,3,32,0.25,Greedy,0.96,0.96,0.968568127118214,0.968568127118214,0.00019652465147094048,0.00019652465780630826,50,50,0.0003180365867505,0.8
asymmetric,6,10,3,32,0.25,Hinge,0.48,0.96,0.4866294510007426,0.9605685330465932,0.00031607779969728,0.00031607780616118,50,50,0.00031803659320465,0.0
asymmetric,6,10,3,32,0.25,LCRC,0.6599999999999999,0.6599999999999999,0.6650744302006736,0.6650744302006736,0.0002633343682243321,0.0002633343735895242,50,50,0.0006991192674496497,0.2
asymmetric,6,10,3,32,0.25,MA,0.8800000000000001,0.8800000000000001,0.905285646205256,0.905285646205256,0.0001031299799466089,0.00010312998609349037,50,50,0.0004687167262534497,0.6
asymmetric,6,10,3,32,0.25,MLE,0.8,0.8,0.8632981814217745,0.8632981814217745,0.0001688320762539179,0.00016883208013269573,50,50,0.0010214630027553001,0.2
asymmetric,6,10,3,32,0.25,Minimax,0.0,0.0,0.0,0.0,0.000865720329303,0.0008657203357667999,50,50,0.0012721463760080002,0.0
asymmetric,6,10,3,32,0.5,A1,1.0,1.0,0.9967719304189429,0.9967719304189429,0.00040718577978025557,0.0004071857862440858,50,50,0.00059922356987085,1.0
asymmetric,6,10,3,32,0.5,CVaR,0.9800000000000001,0.9800000000000001,0.9803409587699701,0.9803409587699701,0.00011301529420469812,0.00011301530041496228,50,50,0.0004498572587655498,0.8
asymmetric,6,10,3,32,0.5,Greedy,1.0,1.0,0.99522074280134,0.99522074280134,0.0003284506480498989,0.0003284506545139003,50,50,0.0006195693054557999,1.0
asymmetric,6,10,3,32,0.5,Hinge,0.8,1.0,0.7927326674841134,0.9960267858775241,0.0005249099204345801,0.0005249099268984,50,50,0.00063607318639305,0.2
asymmetric,6,10,3,32,0.5,LCRC,0.9400000000000001,0.9400000000000001,0.9461497729387821,0.9461497729387821,0.0002633343682243321,0.0002633343735895242,50,50,0.0006991192674496497,0.8
asymmetric,6,10,3,32,0.5,MA,0.96,0.96,0.9654575265509001,0.9654575265509001,0.0001031299799466089,0.00010312998609349037,50,50,0.0004687167262534497,0.8
asymmetric,6,10,3,32,0.5,MLE,0.8800000000000001,0.8800000000000001,0.9107380875370163,0.9107380875370163,0.0001688320762539179,0.00016883208013269573,50,50,0.0010214630027553001,0.6
asymmetric,6,10,3,32,0.5,Minimax,0.3,0.3,0.2561855063700501,0.2561855063700501,0.000865720329303,0.0008657203357667999,50,50,0.0012721463760080002,0.0
asymmetric,6,10,3,32,0.75,A1,1.0,1.0,0.9996272759731097,0.9996272759731097,0.0005077886129728067,0.0005077886194366473,50,50,0.0009478523811550501,1.0
asymmetric,6,10,3,32,0.75,CVaR,0.9800000000000001,0.9800000000000001,0.9896449391683152,0.9896449391683152,0.00011301529420469812,0.00011301530041496228,50,50,0.0004498572587655498,0.8
asymmetric,6,10,3,32,0.75,Greedy,1.0,1.0,0.9996199538328568,0.9996199538328568,0.000433915169321367,0.00043391517578529463,50,50,0.0009478523811550501,1.0
asymmetric,6,10,3,32,0.75,Hinge,1.0,1.0,0.9875768607280431,0.9995974194545774,0.00063984516323934,0.0006398451697032001,50,50,0.0009541089247413001,1.0
asymmetric,6,10,3,32,0.75,LCRC,0.9800000000000001,0.9800000000000001,0.9965360804624982,0.9965360804624982,0.0002633343682243321,0.0002633343735895242,50,50,0.0006991192674496497,0.8
asymmetric,6,10,3,32,0.75,MA,0.9800000000000001,0.9800000000000001,0.9850393504124686,0.9850393504124686,0.0001031299799466089,0.00010312998609349037,50,50,0.0004687167262534497,0.8
asymmetric,6,10,3,32,0.75,MLE,0.9199999999999999,0.9199999999999999,0.9530986974585746,0.9530986974585746,0.0001688320762539179,0.00016883208013269573,50,50,0.0010214630027553001,0.6
asymmetric,6,10,3,32,0.75,Minimax,0.6,0.6,0.5739243419415956,0.5739243419415956,0.000865720329303,0.0008657203357667999,50,50,0.0012721463760080002,0.0
asymmetric,6,10,3,32,1.0,A1,0.9800000000000001,0.9800000000000001,0.993742458180621,0.993742458180621,0.00010312997994680073,0.00010312998609374288,50,50,0.0004687167262534497,0.8
asymmetric,6,10,3,32,1.0,CVaR,0.9800000000000001,0.9800000000000001,0.996321708189314,0.996321708189314,0.00011301529420469812,0.00011301530041496228,50,50,0.0004498572587655498,0.8
asymmetric,6,10,3,32,1.0,Greedy,1.0,1.0,0.9999994086558631,0.9999994086558631,0.000571910218149328,0.0005719102246131286,50,50,0.0012656692287817,1.0
asymmetric,6,10,3,32,1.0,Hinge,1.0,1.0,0.9999883676320437,0.9999992986315046,0.00075500101741166,0.0007550010238754801,50,50,0.0012721265461623,1.0
asymmetric,6,10,3,32,1.0,LCRC,0.9800000000000001,0.9800000000000001,0.9992294066097592,0.9992294066097592,0.0002633343682243321,0.0002633343735895242,50,50,0.0006991192674496497,0.8
asymmetric,6,10,3,32,1.0,MA,0.9800000000000001,0.9800000000000001,0.993742458180621,0.993742458180621,0.0001031299799466089,0.00010312998609349037,50,50,0.0004687167262534497,0.8
asymmetric,6,10,3,32,1.0,MLE,0.9800000000000001,0.9800000000000001,0.9813740865063736,0.9813740865063736,0.0001688320762539179,0.00016883208013269573,50,50,0.0010214630027553001,0.8
asymmetric,6,10,3,32,1.0,Minimax,0.6,1.0,0.5739243419415956,0.9999999999999936,0.000865720329303,0.0008657203357667999,50,50,0.0012721463760080002,0.0
asymmetric,6,10,3,256,0.25,A1,0.8800000000000001,0.8800000000000001,0.9499717882375804,0.9499717882375804,0.0003527752510677,0.00035277525753158004,50,50,0.0009170411309521498,0.8
asymmetric,6,10,3,256,0.25,CVaR,0.8,0.8,0.867796610275767,0.867796610275767,0.0001580728744592426,0.00015807288080642718,50,50,0.0008184156860261996,0.6
asymmetric,6,10,3,256,0.25,Greedy,0.8800000000000001,0.8800000000000001,0.9417673203319137,0.9417673203319137,0.00022871765088831967,0.00022871765728743636,50,50,0.0007459156789257495,0.8
asymmetric,6,10,3,256,0.25,Hinge,0.26,0.8400000000000001,0.28807151446454676,0.9093187797337912,0.00034410663870802,0.00034410664517188006,50,50,0.00042729226880299984,0.0
asymmetric,6,10,3,256,0.25,LCRC,0.54,0.54,0.5482860419922269,0.5482860419922269,0.00027181131497439417,0.0002718113205974084,50,50,0.00058484039095615,0.2
asymmetric,6,10,3,256,0.25,MA,0.8200000000000001,0.8200000000000001,0.8590882481174884,0.8590882481174884,0.00014673312964148,0.00014673313597931209,50,50,0.00089949465504665,0.6
asymmetric,6,10,3,256,0.25,MLE,0.8400000000000001,0.8400000000000001,0.8325996161924605,0.8325996161924605,0.00020258215428754656,0.00020258215803695316,50,50,0.0013250459446461499,0.6
asymmetric,6,10,3,256,0.25,Minimax,0.0,0.0,0.0,0.0,0.000865720329303,0.0008657203357667999,50,50,0.0012721463760080002,0.0
asymmetric,6,10,3,256,0.5,A1,1.0,1.0,0.9973765567932589,0.9973765567932589,0.00040535458680015997,0.00040535459326418,50,50,0.0006200651913777,1.0
asymmetric,6,10,3,256,0.5,CVaR,0.9199999999999999,0.9199999999999999,0.9743724872126005,0.9743724872126005,0.0001580728744592426,0.00015807288080642718,50,50,0.0008184156860261996,0.6
asymmetric,6,10,3,256,0.5,Greedy,1.0,1.0,0.9967608128953822,0.9967608128953822,0.0003344309615324074,0.00033443096799630755,50,50,0.00061935237851635,1.0
asymmetric,6,10,3,256,0.5,Hinge,0.8400000000000001,1.0,0.8468913280423065,0.9968208816144628,0.00053708935019854,0.0005370893566624001,50,50,0.0006360731861526001,0.4
asymmetric,6,10,3,256,0.5,LCRC,1.0,1.0,0.9808060454621558,0.9808060454621558,0.00027181131497439417,0.0002718113205974084,50,50,0.00058484039095615,1.0
asymmetric,6,10,3,256,0.5,MA,0.9199999999999999,0.9199999999999999,0.9722074425357885,0.9722074425357885,0.00014673312964148,0.00014673313597931209,50,50,0.00089949465504665,0.6
asymmetric,6,10,3,256,0.5,MLE,0.8400000000000001,0.8400000000000001,0.8858324883365493,0.8858324883365493,0.00020258215428754656,0.00020258215803695316,50,50,0.0013250459446461499,0.6
asymmetric,6,10,3,256,0.5,Minimax,0.3,0.3,0.3032134703338953,0.3032134703338953,0.000865720329303,0.0008657203357667999,50,50,0.0012721463760080002,0.0
asymmetric,6,10,3,256,0.75,A1,1.0,1.0,0.9998654829795489,0.9998654829795489,0.00051731960754674,0.00051731961401066,50,50,0.0009017800589632498,1.0
asymmetric,6,10,3,256,0.75,CVaR,0.9800000000000001,0.9800000000000001,0.9901067058331291,0.9901067058331291,0.0001580728744592426,0.00015807288080642718,50,50,0.0008184156860261996,0.8
asymmetric,6,10,3,256,0.75,Greedy,1.0,1.0,0.9998483688044955,0.9998483688044955,0.00046076833762433503,0.0004607683440884293,50,50,0.0008865986133541997,1.0
asymmetric,6,10,3,256,0.75,Hinge,0.96,1.0,0.974565135716834,0.9997796381038464,0.0006772670122584801,0.0006772670187223,50,50,0.0009541096553755501,0.6
asymmetric,6,10,3,256,0.75,LCRC,1.0,1.0,0.9978986248680008,0.9978986248680008,0.00027181131497439417,0.0002718113205974084,50,50,0.00058484039095615,1.0
asymmetric,6,10,3,256,0.75,MA,0.96,0.96,0.9873866511037936,0.9873866511037936,0.00014673312964148,0.00014673313597931209,50,50,0.00089949465504665,0.8
asymmetric,6,10,3,256,0.75,MLE,0.86,0.86,0.9204207895253113,0.9204207895253113,0.00020258215428754656,0.00020258215803695316,50,50,0.0013250459446461499,0.6
asymmetric,6,10,3,256,0.75,Minimax,0.6,0.6,0.5860309760599398,0.5860309760599398,0.000865720329303,0.0008657203357667999,50,50,0.0012721463760080002,0.0
asymmetric,6,10,3,256,1.0,A1,1.0,1.0,0.99576696470406,0.99576696470406,0.00014673312964133962,0.00014673313597911154,50,50,0.0008994946550461,1.0
asymmetric,6,10,3,256,1.0,CVaR,1.0,1.0,0.9961289539557894,0.9961289539557894,0.0001580728744592426,0.00015807288080642718,50,50,0.0008184156860261996,1.0
asymmetric,6,10,3,256,1.0,Greedy,1.0,1.0,0.9999962227565415,0.9999962227565415,0.0006220495882904406,0.0006220495947543375,50,50,0.00126787345383575,1.0
asymmetric,6,10,3,256,1.0,Hinge,1.0,1.0,0.9999841414192275,0.9999951923933068,0.00080631404735942,0.00080631405382334,50,50,0.00127211082986695,1.0
asymmetric,6,10,3,256,1.0,LCRC,1.0,1.0,0.9988711769148997,0.9988711769148997,0.00027181131497439417,0.0002718113205974084,50,50,0.00058484039095615,1.0
asymmetric,6,10,3,256,1.0,MA,1.0,1.0,0.99576696470406,0.99576696470406,0.00014673312964148,0.00014673313597931209,50,50,0.00089949465504665,1.0
asymmetric,6,10,3,256,1.0,MLE,0.9400000000000001,0.9400000000000001,0.9695933617841053,0.9695933617841053,0.00020258215428754656,0.00020258215803695316,50,50,0.0013250459446461499,0.8
asymmetric,6,10,3,256,1.0,Minimax,0.6,1.0,0.5860309760599398,1.0000000000000129,0.000865720329303,0.0008657203357667999,50,50,0.0012721463760080002,0.0
asymmetric,6,10,6,32,0.25,A1,0.9800000000000001,0.9800000000000001,0.9842284162436021,0.9842284162436021,0.00027823316355349997,0.00027823317001744003,50,50,0.00030257302600205,0.8
asymmetric,6,10,6,32,0.25,CVaR,0.96,0.96,0.945050719866787,0.945050719866787,2.643714481963595e-05,2.6437150304147886e-05,50,50,0.00014762126966359981,0.6
asymmetric,6,10,6,32,0.25,Greedy,0.9800000000000001,0.9800000000000001,0.983081431029278,0.983081431029278,0.00014087130014781943,0.0001408713060656705,50,50,0.00029393250240995,0.8
asymmetric,6,10,6,32,0.25,Hinge,0.7,0.9800000000000001,0.6977302218579595,0.9727314832693722,0.00031366690840458,0.00031366691486846,50,50,0.0003180365931038,0.4
asymmetric,6,10,6,32,0.25,LCRC,0.96,0.96,0.9592479735797994,0.9592479735797994,6.770481339111792e-05,6.770481746269582e-05,50,50,0.00030361414723559997,0.6
asymmetric,6,10,6,32,0.25,MA,0.9800000000000001,0.9800000000000001,0.9545185543428012,0.9545185543428012,1.553281864500753e-05,1.553282388327678e-05,50,50,7.031962152661735e-05,0.8
asymmetric,6,10,6,32,0.25,MLE,0.9800000000000001,0.9800000000000001,0.9581447443305544,0.9581447443305544,3.415406259890047e-05,3.415406589548093e-05,50,50,3.25881682750051e-12,0.8
asymmetric,6,10,6,32,0.25,Minimax,0.0,0.0,0.0,0.0,0.000865720329303,0.0008657203357667999,50,50,0.0012721463760080002,0.0
asymmetric,6,10,6,32,0.5,A1,1.0,1.0,0.9999027351683856,0.9999027351683856,0.0003913067216454001,0.00039130672810932,50,50,0.0005985508518448501,1.0
asymmetric,6,10,6,32,0.5,CVaR,1.0,1.0,0.9941297476732602,0.9941297476732602,2.643714481963595e-05,2.6437150304147886e-05,50,50,0.00014762126966359981,1.0
asymmetric,6,10,6,32,0.5,Greedy,1.0,1.0,0.9998964719166041,0.9998964719166041,0.00029400556851845835,0.00029400557498230327,50,50,0.0005398394290516001,1.0
asymmetric,6,10,6,32,0.5,Hinge,0.9800000000000001,1.0,0.989986521781885,0.9998987759936689,0.00047540441363146,0.00047540442009536,50,50,0.000636073146032,0.8
asymmetric,6,10,6,32,0.5,LCRC,1.0,1.0,0.9994092822288673,0.9994092822288673,6.770481339111792e-05,6.770481746269582e-05,50,50,0.00030361414723559997,1.0
asymmetric,6,10,6,32,0.5,MA,1.0,1.0,0.9873176002366554,0.9873176002366554,1.553281864500753e-05,1.553282388327678e-05,50,50,7.031962152661735e-05,1.0
asymmetric,6,10,6,32,0.5,MLE,0.9800000000000001,0.9800000000000001,0.9739369938452457,0.9739369938452457,3.415406259890047e-05,3.415406589548093e-05,50,50,3.25881682750051e-12,0.8
asymmetric,6,10,6,32,0.5,Minimax,0.3,0.3,0.2888230128490595,0.2888230128490595,0.000865720329303,0.0008657203357667999,50,50,0.0012721463760080002,0.0
asymmetric,6,10,6,32,0.75,A1,1.0,1.0,0.9999998118010389,0.9999998118010389,0.00041809824086750936,0.0004180982473314081,50,50,0.0009478523411458501,1.0
asymmetric,6,10,6,32,0.75,CVaR,1.0,1.0,0.9996876633306421,0.9996876633306421,2.643714481963595e-05,2.6437150304147886e-05,50,50,0.00014762126966359981,1.0
asymmetric,6,10,6,32,0.75,Greedy,1.0,1.0,0.9999998383073228,0.9999998383073228,0.00042308743995701044,0.0004230874464209252,50,50,0.0008865986069782496,1.0
asymmetric,6,10,6,32,0.75,Hinge,1.0,1.0,0.9999998299113363,0.9999998299113363,0.0005340743497810601,0.0005340743562448401,50,50,0.0009363909652131,1.0
asymmetric,6,10,6,32,0.75,LCRC,1.0,1.0,0.9996568636469201,0.9996568636469201,6.770481339111792e-05,6.770481746269582e-05,50,50,0.00030361414723559997,1.0
asymmetric,6,10,6,32,0.75,MA,1.0,1.0,0.9957970983255716,0.9957970983255716,1.553281864500753e-05,1.553282388327678e-05,50,50,7.031962152661735e-05,1.0
asymmetric,6,10,6,32,0.75,MLE,0.9800000000000001,0.9800000000000001,0.9811553017249259,0.9811553017249259,3.415406259890047e-05,3.415406589548093e-05,50,50,3.25881682750051e-12,0.8
asymmetric,6,10,6,32,0.75,Minimax,0.6,0.6,0.5850661919375406,0.5850661919375406,0.000865720329303,0.0008657203357667999,50,50,0.0012721463760080002,0.0
asymmetric,6,10,6,32,1.0,A1,1.0,1.0,0.9999446873456515,0.9999446873456515,1.55328186451267e-05,1.5532823883396496e-05,50,50,7.031962152658613e-05,1.0
asymmetric,6,10,6,32,1.0,CVaR,1.0,1.0,0.9999130185783534,0.9999130185783534,2.643714481963595e-05,2.6437150304147886e-05,50,50,0.00014762126966359981,1.0
asymmetric,6,10,6,32,1.0,Greedy,1.0,1.0,0.9999999999768372,0.9999999999768372,0.0005429131761611418,0.0005429131826250231,50,50,0.0012678733551040001,1.0
asymmetric,6,10,6,32,1.0,Hinge,1.0,1.0,0.9999999995454184,0.9999999995454184,0.00061416720046513,0.0006141672069290297,50,50,0.0011774555664205999,1.0
asymmetric,6,10,6,32,1.0,LCRC,1.0,1.0,0.9999377906582003,0.9999377906582003,6.770481339111792e-05,6.770481746269582e-05,50,50,0.00030361414723559997,1.0
asymmetric,6,10,6,32,1.0,MA,1.0,1.0,0.9999446873456515,0.9999446873456515,1.553281864500753e-05,1.553282388327678e-05,50,50,7.031962152661735e-05,1.0
asymmetric,6,10,6,32,1.0,MLE,0.9800000000000001,0.9800000000000001,0.9845703044165323,0.9845703044165323,3.415406259890047e-05,3.415406589548093e-05,50,50,3.25881682750051e-12,0.8
asymmetric,6,10,6,32,1.0,Minimax,0.6,1.0,0.5850661919375406,1.000000000000015,0.000865720329303,0.0008657203357667999,50,50,0.0012721463760080002,0.0
asymmetric,6,10,6,256,0.25,A1,1.0,1.0,0.9941309962687509,0.9941309962687509,0.00025325413160320003,0.00025325413806716004,50,50,0.0003014178603611,1.0
asymmetric,6,10,6,256,0.25,CVaR,0.9800000000000001,0.9800000000000001,0.9637568838872801,0.9637568838872801,2.80012735880862e-05,2.800127926522375e-05,50,50,0.00016618372910264995,0.8
asymmetric,6,10,6,256,0.25,Greedy,1.0,1.0,0.9904181627031432,0.9904181627031432,0.00014845694161783288,0.00014845694784310139,50,50,0.00028865809733770003,1.0
asymmetric,6,10,6,256,0.25,Hinge,0.6,1.0,0.6022414517456921,0.9937719722123454,0.00030616262252426,0.00030616262898804005,50,50,0.00031803659319300004,0.2
asymmetric,6,10,6,256,0.25,LCRC,0.9,0.9,0.9012852002347908,0.9012852002347908,8.967094143177553e-05,8.967094576165107e-05,50,50,0.00038279126810965,0.6
asymmetric,6,10,6,256,0.25,MA,1.0,1.0,0.971759362172023,0.971759362172023,2.2886817364522813e-05,2.28868229560026e-05,50,50,0.0001847953843171998,1.0
asymmetric,6,10,6,256,0.25,MLE,0.9400000000000001,0.9400000000000001,0.9357092214664764,0.9357092214664764,3.701584204733397e-05,3.701584547278793e-05,50,50,0.00030646257992201603,0.8
asymmetric,6,10,6,256,0.25,Minimax,0.0,0.0,0.0,0.0,0.000865720329303,0.0008657203357667999,50,50,0.0012721463760080002,0.0
asymmetric,6,10,6,256,0.5,A1,1.0,1.0,0.9998155386663964,0.9998155386663964,0.00042525599313112,0.0004252559995948601,50,50,0.00059855229166475,1.0
asymmetric,6,10,6,256,0.5,CVaR,1.0,1.0,0.9907709749604529,0.9907709749604529,2.80012735880862e-05,2.800127926522375e-05,50,50,0.00016618372910264995,1.0
asymmetric,6,10,6,256,0.5,Greedy,1.0,1.0,0.9997889537418775,0.9997889537418775,0.0002682518988357307,0.0002682519052351613,50,50,0.0004511637621245,1.0
asymmetric,6,10,6,256,0.5,Hinge,0.96,1.0,0.9546086094363826,0.9998007271001261,0.00050515128476698,0.0005051512912307801,50,50,0.0006360731540272501,0.6
asymmetric,6,10,6,256,0.5,LCRC,1.0,1.0,0.9993377764085946,0.9993377764085946,8.967094143177553e-05,8.967094576165107e-05,50,50,0.00038279126810965,1.0
asymmetric,6,10,6,256,0.5,MA,1.0,1.0,0.9907709749604529,0.9907709749604529,2.2886817364522813e-05,2.28868229560026e-05,50,50,0.0001847953843171998,1.0
asymmetric,6,10,6,256,0.5,MLE,0.9800000000000001,0.9800000000000001,0.9748454031607423,0.9748454031607423,3.701584204733397e-05,3.701584547278793e-05,50,50,0.00030646257992201603,0.8
asymmetric,6,10,6,256,0.5,Minimax,0.3,0.3,0.298392447790766,0.298392447790766,0.000865720329303,0.0008657203357667999,50,50,0.0012721463760080002,0.0
asymmetric,6,10,6,256,0.75,A1,1.0,1.0,0.9999974917760832,0.9999974917760832,0.0004462925065936318,0.00044629251305757314,50,50,0.0009478523411441001,1.0
asymmetric,6,10,6,256,0.75,CVaR,1.0,1.0,0.9941602831023459,0.9941602831023459,2.80012735880862e-05,2.800127926522375e-05,50,50,0.00016618372910264995,1.0
asymmetric,6,10,6,256,0.75,Greedy,1.0,1.0,0.9999975311890752,0.9999975311890752,0.00042733104632323526,0.0004273310527872192,50,50,0.0008865986064462497,1.0
asymmetric,6,10,6,256,0.75,Hinge,1.0,1.0,0.9885056074656523,0.9999974477453474,0.00055941284180082,0.0005594128482646801,50,50,0.0009492240071234001,1.0
asymmetric,6,10,6,256,0.75,LCRC,1.0,1.0,0.9996372450898299,0.9996372450898299,8.967094143177553e-05,8.967094576165107e-05,50,50,0.00038279126810965,1.0
asymmetric,6,10,6,256,0.75,MA,1.0,1.0,0.9941331717758111,0.9941331717758111,2.2886817364522813e-05,2.28868229560026e-05,50,50,0.0001847953843171998,1.0
asymmetric,6,10,6,256,0.75,MLE,1.0,1.0,0.989672436561323,0.989672436561323,3.701584204733397e-05,3.701584547278793e-05,50,50,0.00030646257992201603,1.0
asymmetric,6,10,6,256,0.75,Minimax,0.6,0.6,0.6034965300480619,0.6034965300480619,0.000865720329303,0.0008657203357667999,50,50,0.0012721463760080002,0.0
asymmetric,6,10,6,256,1.0,A1,1.0,1.0,0.996309609073287,0.996309609073287,2.2886817364522535e-05,2.288682295600177e-05,50,50,0.0001847953843171998,1.0
asymmetric,6,10,6,256,1.0,CVaR,1.0,1.0,0.9996809833122798,0.9996809833122798,2.80012735880862e-05,2.800127926522375e-05,50,50,0.00016618372910264995,1.0
asymmetric,6,10,6,256,1.0,Greedy,1.0,1.0,0.9999999997749563,0.9999999997749563,0.00057201361073019,0.0005720136171939313,50,50,0.00126787335569635,1.0
asymmetric,6,10,6,256,1.0,Hinge,1.0,1.0,0.9999999993474858,0.9999999993474858,0.0006429695984343743,0.0006429696048982994,50,50,0.0012133827493696998,1.0
asymmetric,6,10,6,256,1.0,LCRC,1.0,1.0,0.9998589473993386,0.9998589473993386,8.967094143177553e-05,8.967094576165107e-05,50,50,0.00038279126810965,1.0
asymmetric,6,10,6,256,1.0,MA,1.0,1.0,0.996309609073287,0.996309609073287,2.2886817364522813e-05,2.28868229560026e-05,50,50,0.0001847953843171998,1.0
asymmetric,6,10,6,256,1.0,MLE,1.0,1.0,0.9946810580808162,0.9946810580808162,3.701584204733397e-05,3.701584547278793e-05,50,50,0.00030646257992201603,1.0
asymmetric,6,10,6,256,1.0,Minimax,0.6,1.0,0.6034965300480619,0.9999999999999598,0.000865720329303,0.0008657203357667999,50,50,0.0012721463760080002,0.0
asymmetric,10,10,0,32,0.25,A1,0.3,0.3,0.30000000000000204,0.30000000000000204,0.0005434547590842001,0.0005434547649871,50,50,0.000811326694576,0.0
asymmetric,10,10,0,32,0.25,CVaR,0.0,0.0,0.0,0.0,0.0005189105738659,0.000518910579769,50,50,0.0008621854077800001,0.0
asymmetric,10,10,0,32,0.25,Greedy,0.1,0.1,0.1,0.1,0.0005366732750299001,0.000536673280933,50,50,0.000826399507382,0.0
asymmetric,10,10,0,32,0.25,Hinge,0.1,0.1,0.1,0.1,0.000501596734492,0.0005015967403950001,50,50,0.000777667248797,0.0
asymmetric,10,10,0,32,0.25,LCRC,0.1,0.1,0.1,0.1,0.0005176724546229,0.0005176724605260001,50,50,0.000687558289264,0.0
asymmetric,10,10,0,32,0.25,MA,0.1,0.1,0.1,0.1,0.0004999910219362,0.0004999910278391,50,50,0.0007616497626590001,0.0
asymmetric,10,10,0,32,0.25,MLE,0.1,0.1,0.1,0.1,0.0008658818217634152,0.0008658818273724302,50,50,0.001297506004212,0.0
asymmetric,10,10,0,32,0.25,Minimax,0.1,0.1,0.1,0.1,0.0005176724546229,0.0005176724605260001,50,50,0.000687558289264,0.0
asymmetric,10,10,0,32,0.5,A1,0.5,0.5,0.500000000000004,0.500000000000004,0.0005311013843235001,0.0005311013902267001,50,50,0.0008855433425960001,0.0
asymmetric,10,10,0,32,0.5,CVaR,0.2,0.2,0.200000000000001,0.200000000000001,0.0005189105738659,0.000518910579769,50,50,0.0008621854077800001,0.0
asymmetric,10,10,0,32,0.5,Greedy,0.4,0.4,0.400000000000003,0.400000000000003,0.0006266533042352,0.0006266533101382001,50,50,0.001148486459282,0.0
asymmetric,10,10,0,32,0.5,Hinge,0.2,0.2,0.200000000000001,0.200000000000001,0.0005047975555109001,0.0005047975614138001,50,50,0.000777504048348,0.0
asymmetric,10,10,0,32,0.5,LCRC,0.2,0.2,0.200000000000001,0.200000000000001,0.0005176724546229,0.0005176724605260001,50,50,0.000687558289264,0.0
asymmetric,10,10,0,32,0.5,MA,0.2,0.2,0.200000000000001,0.200000000000001,0.0004999910219362,0.0004999910278391,50,50,0.0007616497626590001,0.0
asymmetric,10,10,0,32,0.5,MLE,0.1,0.1,0.1,0.1,0.0008658818217634152,0.0008658818273724302,50,50,0.001297506004212,0.0
asymmetric,10,10,0,32,0.5,Minimax,0.2,0.2,0.200000000000001,0.200000000000001,0.0005176724546229,0.0005176724605260001,50,50,0.000687558289264,0.0
asymmetric,10,10,0,32,0.75,A1,0.7,0.7,0.7000000000000061,0.7000000000000061,0.000545936102493,0.0005459361083959,50,50,0.000905167525673,0.0
asymmetric,10,10,0,32,0.75,CVaR,0.4,0.4,0.400000000000003,0.400000000000003,0.0005189105738659,0.000518910579769,50,50,0.0008621854077800001,0.0
asymmetric,10,10,0,32,0.75,Greedy,0.7,0.7,0.7000000000000061,0.7000000000000061,0.000545936102546,0.000545936108449,50,50,0.0009051674670600001,0.0
asymmetric,10,10,0,32,0.75,Hinge,0.4,0.4,0.400000000000003,0.400000000000003,0.0005219877138283001,0.0005219877197313001,50,50,0.000835332564211,0.0
asymmetric,10,10,0,32,0.75,LCRC,0.4,0.4,0.400000000000003,0.400000000000003,0.0005176724546229,0.0005176724605260001,50,50,0.000687558289264,0.0
asymmetric,10,10,0,32,0.75,MA,0.5,0.5,0.500000000000004,0.500000000000004,0.0004999910219362,0.0004999910278391,50,50,0.0007616497626590001,0.0
asymmetric,10,10,0,32,0.75,MLE,0.2,0.2,0.200000000000001,0.200000000000001,0.0008658818217634152,0.0008658818273724302,50,50,0.001297506004212,0.0
asymmetric,10,10,0,32,0.75,Minimax,0.4,0.4,0.400000000000003,0.400000000000003,0.0005176724546229,0.0005176724605260001,50,50,0.000687558289264,0.0
asymmetric,10,10,0,32,1.0,A1,0.8,0.8,0.8000000000000071,0.8000000000000071,0.0004999910219361,0.0004999910278392,50,50,0.0007616497626590001,0.0
asymmetric,10,10,0,32,1.0,CVaR,0.9,0.9,0.900000000000008,0.900000000000008,0.0005189105738659,0.000518910579769,50,50,0.0008621854077800001,0.0
asymmetric,10,10,0,32,1.0,Greedy,0.9,0.9,0.900000000000008,0.900000000000008,0.0005033917475240001,0.0005033917534271001,50,50,0.0007334138545940001,0.0
asymmetric,10,10,0,32,1.0,Hinge,0.7,0.9,0.7000000000000061,0.900000000000008,0.0005176720955037001,0.0005176721014068001,50,50,0.0006875582947030001,0.0
asymmetric,10,10,0,32,1.0,LCRC,0.6,1.0,0.6000000000000051,1.000000000000009,0.0005176724546229,0.0005176724605260001,50,50,0.000687558289264,0.0
asymmetric,10,10,0,32,1.0,MA,0.8,0.8,0.8000000000000071,0.8000000000000071,0.0004999910219362,0.0004999910278391,50,50,0.0007616497626590001,0.0
asymmetric,10,10,0,32,1.0,MLE,0.3,0.3,0.30000000000000204,0.30000000000000204,0.0008658818217634152,0.0008658818273724302,50,50,0.001297506004212,0.0
asymmetric,10,10,0,32,1.0,Minimax,0.6,1.0,0.6000000000000051,1.000000000000009,0.0005176724546229,0.0005176724605260001,50,50,0.000687558289264,0.0
asymmetric,10,10,0,256,0.25,A1,0.3,0.3,0.300000000000037,0.300000000000037,0.0005434547590843,0.000543454764987,50,50,0.0008113266945590001,0.0
asymmetric,10,10,0,256,0.25,CVaR,0.0,0.0,0.0,0.0,0.0005189105738667001,0.0005189105797697,50,50,0.0008621854077590001,0.0
asymmetric,10,10,0,256,0.25,Greedy,0.1,0.1,0.10000000000001201,0.10000000000001201,0.0005366732750299001,0.0005366732809328,50,50,0.000826399507382,0.0
asymmetric,10,10,0,256,0.25,Hinge,0.1,0.1,0.10000000000001201,0.10000000000001201,0.0005015967344936,0.0005015967403965,50,50,0.000777667248808,0.0
asymmetric,10,10,0,256,0.25,LCRC,0.1,0.1,0.10000000000001201,0.10000000000001201,0.0005176724542525,0.0005176724601556,50,50,0.000687558289264,0.0
asymmetric,10,10,0,256,0.25,MA,0.1,0.1,0.10000000000001201,0.10000000000001201,0.0004999910219361,0.0004999910278391,50,50,0.0007616497626590001,0.0
asymmetric,10,10,0,256,0.25,MLE,0.1,0.1,0.10000000000001201,0.10000000000001201,0.0008658818217634152,0.0008658818273724302,50,50,0.001297506004212,0.0
asymmetric,10,10,0,256,0.25,Minimax,0.1,0.1,0.10000000000001201,0.10000000000001201,0.0005176724542525,0.0005176724601556,50,50,0.000687558289264,0.0
asymmetric,10,10,0,256,0.5,A1,0.5,0.5,0.5000000000000611,0.5000000000000611,0.0005311013843237001,0.0005311013902268,50,50,0.0008855433426120001,0.0
asymmetric,10,10,0,256,0.5,CVaR,0.2,0.2,0.20000000000002402,0.20000000000002402,0.0005189105738667001,0.0005189105797697,50,50,0.0008621854077590001,0.0
asymmetric,10,10,0,256,0.5,Greedy,0.4,0.4,0.40000000000004904,0.40000000000004904,0.0006266533043123,0.0006266533102153001,50,50,0.001148485334144,0.0
asymmetric,10,10,0,256,0.5,Hinge,0.2,0.2,0.20000000000002402,0.20000000000002402,0.0005047975555126001,0.0005047975614156,50,50,0.0007775040483510001,0.0
asymmetric,10,10,0,256,0.5,LCRC,0.2,0.2,0.20000000000002402,0.20000000000002402,0.0005176724542525,0.0005176724601556,50,50,0.000687558289264,0.0
asymmetric,10,10,0,256,0.5,MA,0.2,0.2,0.20000000000002402,0.20000000000002402,0.0004999910219361,0.0004999910278391,50,50,0.0007616497626590001,0.0
asymmetric,10,10,0,256,0.5,MLE,0.1,0.1,0.10000000000001201,0.10000000000001201,0.0008658818217634152,0.0008658818273724302,50,50,0.001297506004212,0.0
asymmetric,10,10,0,256,0.5,Minimax,0.2,0.2,0.20000000000002402,0.20000000000002402,0.0005176724542525,0.0005176724601556,50,50,0.000687558289264,0.0
asymmetric,10,10,0,256,0.75,A1,0.7,0.7,0.7000000000000861,0.7000000000000861,0.0005459361024929,0.0005459361083959,50,50,0.000905167525673,0.0
asymmetric,10,10,0,256,0.75,CVaR,0.4,0.4,0.40000000000004904,0.40000000000004904,0.0005189105738667001,0.0005189105797697,50,50,0.0008621854077590001,0.0
asymmetric,10,10,0,256,0.75,Greedy,0.7,0.7,0.7000000000000861,0.7000000000000861,0.0005459361025461001,0.000545936108449,50,50,0.0009051674670560001,0.0
asymmetric,10,10,0,256,0.75,Hinge,0.4,0.4,0.40000000000004904,0.40000000000004904,0.0005219876956494001,0.0005219877015522,50,50,0.0008353325080110001,0.0
asymmetric,10,10,0,256,0.75,LCRC,0.4,0.4,0.40000000000004904,0.40000000000004904,0.0005176724542525,0.0005176724601556,50,50,0.000687558289264,0.0
asymmetric,10,10,0,256,0.75,MA,0.5,0.5,0.5000000000000611,0.5000000000000611,0.0004999910219361,0.0004999910278391,50,50,0.0007616497626590001,0.0
asymmetric,10,10,0,256,0.75,MLE,0.2,0.2,0.20000000000002402,0.20000000000002402,0.0008658818217634152,0.0008658818273724302,50,50,0.001297506004212,0.0
asymmetric,10,10,0,256,0.75,Minimax,0.4,0.4,0.40000000000004904,0.40000000000004904,0.0005176724542525,0.0005176724601556,50,50,0.000687558289264,0.0
asymmetric,10,10,0,256,1.0,A1,0.8,0.8,0.8000000000000981,0.8000000000000981,0.0004999910219361,0.0004999910278391,50,50,0.0007616497626590001,0.0
asymmetric,10,10,0,256,1.0,CVaR,0.9,0.9,0.9000000000001102,0.9000000000001102,0.0005189105738667001,0.0005189105797697,50,50,0.0008621854077590001,0.0
asymmetric,10,10,0,256,1.0,Greedy,0.9,0.9,0.9000000000001102,0.9000000000001102,0.0005033917475240001,0.0005033917534272,50,50,0.000733413854595,0.0
asymmetric,10,10,0,256,1.0,Hinge,0.7,0.9,0.7000000000000861,0.9000000000001102,0.0005176710270453001,0.0005176710329484,50,50,0.000687558314665,0.0
asymmetric,10,10,0,256,1.0,LCRC,0.6,1.0,0.600000000000073,1.000000000000123,0.0005176724542525,0.0005176724601556,50,50,0.000687558289264,0.0
asymmetric,10,10,0,256,1.0,MA,0.8,0.8,0.8000000000000981,0.8000000000000981,0.0004999910219361,0.0004999910278391,50,50,0.0007616497626590001,0.0
asymmetric,10,10,0,256,1.0,MLE,0.3,0.3,0.300000000000037,0.300000000000037,0.0008658818217634152,0.0008658818273724302,50,50,0.001297506004212,0.0
asymmetric,10,10,0,256,1.0,Minimax,0.6,1.0,0.600000000000073,1.000000000000123,0.0005176724542525,0.0005176724601556,50,50,0.000687558289264,0.0
asymmetric,10,10,1,32,0.25,A1,0.64,0.64,0.5899224465161811,0.5899224465161811,0.00039194711590070247,0.00039194712180365393,50,50,0.00131952896140495,0.2
asymmetric,10,10,1,32,0.25,CVaR,0.18,0.18,0.14212462087132693,0.14212462087132693,0.000402883294167476,0.000402883300070426,50,50,0.0008325393438098999,0.0
asymmetric,10,10,1,32,0.25,Greedy,0.54,0.54,0.5481096227237191,0.5481096227237191,0.00039136045974123206,0.0003913604656442261,50,50,0.00111764949574705,0.2
asymmetric,10,10,1,32,0.25,Hinge,0.04,0.44000000000000006,0.029421612922416546,0.36569372020443225,0.0003872434210557475,0.00038724342695876875,50,50,0.0009612024051613,0.0
asymmetric,10,10,1,32,0.25,LCRC,0.08,0.08,0.10226045986750773,0.10226045986750773,0.00050815967534476,0.00050815968124784,50,50,0.00068755828928385,0.0
asymmetric,10,10,1,32,0.25,MA,0.44000000000000006,0.44000000000000006,0.36374096300219805,0.36374096300219805,0.0003467082769832268,0.0003467082828862799,50,50,0.00094276957727355,0.0
asymmetric,10,10,1,32,0.25,MLE,0.52,0.52,0.49731110353240526,0.49731110353240526,0.0005594623589043528,0.0005594623632733454,50,50,0.0019232810089758997,0.2
asymmetric,10,10,1,32,0.25,Minimax,0.1,0.1,0.09822105746879245,0.09822105746879245,0.0005176724542525,0.0005176724601556,50,50,0.000687558289264,0.0
asymmetric,10,10,1,32,0.5,A1,0.72,0.72,0.7784011884402116,0.7784011884402116,0.00043821278686990446,0.00043821279277284715,50,50,0.0010907599144325,0.4
asymmetric,10,10,1,32,0.5,CVaR,0.5,0.5,0.5050890208307723,0.5050890208307723,0.000402883294167476,0.000402883300070426,50,50,0.0008325393438098999,0.2
asymmetric,10,10,1,32,0.5,Greedy,0.64,0.64,0.727334447456379,0.727334447456379,0.00040007848517794096,0.0004000784910809272,50,50,0.0009790279257196,0.4
asymmetric,10,10,1,32,0.5,Hinge,0.13999999999999999,0.62,0.14775672558144878,0.6461650228592993,0.00043450333818672,0.00043450334408974003,50,50,0.0009575095764127,0.0
asymmetric,10,10,1,32,0.5,LCRC,0.18,0.18,0.20115012505802438,0.20115012505802438,0.00050815967534476,0.00050815968124784,50,50,0.00068755828928385,0.0
asymmetric,10,10,1,32,0.5,MA,0.62,0.62,0.5877402052718173,0.5877402052718173,0.0003467082769832268,0.0003467082828862799,50,50,0.00094276957727355,0.2
asymmetric,10,10,1,32,0.5,MLE,0.54,0.54,0.5268879072538402,0.5268879072538402,0.0005594623589043528,0.0005594623632733454,50,50,0.0019232810089758997,0.2
asymmetric,10,10,1,32,0.5,Minimax,0.2,0.2,0.19131263604748067,0.19131263604748067,0.0005176724542525,0.0005176724601556,50,50,0.000687558289264,0.0
asymmetric,10,10,1,32,0.75,A1,0.9,0.9,0.9294148776639215,0.9294148776639215,0.00045550711454790004,0.00045550712045086,50,50,0.0009383264383665999,0.6
asymmetric,10,10,1,32,0.75,CVaR,0.76,0.76,0.8037018273067449,0.8037018273067449,0.000402883294167476,0.000402883300070426,50,50,0.0008325393438098999,0.4
asymmetric,10,10,1,32,0.75,Greedy,0.8400000000000001,0.8400000000000001,0.9031972367413317,0.9031972367413317,0.0004407396609637943,0.0004407396668666756,50,50,0.0009370497294171,0.6
asymmetric,10,10,1,32,0.75,Hinge,0.38,0.8400000000000001,0.39575497323627296,0.8849627809317306,0.00048794524704956,0.0004879452529524601,50,50,0.0007705400576651,0.0
asymmetric,10,10,1,32,0.75,LCRC,0.44000000000000006,0.44000000000000006,0.4485497800499384,0.4485497800499384,0.00050815967534476,0.00050815968124784,50,50,0.00068755828928385,0.0
asymmetric,10,10,1,32,0.75,MA,0.76,0.76,0.7605723189873566,0.7605723189873566,0.0003467082769832268,0.0003467082828862799,50,50,0.00094276957727355,0.6
asymmetric,10,10,1,32,0.75,MLE,0.56,0.56,0.5552373260926313,0.5552373260926313,0.0005594623589043528,0.0005594623632733454,50,50,0.0019232810089758997,0.2
asymmetric,10,10,1,32,0.75,Minimax,0.4,0.4,0.4016195483634104,0.4016195483634104,0.0005176724542525,0.0005176724601556,50,50,0.000687558289264,0.0
asymmetric,10,10,1,32,1.0,A1,0.8,0.8,0.8454041920172723,0.8454041920172723,0.000346708276983226,0.00034670828288617915,50,50,0.0009427695772741,0.6
asymmetric,10,10,1,32,1.0,CVaR,0.8400000000000001,0.8400000000000001,0.9142945822467278,0.9142945822467278,0.000402883294167476,0.000402883300070426,50,50,0.0008325393438098999,0.6
asymmetric,10,10,1,32,1.0,Greedy,0.9800000000000001,0.9800000000000001,0.9883868563165452,0.9883868563165452,0.0004216006927061899,0.000421600698609177,50,50,0.00068755828037915,0.8
asymmetric,10,10,1,32,1.0,Hinge,0.7,0.96,0.7182051049484526,0.9886240303494105,0.00051767165512878,0.0005176716610317601,50,50,0.0006875582862950001,0.0
asymmetric,10,10,1,32,1.0,LCRC,0.72,1.0,0.7294606523869456,0.9982297876267412,0.00050815967534476,0.00050815968124784,50,50,0.00068755828928385,0.2
asymmetric,10,10,1,32,1.0,MA,0.8,0.8,0.8454041920172723,0.8454041920172723,0.0003467082769832268,0.0003467082828862799,50,50,0.00094276957727355,0.6
asymmetric,10,10,1,32,1.0,MLE,0.6,0.6,0.5938940100197099,0.5938940100197099,0.0005594623589043528,0.0005594623632733454,50,50,0.0019232810089758997,0.2
asymmetric,10,10,1,32,1.0,Minimax,0.6,1.0,0.5960510876878041,1.0000000000000056,0.0005176724542525,0.0005176724601556,50,50,0.000687558289264,0.0
asymmetric,10,10,1,256,0.25,A1,0.62,0.62,0.5861113141640655,0.5861113141640655,0.0003736069923856851,0.0003736069982886696,50,50,0.0010504014895265491,0.2
asymmetric,10,10,1,256,0.25,CVaR,0.14,0.14,0.1523220741484864,0.1523220741484864,0.0003813640044441905,0.0003813640103471568,50,50,0.0008247081793632497,0.0
asymmetric,10,10,1,256,0.25,Greedy,0.62,0.62,0.5422680633619178,0.5422680633619178,0.0003440815832800791,0.000344081589183122,50,50,0.001047168033610299,0.4
asymmetric,10,10,1,256,0.25,Hinge,0.06,0.42000000000000004,0.04643226442083522,0.41226996405376093,0.00034333164257654254,0.0003433316484794838,50,50,0.0008499684315414498,0.0
asymmetric,10,10,1,256,0.25,LCRC,0.04,0.04,0.0688296306737125,0.0688296306737125,0.00049028520597086,0.00049028521187396,50,50,0.0006875582892635501,0.0
asymmetric,10,10,1,256,0.25,MA,0.4,0.4,0.40591202078571803,0.40591202078571803,0.0003390871787855583,0.0003390871846886584,50,50,0.0008509791509002998,0.0
asymmetric,10,10,1,256,0.25,MLE,0.54,0.54,0.47776192372122017,0.47776192372122017,0.0004643291789980375,0.0004643291833078751,50,50,0.0015702190582591493,0.0
asymmetric,10,10,1,256,0.25,Minimax,0.1,0.1,0.10833237088786099,0.10833237088786099,0.0005176724542525,0.0005176724601556,50,50,0.000687558289264,0.0
asymmetric,10,10,1,256,0.5,A1,0.8,0.8,0.7891623226455132,0.7891623226455132,0.0003913904537679815,0.0003913904596709227,50,50,0.00105592383551145,0.6
asymmetric,10,10,1,256,0.5,CVaR,0.5,0.5,0.5224025839527036,0.5224025839527036,0.0003813640044441905,0.0003813640103471568,50,50,0.0008247081793632497,0.0
asymmetric,10,10,1,256,0.5,Greedy,0.8,0.8,0.7644863190988872,0.7644863190988872,0.0003673347824176209,0.0003673347883205836,50,50,0.00105205941904305,0.6
asymmetric,10,10,1,256,0.5,Hinge,0.2,0.6799999999999999,0.19781423211270774,0.6774147180368564,0.00039007166499798005,0.0003900716709009201,50,50,0.0007912666817251999,0.0
asymmetric,10,10,1,256,0.5,LCRC,0.2,0.2,0.2406221534486356,0.2406221534486356,0.00049028520597086,0.00049028521187396,50,50,0.0006875582892635501,0.0
asymmetric,10,10,1,256,0.5,MA,0.64,0.64,0.5906359950738884,0.5906359950738884,0.0003390871787855583,0.0003390871846886584,50,50,0.0008509791509002998,0.2
asymmetric,10,10,1,256,0.5,MLE,0.58,0.58,0.5133573255901054,0.5133573255901054,0.0004643291789980375,0.0004643291833078751,50,50,0.0015702190582591493,0.2
asymmetric,10,10,1,256,0.5,Minimax,0.2,0.2,0.234847207344309,0.234847207344309,0.0005176724542525,0.0005176724601556,50,50,0.000687558289264,0.0
asymmetric,10,10,1,256,0.75,A1,0.9199999999999999,0.9199999999999999,0.9297782601550224,0.9297782601550224,0.00043447503697531997,0.00043447504287822005,50,50,0.00069930346766595,0.8
asymmetric,10,10,1,256,0.75,CVaR,0.8400000000000001,0.8400000000000001,0.8271267116424402,0.8271267116424402,0.0003813640044441905,0.0003813640103471568,50,50,0.0008247081793632497,0.6
asymmetric,10,10,1,256,0.75,Greedy,0.9,0.9,0.8958856286947438,0.8958856286947438,0.0003986729954732509,0.0003986730013762067,50,50,0.0007428341994282997,0.6
asymmetric,10,10,1,256,0.75,Hinge,0.4,0.8800000000000001,0.3705403171328416,0.8839984220844384,0.0004706267111088,0.0004706267170119001,50,50,0.0006374446207206499,0.0
asymmetric,10,10,1,256,0.75,LCRC,0.5,0.5,0.46032810816269965,0.46032810816269965,0.00049028520597086,0.00049028521187396,50,50,0.0006875582892635501,0.0
asymmetric,10,10,1,256,0.75,MA,0.74,0.74,0.7439220183853357,0.7439220183853357,0.0003390871787855583,0.0003390871846886584,50,50,0.0008509791509002998,0.4
asymmetric,10,10,1,256,0.75,MLE,0.62,0.62,0.5420735305400727,0.5420735305400727,0.0004643291789980375,0.0004643291833078751,50,50,0.0015702190582591493,0.4
asymmetric,10,10,1,256,0.75,Minimax,0.4,0.4,0.3931779941822484,0.3931779941822484,0.0005176724542525,0.0005176724601556,50,50,0.000687558289264,0.0
asymmetric,10,10,1,256,1.0,A1,0.9,0.9,0.8654917185983321,0.8654917185983321,0.0003390871787854036,0.0003390871846883837,50,50,0.0008509791509007498,0.6
asymmetric,10,10,1,256,1.0,CVaR,0.9199999999999999,0.9199999999999999,0.9131074031066888,0.9131074031066888,0.0003813640044441905,0.0003813640103471568,50,50,0.0008247081793632497,0.6
asymmetric,10,10,1,256,1.0,Greedy,0.9800000000000001,0.9800000000000001,0.986654334235868,0.986654334235868,0.0004140923503203938,0.0004140923562233622,50,50,0.0006875582803787001,0.8
asymmetric,10,10,1,256,1.0,Hinge,0.8,1.0,0.7801541674578314,0.9871477700494736,0.0005176719915293201,0.0005176719974322601,50,50,0.0006875582862942,0.2
asymmetric,10,10,1,256,1.0,LCRC,0.82,1.0,0.763603208737295,0.998366683270843,0.00049028520597086,0.00049028521187396,50,50,0.0006875582892635501,0.2
asymmetric,10,10,1,256,1.0,MA,0.9,0.9,0.8654917185983321,0.8654917185983321,0.0003390871787855583,0.0003390871846886584,50,50,0.0008509791509002998,0.6
asymmetric,10,10,1,256,1.0,MLE,0.6599999999999999,0.6599999999999999,0.6023502378517277,0.6023502378517277,0.0004643291789980375,0.0004643291833078751,50,50,0.0015702190582591493,0.4
asymmetric,10,10,1,256,1.0,Minimax,0.6,1.0,0.5685684954074732,0.9999999999999911,0.0005176724542525,0.0005176724601556,50,50,0.000687558289264,0.0
asymmetric,10,10,3,32,0.25,A1,0.76,0.76,0.7538939214964809,0.7538939214964809,0.0002447495984433374,0.0002447496043463643,50,50,0.0008054480299992997,0.4
asymmetric,10,10,3,32,0.25,CVaR,0.44000000000000006,0.44000000000000006,0.4519188542627332,0.4519188542627332,0.00022232091221358348,0.000222320918116554,50,50,0.00048122059075735,0.2
asymmetric,10,10,3,32,0.25,Greedy,0.76,0.76,0.7351608797767176,0.7351608797767176,0.00020380170085101935,0.0002038017067540534,50,50,0.00062566225678185,0.4
asymmetric,10,10,3,32,0.25,Hinge,0.04,0.5599999999999999,0.05178413957350806,0.6163077093274174,0.00024918653708466004,0.00024918654298764,50,50,0.00054896523443185,0.0
asymmetric,10,10,3,32,0.25,LCRC,0.14,0.14,0.12902988573612134,0.12902988573612134,0.00042143648707397314,0.00042143649285906624,50,50,0.0006875582892694001,0.0
asymmetric,10,10,3,32,0.25,MA,0.54,0.54,0.5985570880635098,0.5985570880635098,0.00020294284200310793,0.00020294284790603698,50,50,0.00061415397320135,0.2
asymmetric,10,10,3,32,0.25,MLE,0.72,0.72,0.7081542824336717,0.7081542824336717,0.0002635859523348118,0.00026358595611184366,50,50,0.00108781302148735,0.4
asymmetric,10,10,3,32,0.25,Minimax,0.1,0.1,0.08735042805927619,0.08735042805927619,0.0005176724542525,0.0005176724601556,50,50,0.000687558289264,0.0
asymmetric,10,10,3,32,0.5,A1,0.96,0.96,0.8928590879899284,0.8928590879899284,0.00030579862431413167,0.0003057986302170574,50,50,0.00034377913727,0.8
asymmetric,10,10,3,32,0.5,CVaR,0.64,0.64,0.6751702573479365,0.6751702573479365,0.00022232091221358348,0.000222320918116554,50,50,0.00048122059075735,0.4
asymmetric,10,10,3,32,0.5,Greedy,0.9400000000000001,0.9400000000000001,0.8725017431542671,0.8725017431542671,0.00024734503745459525,0.0002473450433576303,50,50,0.0004525505884880995,0.8
asymmetric,10,10,3,32,0.5,Hinge,0.2,0.9,0.20378658216693218,0.8449115613061974,0.00035532892486092,0.00035532893076390006,50,50,0.00048680031236979985,0.0
asymmetric,10,10,3,32,0.5,LCRC,0.28,0.28,0.2651008630223821,0.2651008630223821,0.00042143648707397314,0.00042143649285906624,50,50,0.0006875582892694001,0.0
asymmetric,10,10,3,32,0.5,MA,0.76,0.76,0.7787557802830846,0.7787557802830846,0.00020294284200310793,0.00020294284790603698,50,50,0.00061415397320135,0.4
asymmetric,10,10,3,32,0.5,MLE,0.74,0.74,0.7203014702037089,0.7203014702037089,0.0002635859523348118,0.00026358595611184366,50,50,0.00108781302148735,0.4
asymmetric,10,10,3,32,0.5,Minimax,0.2,0.2,0.17513478501507268,0.17513478501507268,0.0005176724542525,0.0005176724601556,50,50,0.000687558289264,0.0
asymmetric,10,10,3,32,0.75,A1,1.0,1.0,0.9783033818491559,0.9783033818491559,0.00039335226165212,0.00039335226755504005,50,50,0.00051566870878585,1.0
asymmetric,10,10,3,32,0.75,CVaR,0.9800000000000001,0.9800000000000001,0.9165160955950096,0.9165160955950096,0.00022232091221358348,0.000222320918116554,50,50,0.00048122059075735,0.8
asymmetric,10,10,3,32,0.75,Greedy,1.0,1.0,0.9731873579284113,0.9731873579284113,0.00035798457758703776,0.0003579845834899817,50,50,0.0005156687088283,1.0
asymmetric,10,10,3,32,0.75,Hinge,0.58,0.9800000000000001,0.5734466809354627,0.9582989836683458,0.00046580453754556004,0.00046580454344848,50,50,0.0005156687146870001,0.2
asymmetric,10,10,3,32,0.75,LCRC,0.64,0.64,0.658321923319075,0.658321923319075,0.00042143648707397314,0.00042143649285906624,50,50,0.0006875582892694001,0.2
asymmetric,10,10,3,32,0.75,MA,0.82,0.82,0.8292429839776421,0.8292429839776421,0.00020294284200310793,0.00020294284790603698,50,50,0.00061415397320135,0.4
asymmetric,10,10,3,32,0.75,MLE,0.76,0.76,0.7370621835863811,0.7370621835863811,0.0002635859523348118,0.00026358595611184366,50,50,0.00108781302148735,0.4
asymmetric,10,10,3,32,0.75,Minimax,0.4,0.4,0.37666838832781313,0.37666838832781313,0.0005176724542525,0.0005176724601556,50,50,0.000687558289264,0.0
asymmetric,10,10,3,32,1.0,A1,0.96,0.96,0.9042855768881903,0.9042855768881903,0.00020294284200309782,0.00020294284790610688,50,50,0.0006141539732018,0.8
asymmetric,10,10,3,32,1.0,CVaR,1.0,1.0,0.9526782049405742,0.9526782049405742,0.00022232091221358348,0.000222320918116554,50,50,0.00048122059075735,1.0
asymmetric,10,10,3,32,1.0,Greedy,1.0,1.0,0.9974904645076865,0.9974904645076865,0.00035809181855449843,0.0003580918244575396,50,50,0.000684239442585,1.0
asymmetric,10,10,3,32,1.0,Hinge,0.9199999999999999,1.0,0.9405273027975929,0.9969793609954769,0.00051765301001362,0.0005176530159166201,50,50,0.00068755828218825,0.4
asymmetric,10,10,3,32,1.0,LCRC,0.9,1.0,0.9347934559859994,0.9976325267680473,0.00042143648707397314,0.00042143649285906624,50,50,0.0006875582892694001,0.4
asymmetric,10,10,3,32,1.0,MA,0.96,0.96,0.9042855768881903,0.9042855768881903,0.00020294284200310793,0.00020294284790603698,50,50,0.00061415397320135,0.8
asymmetric,10,10,3,32,1.0,MLE,0.76,0.76,0.7547241824020526,0.7547241824020526,0.0002635859523348118,0.00026358595611184366,50,50,0.00108781302148735,0.4
asymmetric,10,10,3,32,1.0,Minimax,0.6,1.0,0.5757957267762028,0.9999999999999811,0.0005176724542525,0.0005176724601556,50,50,0.000687558289264,0.0
asymmetric,10,10,3,256,0.25,A1,0.8200000000000001,0.8200000000000001,0.858608672952587,0.858608672952587,0.00022334905596692914,0.00022334906186987534,50,50,0.0010189483322929,0.4
asymmetric,10,10,3,256,0.25,CVaR,0.7,0.7,0.7213834103724012,0.7213834103724012,0.0001756470562919797,0.00017564706219497865,50,50,0.0007554846291783989,0.4
asymmetric,10,10,3,256,0.25,Greedy,0.8400000000000001,0.8400000000000001,0.8510723277553783,0.8510723277553783,0.00015549394857062554,0.00015549395447364165,50,50,0.0009442525882661497,0.6
asymmetric,10,10,3,256,0.25,Hinge,0.06000000000000001,0.78,0.06660860951515363,0.7909262470943049,0.00022908535260752003,0.00022908535851054001,50,50,0.00058085596118005,0.0
asymmetric,10,10,3,256,0.25,LCRC,0.18,0.18,0.17547421350480877,0.17547421350480877,0.000351415143731172,0.00035141514928042396,50,50,0.00061698221486675,0.0
asymmetric,10,10,3,256,0.25,MA,0.76,0.76,0.7684779307385601,0.7684779307385601,0.00015206199547584053,0.0001520620013788717,50,50,0.000837138464216499,0.4
asymmetric,10,10,3,256,0.25,MLE,0.82,0.82,0.822896533947465,0.822896533947465,0.00019228292501198105,0.00019228292849384211,50,50,0.0010986829446050501,0.6
asymmetric,10,10,3,256,0.25,Minimax,0.1,0.1,0.0634011253657514,0.0634011253657514,0.0005176724542525,0.0005176724601556,50,50,0.000687558289264,0.0
asymmetric,10,10,3,256,0.5,A1,0.9400000000000001,0.9400000000000001,0.9488482386170185,0.9488482386170185,0.0002990640276607079,0.00029906403356359394,50,50,0.000543789819374399,0.8
asymmetric,10,10,3,256,0.5,CVaR,0.8400000000000001,0.8400000000000001,0.8563141059447616,0.8563141059447616,0.0001756470562919797,0.00017564706219497865,50,50,0.0007554846291783989,0.6
asymmetric,10,10,3,256,0.5,Greedy,0.9400000000000001,0.9400000000000001,0.9397699783164933,0.9397699783164933,0.00024566249477850626,0.00024566250068148825,50,50,0.0005332146957581991,0.8
asymmetric,10,10,3,256,0.5,Hinge,0.34,0.9400000000000001,0.30029036349383875,0.9240655936424625,0.00035179670480996,0.00035179671071294003,50,50,0.00039990172277524973,0.0
asymmetric,10,10,3,256,0.5,LCRC,0.4600000000000001,0.4600000000000001,0.4586148422060483,0.4586148422060483,0.000351415143731172,0.00035141514928042396,50,50,0.00061698221486675,0.0
asymmetric,10,10,3,256,0.5,MA,0.8400000000000001,0.8400000000000001,0.856647000349246,0.856647000349246,0.00015206199547584053,0.0001520620013788717,50,50,0.000837138464216499,0.6
asymmetric,10,10,3,256,0.5,MLE,0.82,0.82,0.8322893758581223,0.8322893758581223,0.00019228292501198105,0.00019228292849384211,50,50,0.0010986829446050501,0.6
asymmetric,10,10,3,256,0.5,Minimax,0.2,0.2,0.16291672406420427,0.16291672406420427,0.0005176724542525,0.0005176724601556,50,50,0.000687558289264,0.0
asymmetric,10,10,3,256,0.75,A1,1.0,1.0,0.9849852712817265,0.9849852712817265,0.00039522833290058,0.0003952283388036,50,50,0.0005156687086772,1.0
asymmetric,10,10,3,256,0.75,CVaR,0.9199999999999999,0.9199999999999999,0.928655679292523,0.928655679292523,0.0001756470562919797,0.00017564706219497865,50,50,0.0007554846291783989,0.6
asymmetric,10,10,3,256,0.75,Greedy,1.0,1.0,0.9824039430194447,0.9824039430194447,0.00032387194879040626,0.00032387195469336526,50,50,0.0005156687087740501,1.0
asymmetric,10,10,3,256,0.75,Hinge,0.62,0.9800000000000001,0.5921292119932534,0.9736475211405559,0.0004572660750446,0.0004572660809475,50,50,0.00051566871471705,0.2
asymmetric,10,10,3,256,0.75,LCRC,0.76,0.76,0.7529790247217409,0.7529790247217409,0.000351415143731172,0.00035141514928042396,50,50,0.00061698221486675,0.4
asymmetric,10,10,3,256,0.75,MA,0.9199999999999999,0.9199999999999999,0.9042090354381138,0.9042090354381138,0.00015206199547584053,0.0001520620013788717,50,50,0.000837138464216499,0.6
asymmetric,10,10,3,256,0.75,MLE,0.82,0.82,0.8472569499280379,0.8472569499280379,0.00019228292501198105,0.00019228292849384211,50,50,0.0010986829446050501,0.6
asymmetric,10,10,3,256,0.75,Minimax,0.4,0.4,0.31516610820977,0.31516610820977,0.0005176724542525,0.0005176724601556,50,50,0.000687558289264,0.0
asymmetric,10,10,3,256,1.0,A1,0.9400000000000001,0.9400000000000001,0.9477184963065282,0.9477184963065282,0.00015206199547590236,0.00015206200137887353,50,50,0.000837138464216949,0.6
asymmetric,10,10,3,256,1.0,CVaR,0.9400000000000001,0.9400000000000001,0.9634555615383009,0.9634555615383009,0.0001756470562919797,0.00017564706219497865,50,50,0.0007554846291783989,0.6
asymmetric,10,10,3,256,1.0,Greedy,1.0,1.0,0.9993237424604464,0.9993237424604464,0.00035308190455736585,0.00035308191046032957,50,50,0.00068401914402455,1.0
asymmetric,10,10,3,256,1.0,Hinge,0.9800000000000001,1.0,0.9739780754683178,0.9990143703141223,0.0005202484284200001,0.0005202484343229,50,50,0.0006875582664669501,0.8
asymmetric,10,10,3,256,1.0,LCRC,1.0,1.0,0.9957608959595161,0.9975293436268263,0.000351415143731172,0.00035141514928042396,50,50,0.00061698221486675,1.0
asymmetric,10,10,3,256,1.0,MA,0.9400000000000001,0.9400000000000001,0.9477184963065282,0.9477184963065282,0.00015206199547584053,0.0001520620013788717,50,50,0.000837138464216499,0.6
asymmetric,10,10,3,256,1.0,MLE,0.8400000000000001,0.8400000000000001,0.8606073651765612,0.8606073651765612,0.00019228292501198105,0.00019228292849384211,50,50,0.0010986829446050501,0.6
asymmetric,10,10,3,256,1.0,Minimax,0.6,1.0,0.5371022576226885,0.9999999999999425,0.0005176724542525,0.0005176724601556,50,50,0.000687558289264,0.0
asymmetric,10,10,6,32,0.25,A1,0.9400000000000001,0.9400000000000001,0.9439247321803217,0.9439247321803217,0.00013308487200896612,0.0001330848779119386,50,50,0.0004377227996215987,0.8
asymmetric,10,10,6,32,0.25,CVaR,0.86,0.86,0.844175544535265,0.844175544535265,6.288900064724532e-05,6.288900605138403e-05,50,50,0.00040753460881669994,0.8
asymmetric,10,10,6,32,0.25,Greedy,0.9400000000000001,0.9400000000000001,0.9434410399000355,0.9434410399000355,8.680797991531186e-05,8.680798539792368e-05,50,50,0.0003898700714842989,0.8
asymmetric,10,10,6,32,0.25,Hinge,0.38,0.9400000000000001,0.38184550302844406,0.9307202609103029,0.00020624179732498,0.00020624180322794005,50,50,0.0003854489333121489,0.0
asymmetric,10,10,6,32,0.25,LCRC,0.6,0.6,0.6002741542689931,0.6002741542689931,0.00014169482378359135,0.00014169482809302266,50,50,0.0005354852660068499,0.2
asymmetric,10,10,6,32,0.25,MA,0.9199999999999999,0.9199999999999999,0.9235558351834019,0.9235558351834019,6.3056514761352e-05,6.305652013180929e-05,50,50,0.0003877985920316989,0.8
asymmetric,10,10,6,32,0.25,MLE,0.9199999999999999,0.9199999999999999,0.9223174441597166,0.9223174441597166,9.73610651859947e-05,9.736106837418939e-05,50,50,0.0007791405390593484,0.8
asymmetric,10,10,6,32,0.25,Minimax,0.1,0.1,0.1137339315656373,0.1137339315656373,0.0005176724542525,0.0005176724601556,50,50,0.000687558289264,0.0
asymmetric,10,10,6,32,0.5,A1,0.9400000000000001,0.9400000000000001,0.9775470539902307,0.9775470539902307,0.0003035094226631025,0.0003035094285659556,50,50,0.0005299056626572491,0.8
asymmetric,10,10,6,32,0.5,CVaR,0.9199999999999999,0.9199999999999999,0.9379674826872668,0.9379674826872668,6.288900064724532e-05,6.288900605138403e-05,50,50,0.00040753460881669994,0.8
asymmetric,10,10,6,32,0.5,Greedy,0.9400000000000001,0.9400000000000001,0.9746901929166623,0.9746901929166623,0.0002342525426887082,0.0002342525485916595,50,50,0.0004802273101631992,0.8
asymmetric,10,10,6,32,0.5,Hinge,0.6,0.9400000000000001,0.6055644037930998,0.9692505671459735,0.0003354170190566,0.00033541702495952,50,50,0.0004097785032499497,0.2
asymmetric,10,10,6,32,0.5,LCRC,0.86,0.86,0.8579902848247155,0.8579902848247155,0.00014169482378359135,0.00014169482809302266,50,50,0.0005354852660068499,0.6
asymmetric,10,10,6,32,0.5,MA,0.9400000000000001,0.9400000000000001,0.9427735884903907,0.9427735884903907,6.3056514761352e-05,6.305652013180929e-05,50,50,0.0003877985920316989,0.8
asymmetric,10,10,6,32,0.5,MLE,0.9199999999999999,0.9199999999999999,0.9246239647155466,0.9246239647155466,9.73610651859947e-05,9.736106837418939e-05,50,50,0.0007791405390593484,0.8
asymmetric,10,10,6,32,0.5,Minimax,0.2,0.2,0.22210279883766573,0.22210279883766573,0.0005176724542525,0.0005176724601556,50,50,0.000687558289264,0.0
asymmetric,10,10,6,32,0.75,A1,1.0,1.0,0.9934119101603429,0.9934119101603429,0.00036628821829874,0.00036628822420174,50,50,0.00051518722102245,1.0
asymmetric,10,10,6,32,0.75,CVaR,0.96,0.96,0.9802975046897116,0.9802975046897116,6.288900064724532e-05,6.288900605138403e-05,50,50,0.00040753460881669994,0.8
asymmetric,10,10,6,32,0.75,Greedy,1.0,1.0,0.9923682073269786,0.9923682073269786,0.00027664165600061055,0.00027664166190363064,50,50,0.0005017540034365999,1.0
asymmetric,10,10,6,32,0.75,Hinge,0.82,1.0,0.8293133686661605,0.992597232381117,0.00043987654661446004,0.00043987655251742,50,50,0.0005156687146911501,0.6
asymmetric,10,10,6,32,0.75,LCRC,0.9199999999999999,0.9199999999999999,0.927588068122484,0.927588068122484,0.00014169482378359135,0.00014169482809302266,50,50,0.0005354852660068499,0.8
asymmetric,10,10,6,32,0.75,MA,0.9400000000000001,0.9400000000000001,0.9615073260051827,0.9615073260051827,6.3056514761352e-05,6.305652013180929e-05,50,50,0.0003877985920316989,0.8
asymmetric,10,10,6,32,0.75,MLE,0.9400000000000001,0.9400000000000001,0.9392625567079829,0.9392625567079829,9.73610651859947e-05,9.736106837418939e-05,50,50,0.0007791405390593484,0.8
asymmetric,10,10,6,32,0.75,Minimax,0.4,0.4,0.419961145146267,0.419961145146267,0.0005176724542525,0.0005176724601556,50,50,0.000687558289264,0.0
asymmetric,10,10,6,32,1.0,A1,0.96,0.96,0.9782768809516347,0.9782768809516347,6.305651476140367e-05,6.305652013186069e-05,50,50,0.000387798592032699,0.8
asymmetric,10,10,6,32,1.0,CVaR,1.0,1.0,0.987345831442681,0.987345831442681,6.288900064724532e-05,6.288900605138403e-05,50,50,0.00040753460881669994,1.0
asymmetric,10,10,6,32,1.0,Greedy,1.0,1.0,0.9999508192613904,0.9999508192613904,0.00032717292022078356,0.0003271729261237205,50,50,0.00068172890112515,1.0
asymmetric,10,10,6,32,1.0,Hinge,1.0,1.0,0.9932651952098677,0.999848244197343,0.00050772268842054,0.0005077226943234801,50,50,0.0006875571082865001,1.0
asymmetric,10,10,6,32,1.0,LCRC,1.0,1.0,0.9987379773195462,0.9987379773195462,0.00014169482378359135,0.00014169482809302266,50,50,0.0005354852660068499,1.0
asymmetric,10,10,6,32,1.0,MA,0.96,0.96,0.9782768809516347,0.9782768809516347,6.3056514761352e-05,6.305652013180929e-05,50,50,0.0003877985920316989,0.8
asymmetric,10,10,6,32,1.0,MLE,0.9400000000000001,0.9400000000000001,0.9439959294157385,0.9439959294157385,9.73610651859947e-05,9.736106837418939e-05,50,50,0.0007791405390593484,0.8
asymmetric,10,10,6,32,1.0,Minimax,0.6,1.0,0.6326011416064177,1.00000000000002,0.0005176724542525,0.0005176724601556,50,50,0.000687558289264,0.0
asymmetric,10,10,6,256,0.25,A1,0.9400000000000001,0.9400000000000001,0.95632486266712,0.95632486266712,0.00015367531902361623,0.0001536753248762819,50,50,0.0006236939025243478,0.6
asymmetric,10,10,6,256,0.25,CVaR,0.86,0.86,0.9008616341824688,0.9008616341824688,8.104259166932977e-05,8.104259730366648e-05,50,50,0.0005262649469270989,0.6
asymmetric,10,10,6,256,0.25,Greedy,0.9400000000000001,0.9400000000000001,0.9560130801344681,0.9560130801344681,9.198850136312535e-05,9.198850710633112e-05,50,50,0.000566659633794598,0.6
asymmetric,10,10,6,256,0.25,Hinge,0.32,0.9400000000000001,0.3185023333895405,0.9454081834346979,0.00019813641912241664,0.00019813642502537813,50,50,0.0003591470352154491,0.0
asymmetric,10,10,6,256,0.25,LCRC,0.6599999999999999,0.6599999999999999,0.6786332524716691,0.6786332524716691,0.00014299862142246695,0.0001429986254953939,50,50,0.00042614720850585,0.2
asymmetric,10,10,6,256,0.25,MA,0.9199999999999999,0.9199999999999999,0.9418203312406543,0.9418203312406543,7.679083574474815e-05,7.67908413133425e-05,50,50,0.0006448451040966486,0.6
asymmetric,10,10,6,256,0.25,MLE,0.9199999999999999,0.9199999999999999,0.9524921634682076,0.9524921634682076,8.797132285875873e-05,8.797132604627746e-05,50,50,0.0008897424660005979,0.6
asymmetric,10,10,6,256,0.25,Minimax,0.1,0.1,0.1071782945728307,0.1071782945728307,0.0005176724542525,0.0005176724601556,50,50,0.000687558289264,0.0
asymmetric,10,10,6,256,0.5,A1,0.9800000000000001,0.9800000000000001,0.9936989570611663,0.9936989570611663,0.00028918219327921915,0.0002891821991821776,50,50,0.0003437791372486001,0.8
asymmetric,10,10,6,256,0.5,CVaR,0.9400000000000001,0.9400000000000001,0.9794779502282772,0.9794779502282772,8.104259166932977e-05,8.104259730366648e-05,50,50,0.0005262649469270989,0.6
asymmetric,10,10,6,256,0.5,Greedy,0.9800000000000001,0.9800000000000001,0.9914574508368142,0.9914574508368142,0.00020058060914220885,0.00020058061498560092,50,50,0.00034377913723975006,0.8
asymmetric,10,10,6,256,0.5,Hinge,0.6,0.9800000000000001,0.5793290659129087,0.9905915437056532,0.00032633187095624,0.00032633187685916006,50,50,0.000343779143148,0.0
asymmetric,10,10,6,256,0.5,LCRC,0.8,0.8,0.8186442507178123,0.8186442507178123,0.00014299862142246695,0.0001429986254953939,50,50,0.00042614720850585,0.2
asymmetric,10,10,6,256,0.5,MA,0.9199999999999999,0.9199999999999999,0.9624841728066773,0.9624841728066773,7.679083574474815e-05,7.67908413133425e-05,50,50,0.0006448451040966486,0.6
asymmetric,10,10,6,256,0.5,MLE,0.9199999999999999,0.9199999999999999,0.9528119622643205,0.9528119622643205,8.797132285875873e-05,8.797132604627746e-05,50,50,0.0008897424660005979,0.6
asymmetric,10,10,6,256,0.5,Minimax,0.2,0.2,0.20844002877043577,0.20844002877043577,0.0005176724542525,0.0005176724601556,50,50,0.000687558289264,0.0
asymmetric,10,10,6,256,0.75,A1,1.0,1.0,0.9998583669798677,0.9998583669798677,0.00036230447120268,0.00036230447710574004,50,50,0.0005100090686278,1.0
asymmetric,10,10,6,256,0.75,CVaR,0.9400000000000001,0.9400000000000001,0.9834947627845049,0.9834947627845049,8.104259166932977e-05,8.104259730366648e-05,50,50,0.0005262649469270989,0.6
asymmetric,10,10,6,256,0.75,Greedy,1.0,1.0,0.9998115106938281,0.9998115106938281,0.00030161274406087404,0.00030161274996382383,50,50,0.00050175063559605,1.0
asymmetric,10,10,6,256,0.75,Hinge,0.8400000000000001,1.0,0.8680976880111952,0.999833793049644,0.00043596767403436006,0.00043596767993728003,50,50,0.0005156687147038001,0.4
asymmetric,10,10,6,256,0.75,LCRC,0.9800000000000001,0.9800000000000001,0.9982720381846887,0.9982720381846887,0.00014299862142246695,0.0001429986254953939,50,50,0.00042614720850585,0.8
asymmetric,10,10,6,256,0.75,MA,0.9400000000000001,0.9400000000000001,0.9702913368464785,0.9702913368464785,7.679083574474815e-05,7.67908413133425e-05,50,50,0.0006448451040966486,0.6
asymmetric,10,10,6,256,0.75,MLE,0.9400000000000001,0.9400000000000001,0.9538909084130337,0.9538909084130337,8.797132285875873e-05,8.797132604627746e-05,50,50,0.0008897424660005979,0.6
asymmetric,10,10,6,256,0.75,Minimax,0.4,0.4,0.4272606761244641,0.4272606761244641,0.0005176724542525,0.0005176724601556,50,50,0.000687558289264,0.0
asymmetric,10,10,6,256,1.0,A1,0.9400000000000001,0.9400000000000001,0.9791337770137216,0.9791337770137216,7.679083574469384e-05,7.679084131328861e-05,50,50,0.0006448451040988487,0.6
asymmetric,10,10,6,256,1.0,CVaR,0.9400000000000001,0.9400000000000001,0.984976109362013,0.984976109362013,8.104259166932977e-05,8.104259730366648e-05,50,50,0.0005262649469270989,0.6
asymmetric,10,10,6,256,1.0,Greedy,1.0,1.0,0.9999921278927181,0.9999921278927181,0.00033223980447804144,0.0003322398103810634,50,50,0.0006875582802274001,1.0
asymmetric,10,10,6,256,1.0,Hinge,0.9800000000000001,1.0,0.9883119744119322,0.9999871154017237,0.0004968174135494,0.00049681741945242,50,50,0.0006875566157149,0.8
asymmetric,10,10,6,256,1.0,LCRC,0.9800000000000001,0.9800000000000001,0.9986368129427607,0.9986368129427607,0.00014299862142246695,0.0001429986254953939,50,50,0.00042614720850585,0.8
asymmetric,10,10,6,256,1.0,MA,0.9400000000000001,0.9400000000000001,0.9791337770137216,0.9791337770137216,7.679083574474815e-05,7.67908413133425e-05,50,50,0.0006448451040966486,0.6
asymmetric,10,10,6,256,1.0,MLE,0.9400000000000001,0.9400000000000001,0.956371691549981,0.956371691549981,8.797132285875873e-05,8.797132604627746e-05,50,50,0.0008897424660005979,0.6
asymmetric,10,10,6,256,1.0,Minimax,0.6,1.0,0.6673337591323304,0.9999999999999831,0.0005176724542525,0.0005176724601556,50,50,0.000687558289264,0.0
asymmetric,10,12,0,32,0.25,A1,0.25,0.25,0.24999999999999903,0.24999999999999903,0.0007915023744995833,0.0007915023803936667,50,50,0.001321731219755,0.0
asymmetric,10,12,0,32,0.25,CVaR,0.0,0.0,0.0,0.0,0.0006494598278878334,0.0006494598337820001,50,50,0.000989060417389,0.0
asymmetric,10,12,0,32,0.25,Greedy,0.08333333333333333,0.08333333333333333,0.08333333333333301,0.08333333333333301,0.0007077120055405834,0.0007077120114343335,50,50,0.0011075428037050001,0.0
asymmetric,10,12,0,32,0.25,Hinge,0.0,0.0,0.0,0.0,0.0006142784093764168,0.0006142784152705001,50,50,0.0010297040629800001,0.0
asymmetric,10,12,0,32,0.25,LCRC,0.0,0.0,0.0,0.0,0.0006821921534312501,0.00068219215932525,50,50,0.000753744238669,0.0
asymmetric,10,12,0,32,0.25,MA,0.0,0.0,0.0,0.0,0.0006142784093705833,0.00061427841526475,50,50,0.0010297044990510002,0.0
asymmetric,10,12,0,32,0.25,MLE,0.08333333333333333,0.08333333333333333,0.08333333333333301,0.08333333333333301,0.0011701063303504414,0.0011701063359985493,50,50,0.001968452952169,0.0
asymmetric,10,12,0,32,0.25,Minimax,0.0,0.0,0.0,0.0,0.0006821921534312501,0.00068219215932525,50,50,0.000753744238669,0.0
asymmetric,10,12,0,32,0.5,A1,0.3333333333333333,0.3333333333333333,0.33333333333333204,0.33333333333333204,0.0006613113090239167,0.0006613113149181667,50,50,0.0010682596655700002,0.0
asymmetric,10,12,0,32,0.5,CVaR,0.0,0.0,0.0,0.0,0.0006494598278878334,0.0006494598337820001,50,50,0.000989060417389,0.0
asymmetric,10,12,0,32,0.5,Greedy,0.08333333333333333,0.08333333333333333,0.08333333333333301,0.08333333333333301,0.0006296801216734168,0.0006296801275673334,50,50,0.001028844366938,0.0
asymmetric,10,12,0,32,0.5,Hinge,0.0,0.08333333333333333,0.0,0.08333333333333301,0.0006149514947550001,0.0006149515006490834,50,50,0.0010659966619390002,0.0
asymmetric,10,12,0,32,0.5,LCRC,0.08333333333333333,0.08333333333333333,0.08333333333333301,0.08333333333333301,0.0006821921534312501,0.00068219215932525,50,50,0.000753744238669,0.0
asymmetric,10,12,0,32,0.5,MA,0.08333333333333333,0.08333333333333333,0.08333333333333301,0.08333333333333301,0.0006142784093705833,0.00061427841526475,50,50,0.0010297044990510002,0.0
asymmetric,10,12,0,32,0.5,MLE,0.08333333333333333,0.08333333333333333,0.08333333333333301,0.08333333333333301,0.0011701063303504414,0.0011701063359985493,50,50,0.001968452952169,0.0
asymmetric,10,12,0,32,0.5,Minimax,0.08333333333333333,0.08333333333333333,0.08333333333333301,0.08333333333333301,0.0006821921534312501,0.00068219215932525,50,50,0.000753744238669,0.0
asymmetric,10,12,0,32,0.75,A1,0.75,0.75,0.7499999999999991,0.7499999999999991,0.0006318533499120834,0.0006318533558060834,50,50,0.001162891061395,0.0
asymmetric,10,12,0,32,0.75,CVaR,0.08333333333333333,0.08333333333333333,0.08333333333333301,0.08333333333333301,0.0006494598278878334,0.0006494598337820001,50,50,0.000989060417389,0.0
asymmetric,10,12,0,32,0.75,Greedy,0.75,0.75,0.7499999999999991,0.7499999999999991,0.0006318533499120834,0.0006318533558060834,50,50,0.001162891061395,0.0
asymmetric,10,12,0,32,0.75,Hinge,0.3333333333333333,0.4166666666666667,0.33333333333333204,0.416666666666666,0.0006313305502097501,0.0006313305561039168,50,50,0.0010654692596370001,0.0
asymmetric,10,12,0,32,0.75,LCRC,0.08333333333333333,0.08333333333333333,0.08333333333333301,0.08333333333333301,0.0006821921534312501,0.00068219215932525,50,50,0.000753744238669,0.0
asymmetric,10,12,0,32,0.75,MA,0.5,0.5,0.49999999999999906,0.49999999999999906,0.0006142784093705833,0.00061427841526475,50,50,0.0010297044990510002,0.0
asymmetric,10,12,0,32,0.75,MLE,0.08333333333333333,0.08333333333333333,0.08333333333333301,0.08333333333333301,0.0011701063303504414,0.0011701063359985493,50,50,0.001968452952169,0.0
asymmetric,10,12,0,32,0.75,Minimax,0.08333333333333333,0.08333333333333333,0.08333333333333301,0.08333333333333301,0.0006821921534312501,0.00068219215932525,50,50,0.000753744238669,0.0
asymmetric,10,12,0,32,1.0,A1,0.8333333333333334,0.8333333333333334,0.833333333333332,0.833333333333332,0.0006142784093706667,0.00061427841526475,50,50,0.00102970449905,0.0
asymmetric,10,12,0,32,1.0,CVaR,0.9166666666666666,0.9166666666666666,0.9166666666666651,0.9166666666666651,0.0006494598278878334,0.0006494598337820001,50,50,0.000989060417389,0.0
asymmetric,10,12,0,32,1.0,Greedy,0.9166666666666666,0.9166666666666666,0.9166666666666651,0.9166666666666651,0.0006581509652198335,0.0006581509711139167,50,50,0.000843058956312,0.0
asymmetric,10,12,0,32,1.0,Hinge,0.5833333333333334,0.9166666666666666,0.583333333333332,0.9166666666666651,0.0006821929442101666,0.0006821929501043333,50,50,0.0007537442432000001,0.0
asymmetric,10,12,0,32,1.0,LCRC,0.5833333333333334,1.0,0.583333333333332,0.9999999999999981,0.0006821921534312501,0.00068219215932525,50,50,0.000753744238669,0.0
asymmetric,10,12,0,32,1.0,MA,0.8333333333333334,0.8333333333333334,0.833333333333332,0.833333333333332,0.0006142784093705833,0.00061427841526475,50,50,0.0010297044990510002,0.0
asymmetric,10,12,0,32,1.0,MLE,0.08333333333333333,0.08333333333333333,0.08333333333333301,0.08333333333333301,0.0011701063303504414,0.0011701063359985493,50,50,0.001968452952169,0.0
asymmetric,10,12,0,32,1.0,Minimax,0.5833333333333334,1.0,0.583333333333332,0.9999999999999981,0.0006821921534312501,0.00068219215932525,50,50,0.000753744238669,0.0
asymmetric,10,12,0,256,0.25,A1,0.25,0.25,0.249999999999957,0.249999999999957,0.0007915023744995833,0.0007915023803936667,50,50,0.001321731219714,0.0
asymmetric,10,12,0,256,0.25,CVaR,0.0,0.0,0.0,0.0,0.0006494598278878334,0.0006494598337819167,50,50,0.00098906041739,0.0
asymmetric,10,12,0,256,0.25,Greedy,0.08333333333333333,0.08333333333333333,0.083333333333319,0.083333333333319,0.0007077120055404167,0.0007077120114346667,50,50,0.0011075428037120002,0.0
asymmetric,10,12,0,256,0.25,Hinge,0.0,0.0,0.0,0.0,0.0006142784093763334,0.0006142784152705001,50,50,0.0010297040629810002,0.0
asymmetric,10,12,0,256,0.25,LCRC,0.0,0.0,0.0,0.0,0.0006821921534312501,0.00068219215932525,50,50,0.000753744238669,0.0
asymmetric,10,12,0,256,0.25,MA,0.0,0.0,0.0,0.0,0.0006142784093705833,0.00061427841526475,50,50,0.0010297044990510002,0.0
asymmetric,10,12,0,256,0.25,MLE,0.08333333333333333,0.08333333333333333,0.083333333333319,0.083333333333319,0.0011701063303504414,0.0011701063359985493,50,50,0.001968452952169,0.0
asymmetric,10,12,0,256,0.25,Minimax,0.0,0.0,0.0,0.0,0.0006821921534312501,0.00068219215932525,50,50,0.000753744238669,0.0
asymmetric,10,12,0,256,0.5,A1,0.3333333333333333,0.3333333333333333,0.333333333333276,0.333333333333276,0.000661311309024,0.0006613113149181667,50,50,0.0010682596655700002,0.0
asymmetric,10,12,0,256,0.5,CVaR,0.0,0.0,0.0,0.0,0.0006494598278878334,0.0006494598337819167,50,50,0.00098906041739,0.0
asymmetric,10,12,0,256,0.5,Greedy,0.08333333333333333,0.08333333333333333,0.083333333333319,0.083333333333319,0.0006296801216731667,0.0006296801275673334,50,50,0.0010288443669420001,0.0
asymmetric,10,12,0,256,0.5,Hinge,0.0,0.08333333333333333,0.0,0.083333333333319,0.0006149514947550001,0.0006149515006490834,50,50,0.001065996661901,0.0
asymmetric,10,12,0,256,0.5,LCRC,0.08333333333333333,0.08333333333333333,0.083333333333319,0.083333333333319,0.0006821921534312501,0.00068219215932525,50,50,0.000753744238669,0.0
asymmetric,10,12,0,256,0.5,MA,0.08333333333333333,0.08333333333333333,0.083333333333319,0.083333333333319,0.0006142784093705833,0.00061427841526475,50,50,0.0010297044990510002,0.0
asymmetric,10,12,0,256,0.5,MLE,0.08333333333333333,0.08333333333333333,0.083333333333319,0.083333333333319,0.0011701063303504414,0.0011701063359985493,50,50,0.001968452952169,0.0
asymmetric,10,12,0,256,0.5,Minimax,0.08333333333333333,0.08333333333333333,0.083333333333319,0.083333333333319,0.0006821921534312501,0.00068219215932525,50,50,0.000753744238669,0.0
asymmetric,10,12,0,256,0.75,A1,0.75,0.75,0.7499999999998711,0.7499999999998711,0.00063185334991225,0.0006318533558062501,50,50,0.001162891061397,0.0
asymmetric,10,12,0,256,0.75,CVaR,0.08333333333333333,0.08333333333333333,0.083333333333319,0.083333333333319,0.0006494598278878334,0.0006494598337819167,50,50,0.00098906041739,0.0
asymmetric,10,12,0,256,0.75,Greedy,0.75,0.75,0.7499999999998711,0.7499999999998711,0.00063185334991225,0.0006318533558062501,50,50,0.001162891061397,0.0
asymmetric,10,12,0,256,0.75,Hinge,0.3333333333333333,0.4166666666666667,0.333333333333276,0.416666666666595,0.0006313305502100001,0.0006313305561039168,50,50,0.001065469259636,0.0
asymmetric,10,12,0,256,0.75,LCRC,0.08333333333333333,0.08333333333333333,0.083333333333319,0.083333333333319,0.0006821921534312501,0.00068219215932525,50,50,0.000753744238669,0.0
asymmetric,10,12,0,256,0.75,MA,0.5,0.5,0.499999999999914,0.499999999999914,0.0006142784093705833,0.00061427841526475,50,50,0.0010297044990510002,0.0
asymmetric,10,12,0,256,0.75,MLE,0.08333333333333333,0.08333333333333333,0.083333333333319,0.083333333333319,0.0011701063303504414,0.0011701063359985493,50,50,0.001968452952169,0.0
asymmetric,10,12,0,256,0.75,Minimax,0.08333333333333333,0.08333333333333333,0.083333333333319,0.083333333333319,0.0006821921534312501,0.00068219215932525,50,50,0.000753744238669,0.0
asymmetric,10,12,0,256,1.0,A1,0.8333333333333334,0.8333333333333334,0.83333333333319,0.83333333333319,0.0006142784093706667,0.0006142784152648334,50,50,0.00102970449905,0.0
asymmetric,10,12,0,256,1.0,CVaR,0.9166666666666666,0.9166666666666666,0.9166666666665092,0.9166666666665092,0.0006494598278878334,0.0006494598337819167,50,50,0.00098906041739,0.0
asymmetric,10,12,0,256,1.0,Greedy,0.9166666666666666,0.9166666666666666,0.9166666666665092,0.9166666666665092,0.0006581509652198335,0.000658150971114,50,50,0.0008430589563310001,0.0
asymmetric,10,12,0,256,1.0,Hinge,0.5833333333333334,0.9166666666666666,0.583333333333233,0.9166666666665092,0.0006821929442105,0.0006821929501044168,50,50,0.0007537442432000001,0.0
asymmetric,10,12,0,256,1.0,LCRC,0.5833333333333334,1.0,0.583333333333233,0.999999999999828,0.0006821921534312501,0.00068219215932525,50,50,0.000753744238669,0.0
asymmetric,10,12,0,256,1.0,MA,0.8333333333333334,0.8333333333333334,0.83333333333319,0.83333333333319,0.0006142784093705833,0.00061427841526475,50,50,0.0010297044990510002,0.0
asymmetric,10,12,0,256,1.0,MLE,0.08333333333333333,0.08333333333333333,0.083333333333319,0.083333333333319,0.0011701063303504414,0.0011701063359985493,50,50,0.001968452952169,0.0
asymmetric,10,12,0,256,1.0,Minimax,0.5833333333333334,1.0,0.583333333333233,0.999999999999828,0.0006821921534312501,0.00068219215932525,50,50,0.000753744238669,0.0
asymmetric,10,12,1,32,0.25,A1,0.5041666666666667,0.5041666666666667,0.46976748472292096,0.46976748472292096,0.0005898423281791562,0.000589842334073227,50,50,0.0013713703379590499,0.25
asymmetric,10,12,1,32,0.25,CVaR,0.0375,0.0375,0.03245026920695663,0.03245026920695663,0.0005136128925723484,0.000513612898466471,50,50,0.0008013282307378497,0.0
asymmetric,10,12,1,32,0.25,Greedy,0.5375,0.5375,0.4105165149596801,0.4105165149596801,0.00045248917044013627,0.0004524891763342422,50,50,0.0011534689151907495,0.25
asymmetric,10,12,1,32,0.25,Hinge,0.0,0.2333333333333333,0.0032042630617622504,0.1670524781425569,0.00044578031464726663,0.0004457803205413042,50,50,0.0009555901588360995,0.0
asymmetric,10,12,1,32,0.25,LCRC,0.0,0.0,0.0011543394867875418,0.0011543394867875418,0.0006547012999034166,0.0006547013057974626,50,50,0.0007537442386322,0.0
asymmetric,10,12,1,32,0.25,MA,0.2333333333333333,0.2333333333333333,0.1670524781425569,0.1670524781425569,0.000429187786932466,0.00042918779282663023,50,50,0.0009657717021149994,0.0
asymmetric,10,12,1,32,0.25,MLE,0.49583333333333335,0.49583333333333335,0.375130466484954,0.375130466484954,0.000672405872299245,0.0006724058767313775,50,50,0.0019671405170723993,0.25
asymmetric,10,12,1,32,0.25,Minimax,0.0,0.0,0.0,0.0,0.0006821921534312501,0.00068219215932525,50,50,0.000753744238669,0.0
asymmetric,10,12,1,32,0.5,A1,0.65,0.65,0.6322438042839591,0.6322438042839591,0.0005249486370282167,0.0005249486429223459,50,50,0.00119610875364955,0.25
asymmetric,10,12,1,32,0.5,CVaR,0.15416666666666667,0.15416666666666667,0.14964826866179218,0.14964826866179218,0.0005136128925723484,0.000513612898466471,50,50,0.0008013282307378497,0.0
asymmetric,10,12,1,32,0.5,Greedy,0.5875,0.5875,0.5553042992133373,0.5553042992133373,0.000474122976603834,0.0004741229824979191,50,50,0.0010481974544480994,0.25
asymmetric,10,12,1,32,0.5,Hinge,0.041666666666666664,0.47500000000000003,0.06581066748306429,0.39081498818849975,0.0004985209075174501,0.0004985209134114875,50,50,0.0008857594556766499,0.0
asymmetric,10,12,1,32,0.5,LCRC,0.08333333333333333,0.08333333333333333,0.09950096669268754,0.09950096669268754,0.0006547012999034166,0.0006547013057974626,50,50,0.0007537442386322,0.0
asymmetric,10,12,1,32,0.5,MA,0.4583333333333333,0.4583333333333333,0.35649179514781415,0.35649179514781415,0.000429187786932466,0.00042918779282663023,50,50,0.0009657717021149994,0.25
asymmetric,10,12,1,32,0.5,MLE,0.49583333333333335,0.49583333333333335,0.375130466484954,0.375130466484954,0.000672405872299245,0.0006724058767313775,50,50,0.0019671405170723993,0.25
asymmetric,10,12,1,32,0.5,Minimax,0.08333333333333333,0.08333333333333333,0.10225624048614816,0.10225624048614816,0.0006821921534312501,0.00068219215932525,50,50,0.000753744238669,0.0
asymmetric,10,12,1,32,0.75,A1,0.9166666666666666,0.9166666666666666,0.8857188145464171,0.8857188145464171,0.0005570798936103084,0.0005570798995043584,50,50,0.0010902385752038497,0.5
asymmetric,10,12,1,32,0.75,CVaR,0.6916666666666668,0.6916666666666668,0.643608437475537,0.643608437475537,0.0005136128925723484,0.000513612898466471,50,50,0.0008013282307378497,0.25
asymmetric,10,12,1,32,0.75,Greedy,0.8958333333333334,0.8958333333333334,0.8318461041421887,0.8318461041421887,0.0005100546111305623,0.0005100546170246433,50,50,0.0009242123558087492,0.5
asymmetric,10,12,1,32,0.75,Hinge,0.2625,0.8541666666666666,0.2694545458855229,0.7930140765058268,0.0005731088663958167,0.0005731088722899834,50,50,0.00069778723269215,0.0
asymmetric,10,12,1,32,0.75,LCRC,0.1875,0.1875,0.17292114764864594,0.17292114764864594,0.0006547012999034166,0.0006547013057974626,50,50,0.0007537442386322,0.0
asymmetric,10,12,1,32,0.75,MA,0.7291666666666666,0.7291666666666666,0.6474827229193606,0.6474827229193606,0.000429187786932466,0.00042918779282663023,50,50,0.0009657717021149994,0.25
asymmetric,10,12,1,32,0.75,MLE,0.5166666666666667,0.5166666666666667,0.40915255265426437,0.40915255265426437,0.000672405872299245,0.0006724058767313775,50,50,0.0019671405170723993,0.25
asymmetric,10,12,1,32,0.75,Minimax,0.08333333333333333,0.08333333333333333,0.10225624048614816,0.10225624048614816,0.0006821921534312501,0.00068219215932525,50,50,0.000753744238669,0.0
asymmetric,10,12,1,32,1.0,A1,0.8958333333333334,0.8958333333333334,0.8462621814195179,0.8462621814195179,0.00043021476402259166,0.00043021476991671003,50,50,0.0009657717021165495,0.5
asymmetric,10,12,1,32,1.0,CVaR,0.9375,0.9375,0.9177661749076064,0.9177661749076064,0.0005136128925723484,0.000513612898466471,50,50,0.0008013282307378497,0.5
asymmetric,10,12,1,32,1.0,Greedy,1.0,1.0,0.9875637748703001,0.9875637748703001,0.0005818731875671042,0.0005818731934612375,50,50,0.00075374422942165,1.0
asymmetric,10,12,1,32,1.0,Hinge,0.7833333333333333,1.0,0.6750650299551674,0.9845997364556108,0.0006821921791058417,0.0006821921849999292,50,50,0.00075374423544875,0.25
asymmetric,10,12,1,32,1.0,LCRC,0.7791666666666667,1.0,0.7046893010692908,0.9988402398317261,0.0006547012999034166,0.0006547013057974626,50,50,0.0007537442386322,0.25
asymmetric,10,12,1,32,1.0,MA,0.8958333333333334,0.8958333333333334,0.8404809868596193,0.8404809868596193,0.000429187786932466,0.00042918779282663023,50,50,0.0009657717021149994,0.5
asymmetric,10,12,1,32,1.0,MLE,0.6,0.6,0.4523539776729215,0.4523539776729215,0.000672405872299245,0.0006724058767313775,50,50,0.0019671405170723993,0.25
asymmetric,10,12,1,32,1.0,Minimax,0.5833333333333334,1.0,0.5586977462987409,1.0000000000000042,0.0006821921534312501,0.00068219215932525,50,50,0.000753744238669,0.0
asymmetric,10,12,1,256,0.25,A1,0.4291666666666667,0.4291666666666667,0.44364506647978724,0.44364506647978724,0.0005830072218988167,0.0005830072277927875,50,50,0.0011817210252475997,0.0
asymmetric,10,12,1,256,0.25,CVaR,0.0,0.0,0.0,0.0,0.0005182417403194042,0.0005182417462134834,50,50,0.00079248534218005,0.0
asymmetric,10,12,1,256,0.25,Greedy,0.375,0.375,0.38645268166572694,0.38645268166572694,0.0005080542701237917,0.0005080542760178333,50,50,0.0010042647835405,0.0
asymmetric,10,12,1,256,0.25,Hinge,0.0,0.05833333333333333,0.004662951027139646,0.08256499973309654,0.0004627950027652084,0.00046279500865925837,50,50,0.00088276585745455,0.0
asymmetric,10,12,1,256,0.25,LCRC,0.0,0.0,0.0,0.0,0.0006589797785731543,0.0006589797844672377,50,50,0.00075374423865325,0.0
asymmetric,10,12,1,256,0.25,MA,0.07916666666666666,0.07916666666666666,0.08590944234859292,0.08590944234859292,0.00046739412493410006,0.0004673941308281917,50,50,0.0009113056988952,0.0
asymmetric,10,12,1,256,0.25,MLE,0.3541666666666667,0.3541666666666667,0.36004598284263895,0.36004598284263895,0.0008444859705113685,0.0008444859753617035,50,50,0.0018309813964390996,0.0
asymmetric,10,12,1,256,0.25,Minimax,0.0,0.0,0.0,0.0,0.0006821921534312501,0.00068219215932525,50,50,0.000753744238669,0.0
asymmetric,10,12,1,256,0.5,A1,0.7000000000000001,0.7000000000000001,0.6359888752639428,0.6359888752639428,0.0004981500760232376,0.0004981500819172917,50,50,0.0010033111812603997,0.25
asymmetric,10,12,1,256,0.5,CVaR,0.12083333333333333,0.12083333333333333,0.12833761095237495,0.12833761095237495,0.0005182417403194042,0.0005182417462134834,50,50,0.00079248534218005,0.0
asymmetric,10,12,1,256,0.5,Greedy,0.5958333333333333,0.5958333333333333,0.5750806859959733,0.5750806859959733,0.0004883247937510792,0.0004883247996453583,50,50,0.0009191163842626,0.25
asymmetric,10,12,1,256,0.5,Hinge,0.020833333333333332,0.4375,0.02368425320073971,0.40345628468592803,0.00048007625351142503,0.00048007625940548333,50,50,0.0008395786502423995,0.0
asymmetric,10,12,1,256,0.5,LCRC,0.08333333333333333,0.08333333333333333,0.059644873048410756,0.059644873048410756,0.0006589797785731543,0.0006589797844672377,50,50,0.00075374423865325,0.0
asymmetric,10,12,1,256,0.5,MA,0.37916666666666665,0.37916666666666665,0.35284730472834275,0.35284730472834275,0.00046739412493410006,0.0004673941308281917,50,50,0.0009113056988952,0.0
asymmetric,10,12,1,256,0.5,MLE,0.3541666666666667,0.3541666666666667,0.36004598284263895,0.36004598284263895,0.0008444859705113685,0.0008444859753617035,50,50,0.0018309813964390996,0.0
asymmetric,10,12,1,256,0.5,Minimax,0.08333333333333333,0.08333333333333333,0.0645087391460013,0.0645087391460013,0.0006821921534312501,0.00068219215932525,50,50,0.000753744238669,0.0
asymmetric,10,12,1,256,0.75,A1,0.9416666666666668,0.9416666666666668,0.8967756212337387,0.8967756212337387,0.0005377985431184667,0.0005377985490125,50,50,0.0007258251702460492,0.75
asymmetric,10,12,1,256,0.75,CVaR,0.775,0.775,0.6638626552685445,0.6638626552685445,0.0005182417403194042,0.0005182417462134834,50,50,0.00079248534218005,0.25
asymmetric,10,12,1,256,0.75,Greedy,0.9,0.9,0.8481648436843353,0.8481648436843353,0.0005203077116078751,0.0005203077175019292,50,50,0.0008713624993691998,0.75
asymmetric,10,12,1,256,0.75,Hinge,0.2625,0.9,0.20482422987503165,0.8216198316957111,0.0005685845520136375,0.0005685845579077167,50,50,0.0006698909883690499,0.0
asymmetric,10,12,1,256,0.75,LCRC,0.125,0.125,0.11737654983210555,0.11737654983210555,0.0006589797785731543,0.0006589797844672377,50,50,0.00075374423865325,0.0
asymmetric,10,12,1,256,0.75,MA,0.7583333333333333,0.7583333333333333,0.6744422653011067,0.6744422653011067,0.00046739412493410006,0.0004673941308281917,50,50,0.0009113056988952,0.5
asymmetric,10,12,1,256,0.75,MLE,0.3541666666666667,0.3541666666666667,0.383190070455036,0.383190070455036,0.0008444859705113685,0.0008444859753617035,50,50,0.0018309813964390996,0.0
asymmetric,10,12,1,256,0.75,Minimax,0.08333333333333333,0.08333333333333333,0.0645087391460013,0.0645087391460013,0.0006821921534312501,0.00068219215932525,50,50,0.000753744238669,0.0
asymmetric,10,12,1,256,1.0,A1,0.9,0.9,0.8564784477148887,0.8564784477148887,0.0004673941249345542,0.0004673941308286042,50,50,0.0009113056988971,0.5
asymmetric,10,12,1,256,1.0,CVaR,0.9208333333333334,0.9208333333333334,0.9137696479730546,0.9137696479730546,0.0005182417403194042,0.0005182417462134834,50,50,0.00079248534218005,0.5
asymmetric,10,12,1,256,1.0,Greedy,0.9791666666666666,0.9791666666666666,0.9885916838971496,0.9885916838971496,0.0005913607181491959,0.0005913607240432417,50,50,0.00075374422955365,0.75
asymmetric,10,12,1,256,1.0,Hinge,0.7166666666666667,1.0,0.7289073018207306,0.9851546598931672,0.000682191279227025,0.0006821912851211126,50,50,0.0007537442353551001,0.0
asymmetric,10,12,1,256,1.0,LCRC,0.7166666666666667,1.0,0.7094047254832017,0.9987983667946341,0.0006589797785731543,0.0006589797844672377,50,50,0.00075374423865325,0.0
asymmetric,10,12,1,256,1.0,MA,0.9,0.9,0.8564784477148887,0.8564784477148887,0.00046739412493410006,0.0004673941308281917,50,50,0.0009113056988952,0.5
asymmetric,10,12,1,256,1.0,MLE,0.375,0.375,0.41799507313022727,0.41799507313022727,0.0008444859705113685,0.0008444859753617035,50,50,0.0018309813964390996,0.0
asymmetric,10,12,1,256,1.0,Minimax,0.5833333333333334,1.0,0.5527194936853956,0.9999999999999893,0.0006821921534312501,0.00068219215932525,50,50,0.000753744238669,0.0
asymmetric,10,12,3,32,0.25,A1,0.7416666666666667,0.7416666666666667,0.7171145923439711,0.7171145923439711,0.0003657760316723043,0.00036577603756642285,50,50,0.001333994518673749,0.4
asymmetric,10,12,3,32,0.25,CVaR,0.32916666666666666,0.32916666666666666,0.3367038629515577,0.3367038629515577,0.0003350375901879149,0.00033503759608211823,50,50,0.0008660142894565499,0.0
asymmetric,10,12,3,32,0.25,Greedy,0.7416666666666667,0.7416666666666667,0.6920265922179873,0.6920265922179873,0.00031959033637472513,0.000319590342268786,50,50,0.0012656122215907002,0.4
asymmetric,10,12,3,32,0.25,Hinge,0.020833333333333332,0.6416666666666667,0.01802691624064069,0.5868055330032936,0.00032557105327393754,0.00032557105916817506,50,50,0.0009488424964082496,0.0
asymmetric,10,12,3,32,0.25,LCRC,0.0,0.0,0.0008237988999403125,0.0008237988999403125,0.0005374577575865875,0.0005374577634806542,50,50,0.0007537442385323001,0.0
asymmetric,10,12,3,32,0.25,MA,0.6,0.6,0.5559110406434173,0.5559110406434173,0.00028078671343375396,0.00028078671932792567,50,50,0.0010344731386076,0.0
asymmetric,10,12,3,32,0.25,MLE,0.6791666666666667,0.6791666666666667,0.6361737631386244,0.6361737631386244,0.0004313247672312139,0.0004313247711239735,50,50,0.0019455495675466492,0.25
asymmetric,10,12,3,32,0.25,Minimax,0.0,0.0,0.0,0.0,0.0006821921534312501,0.00068219215932525,50,50,0.000753744238669,0.0
asymmetric,10,12,3,32,0.5,A1,0.8375,0.8375,0.854860011155822,0.854860011155822,0.000427937545078025,0.0004279375509722001,50,50,0.0010139509862291997,0.5
asymmetric,10,12,3,32,0.5,CVaR,0.6416666666666667,0.6416666666666667,0.6164816931920666,0.6164816931920666,0.0003350375901879149,0.00033503759608211823,50,50,0.0008660142894565499,0.4
asymmetric,10,12,3,32,0.5,Greedy,0.8208333333333333,0.8208333333333333,0.8254890992105067,0.8254890992105067,0.0003817862494998605,0.0003817862553940343,50,50,0.00108351341880565,0.5
asymmetric,10,12,3,32,0.5,Hinge,0.125,0.7833333333333333,0.1176518639794803,0.7644537294411697,0.00043783540759697085,0.0004378354134911042,50,50,0.0009088808760139994,0.0
asymmetric,10,12,3,32,0.5,LCRC,0.24166666666666667,0.24166666666666667,0.24482576765459538,0.24482576765459538,0.0005374577575865875,0.0005374577634806542,50,50,0.0007537442385323001,0.0
asymmetric,10,12,3,32,0.5,MA,0.7416666666666667,0.7416666666666667,0.687908040957855,0.687908040957855,0.00028078671343375396,0.00028078671932792567,50,50,0.0010344731386076,0.25
asymmetric,10,12,3,32,0.5,MLE,0.6791666666666667,0.6791666666666667,0.6361737631386244,0.6361737631386244,0.0004313247672312139,0.0004313247711239735,50,50,0.0019455495675466492,0.25
asymmetric,10,12,3,32,0.5,Minimax,0.08333333333333333,0.08333333333333333,0.09420477947416728,0.09420477947416728,0.0006821921534312501,0.00068219215932525,50,50,0.000753744238669,0.0
asymmetric,10,12,3,32,0.75,A1,0.9416666666666668,0.9416666666666668,0.9611278246893381,0.9611278246893381,0.0005142250554145709,0.0005142250613086417,50,50,0.0008618037688366986,0.75
asymmetric,10,12,3,32,0.75,CVaR,0.8208333333333333,0.8208333333333333,0.8478438886150306,0.8478438886150306,0.0003350375901879149,0.00033503759608211823,50,50,0.0008660142894565499,0.5
asymmetric,10,12,3,32,0.75,Greedy,0.9041666666666667,0.9041666666666667,0.9427535641868657,0.9427535641868657,0.0004550276529198116,0.0004550276588139259,50,50,0.0009510407863283996,0.6
asymmetric,10,12,3,32,0.75,Hinge,0.5625,0.9041666666666667,0.553129285275117,0.929628889900494,0.0005573891360629875,0.0005573891419571,50,50,0.0007644158587821496,0.2
asymmetric,10,12,3,32,0.75,LCRC,0.4875,0.4875,0.4838894158726918,0.4838894158726918,0.0005374577575865875,0.0005374577634806542,50,50,0.0007537442385323001,0.0
asymmetric,10,12,3,32,0.75,MA,0.8416666666666667,0.8416666666666667,0.8252978956593094,0.8252978956593094,0.00028078671343375396,0.00028078671932792567,50,50,0.0010344731386076,0.6
asymmetric,10,12,3,32,0.75,MLE,0.7208333333333333,0.7208333333333333,0.6727435863750872,0.6727435863750872,0.0004313247672312139,0.0004313247711239735,50,50,0.0019455495675466492,0.25
asymmetric,10,12,3,32,0.75,Minimax,0.08333333333333333,0.08333333333333333,0.09420477947416728,0.09420477947416728,0.0006821921534312501,0.00068219215932525,50,50,0.000753744238669,0.0
asymmetric,10,12,3,32,1.0,A1,0.8583333333333334,0.8583333333333334,0.8980754041981109,0.8980754041981109,0.00028186416848198465,0.00028186417437605634,50,50,0.0010344731386080501,0.75
asymmetric,10,12,3,32,1.0,CVaR,0.8791666666666668,0.8791666666666668,0.9403099692486129,0.9403099692486129,0.0003350375901879149,0.00033503759608211823,50,50,0.0008660142894565499,0.75
asymmetric,10,12,3,32,1.0,Greedy,1.0,1.0,0.9980363137385515,0.9980363137385515,0.0005601505392255042,0.0005601505451195834,50,50,0.00075374422945375,1.0
asymmetric,10,12,3,32,1.0,Hinge,0.9291666666666667,1.0,0.9562732480673226,0.9979127927329521,0.0006821689786730501,0.0006821689845671043,50,50,0.0007537442314606,0.4
asymmetric,10,12,3,32,1.0,LCRC,0.9291666666666667,1.0,0.9532198905945659,0.9969320763473889,0.0005374577575865875,0.0005374577634806542,50,50,0.0007537442385323001,0.4
asymmetric,10,12,3,32,1.0,MA,0.8583333333333334,0.8583333333333334,0.8933003900105679,0.8933003900105679,0.00028078671343375396,0.00028078671932792567,50,50,0.0010344731386076,0.75
asymmetric,10,12,3,32,1.0,MLE,0.7416666666666667,0.7416666666666667,0.7007953223487046,0.7007953223487046,0.0004313247672312139,0.0004313247711239735,50,50,0.0019455495675466492,0.4
asymmetric,10,12,3,32,1.0,Minimax,0.5833333333333334,1.0,0.6314698945093161,0.9999999999999872,0.0006821921534312501,0.00068219215932525,50,50,0.000753744238669,0.0
asymmetric,10,12,3,256,0.25,A1,0.6958333333333333,0.6958333333333333,0.6932908072257925,0.6932908072257925,0.00033578444151951674,0.0003357844474136526,50,50,0.0012435774215498996,0.25
asymmetric,10,12,3,256,0.25,CVaR,0.33749999999999997,0.33749999999999997,0.34489271421137774,0.34489271421137774,0.00032344805127252973,0.0003234480571666539,50,50,0.00090720848783875,0.0
asymmetric,10,12,3,256,0.25,Greedy,0.6541666666666667,0.6541666666666667,0.6838603240030424,0.6838603240030424,0.0003146974132563741,0.0003146974191504584,50,50,0.00113840306268835,0.25
asymmetric,10,12,3,256,0.25,Hinge,0.020833333333333332,0.5708333333333333,0.024081273667396024,0.5301933469419035,0.00034412738972259584,0.0003441273956165667,50,50,0.000917928453745,0.0
asymmetric,10,12,3,256,0.25,LCRC,0.08333333333333333,0.08333333333333333,0.08283894624260109,0.08283894624260109,0.0005092752963598435,0.0005092753020701617,50,50,0.0007365917891008,0.0
asymmetric,10,12,3,256,0.25,MA,0.5708333333333333,0.5708333333333333,0.5279678153947621,0.5279678153947621,0.00029395698232927695,0.00029395698822343516,50,50,0.00113840306268465,0.25
asymmetric,10,12,3,256,0.25,MLE,0.6541666666666667,0.6541666666666667,0.6751520873709747,0.6751520873709747,0.00044319181760972526,0.0004431918215767963,50,50,0.0016124337151881,0.25
asymmetric,10,12,3,256,0.25,Minimax,0.0,0.0,0.0,0.0,0.0006821921534312501,0.00068219215932525,50,50,0.000753744238669,0.0
asymmetric,10,12,3,256,0.5,A1,0.8416666666666667,0.8416666666666667,0.8704805104802479,0.8704805104802479,0.00040358911969148333,0.00040358912558555003,50,50,0.0009151252255923496,0.5
asymmetric,10,12,3,256,0.5,CVaR,0.6541666666666667,0.6541666666666667,0.6503663127095667,0.6503663127095667,0.00032344805127252973,0.0003234480571666539,50,50,0.00090720848783875,0.25
asymmetric,10,12,3,256,0.5,Greedy,0.8416666666666667,0.8416666666666667,0.852539695817276,0.852539695817276,0.00035927106728969696,0.0003592710731837945,50,50,0.0010455625737066496,0.5
asymmetric,10,12,3,256,0.5,Hinge,0.020833333333333332,0.7791666666666667,0.02892349114315751,0.8089605836881745,0.0004328196526931,0.0004328196585872709,50,50,0.0008043755331624495,0.0
asymmetric,10,12,3,256,0.5,LCRC,0.16666666666666666,0.16666666666666666,0.13022595699688347,0.13022595699688347,0.0005092752963598435,0.0005092753020701617,50,50,0.0007365917891008,0.0
asymmetric,10,12,3,256,0.5,MA,0.6958333333333333,0.6958333333333333,0.7225411194645636,0.7225411194645636,0.00029395698232927695,0.00029395698822343516,50,50,0.00113840306268465,0.25
asymmetric,10,12,3,256,0.5,MLE,0.6541666666666667,0.6541666666666667,0.6751520873709747,0.6751520873709747,0.00044319181760972526,0.0004431918215767963,50,50,0.0016124337151881,0.25
asymmetric,10,12,3,256,0.5,Minimax,0.08333333333333333,0.08333333333333333,0.04024568209534729,0.04024568209534729,0.0006821921534312501,0.00068219215932525,50,50,0.000753744238669,0.0
asymmetric,10,12,3,256,0.75,A1,0.9375,0.9375,0.972171623542274,0.972171623542274,0.0005072256827985876,0.0005072256886926792,50,50,0.0007800726184048989,0.75
asymmetric,10,12,3,256,0.75,CVaR,0.8791666666666668,0.8791666666666668,0.8889339834848807,0.8889339834848807,0.00032344805127252973,0.0003234480571666539,50,50,0.00090720848783875,0.5
asymmetric,10,12,3,256,0.75,Greedy,0.9625,0.9625,0.9577366564516504,0.9577366564516504,0.000438242033434125,0.00043824203932816256,50,50,0.0005653081706955501,0.75
asymmetric,10,12,3,256,0.75,Hinge,0.5625,0.9375,0.5599554393913787,0.9486021805410548,0.000553197756846325,0.0005531977627404376,50,50,0.0005925790280259999,0.0
asymmetric,10,12,3,256,0.75,LCRC,0.5375,0.5375,0.49112761746756356,0.49112761746756356,0.0005092752963598435,0.0005092753020701617,50,50,0.0007365917891008,0.25
asymmetric,10,12,3,256,0.75,MA,0.8208333333333333,0.8208333333333333,0.8333955921096106,0.8333955921096106,0.00029395698232927695,0.00029395698822343516,50,50,0.00113840306268465,0.5
asymmetric,10,12,3,256,0.75,MLE,0.6541666666666667,0.6541666666666667,0.6807627211487471,0.6807627211487471,0.00044319181760972526,0.0004431918215767963,50,50,0.0016124337151881,0.25
asymmetric,10,12,3,256,0.75,Minimax,0.08333333333333333,0.08333333333333333,0.04024568209534729,0.04024568209534729,0.0006821921534312501,0.00068219215932525,50,50,0.000753744238669,0.0
asymmetric,10,12,3,256,1.0,A1,0.8583333333333334,0.8583333333333334,0.9023545264237645,0.9023545264237645,0.00029395698232937843,0.0002939569882235116,50,50,0.00113840306268465,0.5
asymmetric,10,12,3,256,1.0,CVaR,0.8791666666666668,0.8791666666666668,0.9472829244884289,0.9472829244884289,0.00032344805127252973,0.0003234480571666539,50,50,0.00090720848783875,0.5
asymmetric,10,12,3,256,1.0,Greedy,1.0,1.0,0.998714388411725,0.998714388411725,0.00058415527003985,0.0005841552759339667,50,50,0.0007537442295209501,1.0
asymmetric,10,12,3,256,1.0,Hinge,0.9791666666666666,1.0,0.9415677156820758,0.9984486758039178,0.0006821040943299793,0.0006821041002240376,50,50,0.0007537442229017001,0.75
asymmetric,10,12,3,256,1.0,LCRC,1.0,1.0,0.9790421840254453,0.9967605130851048,0.0005092752963598435,0.0005092753020701617,50,50,0.0007365917891008,1.0
asymmetric,10,12,3,256,1.0,MA,0.8583333333333334,0.8583333333333334,0.9023545264237645,0.9023545264237645,0.00029395698232927695,0.00029395698822343516,50,50,0.00113840306268465,0.5
asymmetric,10,12,3,256,1.0,MLE,0.6541666666666667,0.6541666666666667,0.6903571075735854,0.6903571075735854,0.00044319181760972526,0.0004431918215767963,50,50,0.0016124337151881,0.25
asymmetric,10,12,3,256,1.0,Minimax,0.5833333333333334,1.0,0.6487802433803954,1.0000000000000255,0.0006821921534312501,0.00068219215932525,50,50,0.000753744238669,0.0
asymmetric,10,12,6,32,0.25,A1,0.8958333333333334,0.8958333333333334,0.9398405721951596,0.9398405721951596,0.0001922053398775333,0.0001922053455256765,50,50,0.0010038841048841496,0.5
asymmetric,10,12,6,32,0.25,CVaR,0.875,0.875,0.8701084443581566,0.8701084443581566,8.915048301401633e-05,8.915048868173421e-05,50,50,0.0004981764692553,0.5
asymmetric,10,12,6,32,0.25,Greedy,0.875,0.875,0.9334823361131717,0.9334823361131717,0.00012303114434815846,0.00012303114994604477,50,50,0.0008201461715672998,0.5
asymmetric,10,12,6,32,0.25,Hinge,0.26666666666666666,0.8958333333333334,0.22487695372626584,0.9241281422555817,0.00023077740449020323,0.00023077741038425082,50,50,0.0005249589944487498,0.0
asymmetric,10,12,6,32,0.25,LCRC,0.5416666666666666,0.5416666666666666,0.5411672348094035,0.5411672348094035,0.00020008122787565393,0.00020008123247980362,50,50,0.00051667374715615,0.25
asymmetric,10,12,6,32,0.25,MA,0.875,0.875,0.9061250925527902,0.9061250925527902,0.00010501698033715886,0.00010501698593504035,50,50,0.0008201461715609998,0.5
asymmetric,10,12,6,32,0.25,MLE,0.8541666666666666,0.8541666666666666,0.9125449862246945,0.9125449862246945,0.000158985875907472,0.00015898587928440234,50,50,0.00129764265987,0.5
asymmetric,10,12,6,32,0.25,Minimax,0.0,0.0,0.0,0.0,0.0006821921534312501,0.00068219215932525,50,50,0.000753744238669,0.0
asymmetric,10,12,6,32,0.5,A1,0.9583333333333334,0.9583333333333334,0.9777999993432097,0.9777999993432097,0.0003149850691541709,0.00031498507504830003,50,50,0.00037687211184550003,0.75
asymmetric,10,12,6,32,0.5,CVaR,0.9166666666666666,0.9166666666666666,0.9415883330239757,0.9415883330239757,8.915048301401633e-05,8.915048868173421e-05,50,50,0.0004981764692553,0.75
asymmetric,10,12,6,32,0.5,Greedy,0.9583333333333334,0.9583333333333334,0.9726869940167875,0.9726869940167875,0.00024312600549332612,0.00024312601138748303,50,50,0.00037687211184550003,0.75
asymmetric,10,12,6,32,0.5,Hinge,0.5041666666666667,0.9583333333333334,0.4643842188288678,0.9725452109396328,0.0003642375536685416,0.00036423755956261006,50,50,0.00037687211777365004,0.25
asymmetric,10,12,6,32,0.5,LCRC,0.7374999999999999,0.7374999999999999,0.7012531590815984,0.7012531590815984,0.00020008122787565393,0.00020008123247980362,50,50,0.00051667374715615,0.5
asymmetric,10,12,6,32,0.5,MA,0.8958333333333334,0.8958333333333334,0.941583206709733,0.941583206709733,0.00010501698033715886,0.00010501698593504035,50,50,0.0008201461715609998,0.5
asymmetric,10,12,6,32,0.5,MLE,0.8541666666666666,0.8541666666666666,0.9125449862246945,0.9125449862246945,0.000158985875907472,0.00015898587928440234,50,50,0.00129764265987,0.5
asymmetric,10,12,6,32,0.5,Minimax,0.08333333333333333,0.08333333333333333,0.051461815594888737,0.051461815594888737,0.0006821921534312501,0.00068219215932525,50,50,0.000753744238669,0.0
asymmetric,10,12,6,32,0.75,A1,1.0,1.0,0.9961364322659098,0.9961364322659098,0.0004468174202717334,0.0004468174261658667,50,50,0.0005653081703032001,1.0
asymmetric,10,12,6,32,0.75,CVaR,0.9583333333333334,0.9583333333333334,0.9648674898813758,0.9648674898813758,8.915048301401633e-05,8.915048868173421e-05,50,50,0.0004981764692553,0.75
asymmetric,10,12,6,32,0.75,Greedy,1.0,1.0,0.9955235944876316,0.9955235944876316,0.0003659732175902148,0.0003659732234843933,50,50,0.0005653081704208501,1.0
asymmetric,10,12,6,32,0.75,Hinge,0.9041666666666667,1.0,0.8975065725041106,0.9922538047884223,0.0005206859512098709,0.0005206859571039875,50,50,0.0005653081747314501,0.6
asymmetric,10,12,6,32,0.75,LCRC,0.9791666666666666,0.9791666666666666,0.9393937804950939,0.9393937804950939,0.00020008122787565393,0.00020008123247980362,50,50,0.00051667374715615,0.75
asymmetric,10,12,6,32,0.75,MA,0.9166666666666666,0.9166666666666666,0.9548755473110112,0.9548755473110112,0.00010501698033715886,0.00010501698593504035,50,50,0.0008201461715609998,0.75
asymmetric,10,12,6,32,0.75,MLE,0.8958333333333334,0.8958333333333334,0.9223717882946731,0.9223717882946731,0.000158985875907472,0.00015898587928440234,50,50,0.00129764265987,0.5
asymmetric,10,12,6,32,0.75,Minimax,0.08333333333333333,0.08333333333333333,0.051461815594888737,0.051461815594888737,0.0006821921534312501,0.00068219215932525,50,50,0.000753744238669,0.0
asymmetric,10,12,6,32,1.0,A1,0.9166666666666666,0.9166666666666666,0.9628623732454783,0.9628623732454783,0.00010501698033722101,0.00010501698593512258,50,50,0.0008201461715624498,0.75
asymmetric,10,12,6,32,1.0,CVaR,0.9791666666666666,0.9791666666666666,0.9776115893615202,0.9776115893615202,8.915048301401633e-05,8.915048868173421e-05,50,50,0.0004981764692553,0.75
asymmetric,10,12,6,32,1.0,Greedy,1.0,1.0,0.9999910514714198,0.9999910514714198,0.0005349394698827542,0.0005349394757769334,50,50,0.0007400674298818501,1.0
asymmetric,10,12,6,32,1.0,Hinge,1.0,1.0,0.9999908624539925,0.9999908624539925,0.0006522652644640542,0.0006522652703582001,50,50,0.0007537426426926,1.0
asymmetric,10,12,6,32,1.0,LCRC,1.0,1.0,0.9980495520428255,0.9980495520428255,0.00020008122787565393,0.00020008123247980362,50,50,0.00051667374715615,1.0
asymmetric,10,12,6,32,1.0,MA,0.9166666666666666,0.9166666666666666,0.9628623732454783,0.9628623732454783,0.00010501698033715886,0.00010501698593504035,50,50,0.0008201461715609998,0.75
asymmetric,10,12,6,32,1.0,MLE,0.8958333333333334,0.8958333333333334,0.9398958394514018,0.9398958394514018,0.000158985875907472,0.00015898587928440234,50,50,0.00129764265987,0.5
asymmetric,10,12,6,32,1.0,Minimax,0.5833333333333334,1.0,0.5821516450265972,1.0000000000000135,0.0006821921534312501,0.00068219215932525,50,50,0.000753744238669,0.0
asymmetric,10,12,6,256,0.25,A1,0.9666666666666667,0.9666666666666667,0.952432491357169,0.952432491357169,0.0001272253082430698,0.00012722531398553176,50,50,0.000188436052985,0.8
asymmetric,10,12,6,256,0.25,CVaR,0.9083333333333333,0.9083333333333333,0.8845324309414186,0.8845324309414186,6.846825301652655e-05,6.84682587164565e-05,50,50,0.00040339672872969956,0.5
asymmetric,10,12,6,256,0.25,Greedy,0.9666666666666667,0.9666666666666667,0.9445817908712378,0.9445817908712378,6.981916569008922e-05,6.98191713196403e-05,50,50,0.0001843260533169,0.8
asymmetric,10,12,6,256,0.25,Hinge,0.15,0.9666666666666667,0.150895196855346,0.9368843924033871,0.00020718179945769587,0.00020718180535180835,50,50,0.00018843605889225001,0.0
asymmetric,10,12,6,256,0.25,LCRC,0.48333333333333334,0.48333333333333334,0.49585785958199574,0.49585785958199574,0.00023187899259778446,0.0002318789973124939,50,50,0.0005213455976556,0.0
asymmetric,10,12,6,256,0.25,MA,0.9666666666666667,0.9666666666666667,0.9218347558192672,0.9218347558192672,4.71318487684114e-05,4.713185439794831e-05,50,50,0.00014076022057384988,0.8
asymmetric,10,12,6,256,0.25,MLE,0.9666666666666667,0.9666666666666667,0.9218347558192672,0.9218347558192672,4.6711579394074257e-05,4.671158243958185e-05,50,50,2.955458794362542e-12,0.8
asymmetric,10,12,6,256,0.25,Minimax,0.0,0.0,0.0,0.0,0.0006821921534312501,0.00068219215932525,50,50,0.000753744238669,0.0
asymmetric,10,12,6,256,0.5,A1,0.9833333333333334,0.9833333333333334,0.98143417212769,0.98143417212769,0.00030794860795543334,0.0003079486138495792,50,50,0.00037414010766565,0.8
asymmetric,10,12,6,256,0.5,CVaR,0.9458333333333333,0.9458333333333333,0.9445364786133051,0.9445364786133051,6.846825301652655e-05,6.84682587164565e-05,50,50,0.00040339672872969956,0.75
asymmetric,10,12,6,256,0.5,Greedy,0.9833333333333334,0.9833333333333334,0.9798932989758979,0.9798932989758979,0.00021237414247852655,0.00021237414837269012,50,50,0.00036393895966104996,0.8
asymmetric,10,12,6,256,0.5,Hinge,0.425,0.9833333333333334,0.4377085654228077,0.9787880695842753,0.00037413215925392087,0.00037413216514799587,50,50,0.00037687211772555,0.0
asymmetric,10,12,6,256,0.5,LCRC,0.6625,0.6625,0.6736288340655187,0.6736288340655187,0.00023187899259778446,0.0002318789973124939,50,50,0.0005213455976556,0.5
asymmetric,10,12,6,256,0.5,MA,0.9666666666666667,0.9666666666666667,0.9321491543005989,0.9321491543005989,4.71318487684114e-05,4.713185439794831e-05,50,50,0.00014076022057384988,0.8
asymmetric,10,12,6,256,0.5,MLE,0.9666666666666667,0.9666666666666667,0.9218347558192672,0.9218347558192672,4.6711579394074257e-05,4.671158243958185e-05,50,50,2.955458794362542e-12,0.8
asymmetric,10,12,6,256,0.5,Minimax,0.08333333333333333,0.08333333333333333,0.09617489689704355,0.09617489689704355,0.0006821921534312501,0.00068219215932525,50,50,0.000753744238669,0.0
asymmetric,10,12,6,256,0.75,A1,1.0,1.0,0.9990557434694104,0.9990557434694104,0.0004483378895989084,0.00044833789549301675,50,50,0.0005618519527534001,1.0
asymmetric,10,12,6,256,0.75,CVaR,0.9833333333333334,0.9833333333333334,0.9746716684712475,0.9746716684712475,6.846825301652655e-05,6.84682587164565e-05,50,50,0.00040339672872969956,0.8
asymmetric,10,12,6,256,0.75,Greedy,1.0,1.0,0.9987845450925775,0.9987845450925775,0.0003655560845643195,0.00036555609045850506,50,50,0.0005618522420098001,1.0
asymmetric,10,12,6,256,0.75,Hinge,0.8624999999999999,1.0,0.8627731114130031,0.9984158081008953,0.0005348401789249708,0.0005348401848191042,50,50,0.0005653081763728501,0.5
asymmetric,10,12,6,256,0.75,LCRC,0.9625,0.9625,0.9641133352799107,0.9641133352799107,0.00023187899259778446,0.0002318789973124939,50,50,0.0005213455976556,0.75
asymmetric,10,12,6,256,0.75,MA,0.9666666666666667,0.9666666666666667,0.9598273157234459,0.9598273157234459,4.71318487684114e-05,4.713185439794831e-05,50,50,0.00014076022057384988,0.8
asymmetric,10,12,6,256,0.75,MLE,0.9666666666666667,0.9666666666666667,0.9317911072066357,0.9317911072066357,4.6711579394074257e-05,4.671158243958185e-05,50,50,2.955458794362542e-12,0.8
asymmetric,10,12,6,256,0.75,Minimax,0.08333333333333333,0.08333333333333333,0.09617489689704355,0.09617489689704355,0.0006821921534312501,0.00068219215932525,50,50,0.000753744238669,0.0
asymmetric,10,12,6,256,1.0,A1,0.9666666666666667,0.9666666666666667,0.9666348612170642,0.9666348612170642,4.713184876837176e-05,4.713185439792521e-05,50,50,0.0001407602205732999,0.8
asymmetric,10,12,6,256,1.0,CVaR,0.9833333333333334,0.9833333333333334,0.9817987298852607,0.9817987298852607,6.846825301652655e-05,6.84682587164565e-05,50,50,0.00040339672872969956,0.8
asymmetric,10,12,6,256,1.0,Greedy,1.0,1.0,0.9999965440094537,0.9999965440094537,0.0005244945392656042,0.0005244945451596917,50,50,0.00073892188025605,1.0
asymmetric,10,12,6,256,1.0,Hinge,0.9833333333333334,1.0,0.9821038887714645,0.9999957291726981,0.0006645821356750792,0.0006645821415692584,50,50,0.0007537360730074,0.8
asymmetric,10,12,6,256,1.0,LCRC,1.0,1.0,0.9988254795646823,0.9988254795646823,0.00023187899259778446,0.0002318789973124939,50,50,0.0005213455976556,1.0
asymmetric,10,12,6,256,1.0,MA,0.9666666666666667,0.9666666666666667,0.9666348612170642,0.9666348612170642,4.71318487684114e-05,4.713185439794831e-05,50,50,0.00014076022057384988,0.8
asymmetric,10,12,6,256,1.0,MLE,0.9666666666666667,0.9666666666666667,0.95233036949821,0.95233036949821,4.6711579394074257e-05,4.671158243958185e-05,50,50,2.955458794362542e-12,0.8
asymmetric,10,12,6,256,1.0,Minimax,0.5833333333333334,1.0,0.6015570323601828,1.0000000000000258,0.0006821921534312501,0.00068219215932525,50,50,0.000753744238669,0.0
hidden_curvature,6,6,0,32,0.25,A1,0.5,0.5,0.5,0.5,1.3834944532826557e-05,1.383495107738312e-05,50,50,3.6307437096136375e-05,0.0
hidden_curvature,6,6,0,32,0.25,CVaR,0.0,0.0,0.0,0.0,1.560229163175691e-05,1.5602298176313478e-05,50,50,2.968329899251387e-05,0.0
hidden_curvature,6,6,0,32,0.25,Greedy,0.16666666666666666,0.16666666666666666,0.16666666666666602,0.16666666666666602,3.4203044592606244e-05,3.42030511371628e-05,50,50,5.633551216967931e-05,0.0
hidden_curvature,6,6,0,32,0.25,Hinge,0.0,0.16666666666666666,0.0,0.16666666666666602,1.3857626022339512e-05,1.3857632566896075e-05,50,50,3.637280239272844e-05,0.0
hidden_curvature,6,6,0,32,0.25,LCRC,0.0,0.0,0.0,0.0,1.9127007713881188e-05,1.9127014258437745e-05,50,50,2.065433718051457e-05,0.0
hidden_curvature,6,6,0,32,0.25,MA,0.16666666666666666,0.16666666666666666,0.16666666666666602,0.16666666666666602,1.381704450500315e-05,1.3817051049559713e-05,50,50,3.585482695908637e-05,0.0
hidden_curvature,6,6,0,32,0.25,MLE,0.16666666666666666,0.16666666666666666,0.16666666666666602,0.16666666666666602,6.67658973045758e-05,6.676590330374244e-05,50,50,0.00010393111173500001,0.0
hidden_curvature,6,6,0,32,0.25,Minimax,0.0,0.0,0.0,0.0,1.9127007713881188e-05,1.9127014258437745e-05,50,50,2.065433718051457e-05,0.0
hidden_curvature,6,6,0,32,0.5,A1,0.8333333333333334,0.8333333333333334,0.833333333333333,0.833333333333333,1.5094298575322093e-05,1.5094305119878653e-05,50,50,4.318862575580785e-05,0.0
hidden_curvature,6,6,0,32,0.5,CVaR,0.16666666666666666,0.16666666666666666,0.16666666666666602,0.16666666666666602,1.560229163175691e-05,1.5602298176313478e-05,50,50,2.968329899251387e-05,0.0
hidden_curvature,6,6,0,32,0.5,Greedy,0.16666666666666666,0.16666666666666666,0.16666666666666602,0.16666666666666602,2.5182436293363458e-05,2.518244283792002e-05,50,50,4.1614230430635224e-05,0.0
hidden_curvature,6,6,0,32,0.5,Hinge,0.3333333333333333,0.3333333333333333,0.33333333333333304,0.33333333333333304,1.455914807170962e-05,1.4559154616266183e-05,50,50,3.413186084659514e-05,0.0
hidden_curvature,6,6,0,32,0.5,LCRC,0.0,0.0,0.0,0.0,1.9127007713881188e-05,1.9127014258437745e-05,50,50,2.065433718051457e-05,0.0
hidden_curvature,6,6,0,32,0.5,MA,0.5,0.5,0.5,0.5,1.381704450500315e-05,1.3817051049559713e-05,50,50,3.585482695908637e-05,0.0
hidden_curvature,6,6,0,32,0.5,MLE,0.16666666666666666,0.16666666666666666,0.16666666666666602,0.16666666666666602,6.67658973045758e-05,6.676590330374244e-05,50,50,0.00010393111173500001,0.0
hidden_curvature,6,6,0,32,0.5,Minimax,0.0,0.0,0.0,0.0,1.9127007713881188e-05,1.9127014258437745e-05,50,50,2.065433718051457e-05,0.0
hidden_curvature,6,6,0,32,0.75,A1,0.8333333333333334,0.8333333333333334,0.833333333333333,0.833333333333333,1.3834192335172855e-05,1.383419887972942e-05,50,50,3.6263383312168385e-05,0.0
hidden_curvature,6,6,0,32,0.75,CVaR,0.8333333333333334,0.8333333333333334,0.833333333333333,0.833333333333333,1.560229163175691e-05,1.5602298176313478e-05,50,50,2.968329899251387e-05,0.0
hidden_curvature,6,6,0,32,0.75,Greedy,0.3333333333333333,0.3333333333333333,0.33333333333333304,0.33333333333333304,2.0035020405907707e-05,2.0035026950464274e-05,50,50,3.230262808043976e-05,0.0
hidden_curvature,6,6,0,32,0.75,Hinge,0.3333333333333333,0.8333333333333334,0.33333333333333304,0.833333333333333,1.6222775314484832e-05,1.6222781859041396e-05,50,50,2.7216599449736426e-05,0.0
hidden_curvature,6,6,0,32,0.75,LCRC,0.16666666666666666,0.16666666666666666,0.16666666666666602,0.16666666666666602,1.9127007713881188e-05,1.9127014258437745e-05,50,50,2.065433718051457e-05,0.0
hidden_curvature,6,6,0,32,0.75,MA,0.6666666666666666,0.6666666666666666,0.6666666666666671,0.6666666666666671,1.381704450500315e-05,1.3817051049559713e-05,50,50,3.585482695908637e-05,0.0
hidden_curvature,6,6,0,32,0.75,MLE,0.16666666666666666,0.16666666666666666,0.16666666666666602,0.16666666666666602,6.67658973045758e-05,6.676590330374244e-05,50,50,0.00010393111173500001,0.0
hidden_curvature,6,6,0,32,0.75,Minimax,0.16666666666666666,0.16666666666666666,0.16666666666666602,0.16666666666666602,1.9127007713881188e-05,1.9127014258437745e-05,50,50,2.065433718051457e-05,0.0
hidden_curvature,6,6,0,32,1.0,A1,0.6666666666666666,0.6666666666666666,0.6666666666666671,0.6666666666666671,1.6892464254400958e-05,1.689247079895752e-05,50,50,2.5791936799891835e-05,0.0
hidden_curvature,6,6,0,32,1.0,CVaR,0.8333333333333334,0.8333333333333334,0.833333333333333,0.833333333333333,1.560229163175691e-05,1.5602298176313478e-05,50,50,2.968329899251387e-05,0.0
hidden_curvature,6,6,0,32,1.0,Greedy,0.8333333333333334,0.8333333333333334,0.833333333333333,0.833333333333333,1.801603366755981e-05,1.8016040212116374e-05,50,50,2.4373012081690962e-05,0.0
hidden_curvature,6,6,0,32,1.0,Hinge,0.3333333333333333,1.0,0.33333333333333304,1.0,1.912700510617778e-05,1.9127011650734344e-05,50,50,2.06543403839382e-05,0.0
hidden_curvature,6,6,0,32,1.0,LCRC,0.3333333333333333,1.0,0.33333333333333304,1.0,1.9127007713881188e-05,1.9127014258437745e-05,50,50,2.065433718051457e-05,0.0
hidden_curvature,6,6,0,32,1.0,MA,0.8333333333333334,0.8333333333333334,0.833333333333333,0.833333333333333,1.381704450500315e-05,1.3817051049559713e-05,50,50,3.585482695908637e-05,0.0
hidden_curvature,6,6,0,32,1.0,MLE,0.16666666666666666,0.16666666666666666,0.16666666666666602,0.16666666666666602,6.67658973045758e-05,6.676590330374244e-05,50,50,0.00010393111173500001,0.0
hidden_curvature,6,6,0,32,1.0,Minimax,0.3333333333333333,1.0,0.33333333333333304,1.0,1.9127007713881188e-05,1.9127014258437745e-05,50,50,2.065433718051457e-05,0.0
hidden_curvature,6,6,0,256,0.25,A1,0.5,0.5,0.5,0.5,1.3834944532826557e-05,1.383495107738312e-05,50,50,3.6307437096136375e-05,0.0
hidden_curvature,6,6,0,256,0.25,CVaR,0.0,0.0,0.0,0.0,1.560229163175691e-05,1.5602298176313478e-05,50,50,2.968329899251387e-05,0.0
hidden_curvature,6,6,0,256,0.25,Greedy,0.16666666666666666,0.16666666666666666,0.16666666666666602,0.16666666666666602,3.4203044592606244e-05,3.42030511371628e-05,50,50,5.633551216967931e-05,0.0
hidden_curvature,6,6,0,256,0.25,Hinge,0.0,0.16666666666666666,0.0,0.16666666666666602,1.3857626022339512e-05,1.3857632566896075e-05,50,50,3.637280239272844e-05,0.0
hidden_curvature,6,6,0,256,0.25,LCRC,0.0,0.0,0.0,0.0,1.9127007713881188e-05,1.9127014258437745e-05,50,50,2.065433718051457e-05,0.0
hidden_curvature,6,6,0,256,0.25,MA,0.16666666666666666,0.16666666666666666,0.16666666666666602,0.16666666666666602,1.381704450500315e-05,1.3817051049559713e-05,50,50,3.585482695908637e-05,0.0
hidden_curvature,6,6,0,256,0.25,MLE,0.16666666666666666,0.16666666666666666,0.16666666666666602,0.16666666666666602,6.67658973045758e-05,6.676590330374244e-05,50,50,0.00010393111173500001,0.0
hidden_curvature,6,6,0,256,0.25,Minimax,0.0,0.0,0.0,0.0,1.9127007713881188e-05,1.9127014258437745e-05,50,50,2.065433718051457e-05,0.0
hidden_curvature,6,6,0,256,0.5,A1,0.8333333333333334,0.8333333333333334,0.833333333333333,0.833333333333333,1.5094298575322093e-05,1.5094305119878653e-05,50,50,4.318862575580785e-05,0.0
hidden_curvature,6,6,0,256,0.5,CVaR,0.16666666666666666,0.16666666666666666,0.16666666666666602,0.16666666666666602,1.560229163175691e-05,1.5602298176313478e-05,50,50,2.968329899251387e-05,0.0
hidden_curvature,6,6,0,256,0.5,Greedy,0.16666666666666666,0.16666666666666666,0.16666666666666602,0.16666666666666602,2.5182436293363458e-05,2.518244283792002e-05,50,50,4.1614230430635224e-05,0.0
hidden_curvature,6,6,0,256,0.5,Hinge,0.3333333333333333,0.3333333333333333,0.33333333333333304,0.33333333333333304,1.455914807170962e-05,1.4559154616266183e-05,50,50,3.413186084659514e-05,0.0
hidden_curvature,6,6,0,256,0.5,LCRC,0.0,0.0,0.0,0.0,1.9127007713881188e-05,1.9127014258437745e-05,50,50,2.065433718051457e-05,0.0
hidden_curvature,6,6,0,256,0.5,MA,0.5,0.5,0.5,0.5,1.381704450500315e-05,1.3817051049559713e-05,50,50,3.585482695908637e-05,0.0
hidden_curvature,6,6,0,256,0.5,MLE,0.16666666666666666,0.16666666666666666,0.16666666666666602,0.16666666666666602,6.67658973045758e-05,6.676590330374244e-05,50,50,0.00010393111173500001,0.0
hidden_curvature,6,6,0,256,0.5,Minimax,0.0,0.0,0.0,0.0,1.9127007713881188e-05,1.9127014258437745e-05,50,50,2.065433718051457e-05,0.0
hidden_curvature,6,6,0,256,0.75,A1,0.8333333333333334,0.8333333333333334,0.833333333333333,0.833333333333333,1.3834192335172855e-05,1.383419887972942e-05,50,50,3.6263383312168385e-05,0.0
hidden_curvature,6,6,0,256,0.75,CVaR,0.8333333333333334,0.8333333333333334,0.833333333333333,0.833333333333333,1.560229163175691e-05,1.5602298176313478e-05,50,50,2.968329899251387e-05,0.0
hidden_curvature,6,6,0,256,0.75,Greedy,0.3333333333333333,0.3333333333333333,0.33333333333333304,0.33333333333333304,2.0035020405907707e-05,2.0035026950464274e-05,50,50,3.230262808043976e-05,0.0
hidden_curvature,6,6,0,256,0.75,Hinge,0.3333333333333333,0.8333333333333334,0.33333333333333304,0.833333333333333,1.6222775314484832e-05,1.6222781859041396e-05,50,50,2.7216599449736426e-05,0.0
hidden_curvature,6,6,0,256,0.75,LCRC,0.16666666666666666,0.16666666666666666,0.16666666666666602,0.16666666666666602,1.9127007713881188e-05,1.9127014258437745e-05,50,50,2.065433718051457e-05,0.0
hidden_curvature,6,6,0,256,0.75,MA,0.6666666666666666,0.6666666666666666,0.6666666666666671,0.6666666666666671,1.381704450500315e-05,1.3817051049559713e-05,50,50,3.585482695908637e-05,0.0
hidden_curvature,6,6,0,256,0.75,MLE,0.16666666666666666,0.16666666666666666,0.16666666666666602,0.16666666666666602,6.67658973045758e-05,6.676590330374244e-05,50,50,0.00010393111173500001,0.0
hidden_curvature,6,6,0,256,0.75,Minimax,0.16666666666666666,0.16666666666666666,0.16666666666666602,0.16666666666666602,1.9127007713881188e-05,1.9127014258437745e-05,50,50,2.065433718051457e-05,0.0
hidden_curvature,6,6,0,256,1.0,A1,0.6666666666666666,0.6666666666666666,0.6666666666666671,0.6666666666666671,1.6892464254400958e-05,1.689247079895752e-05,50,50,2.5791936799891835e-05,0.0
hidden_curvature,6,6,0,256,1.0,CVaR,0.8333333333333334,0.8333333333333334,0.833333333333333,0.833333333333333,1.560229163175691e-05,1.5602298176313478e-05,50,50,2.968329899251387e-05,0.0
hidden_curvature,6,6,0,256,1.0,Greedy,0.8333333333333334,0.8333333333333334,0.833333333333333,0.833333333333333,1.801603366755981e-05,1.8016040212116374e-05,50,50,2.4373012081690962e-05,0.0
hidden_curvature,6,6,0,256,1.0,Hinge,0.3333333333333333,1.0,0.33333333333333304,1.0,1.912700510617778e-05,1.9127011650734344e-05,50,50,2.06543403839382e-05,0.0
hidden_curvature,6,6,0,256,1.0,LCRC,0.3333333333333333,1.0,0.33333333333333304,1.0,1.9127007713881188e-05,1.9127014258437745e-05,50,50,2.065433718051457e-05,0.0
hidden_curvature,6,6,0,256,1.0,MA,0.8333333333333334,0.8333333333333334,0.833333333333333,0.833333333333333,1.381704450500315e-05,1.3817051049559713e-05,50,50,3.585482695908637e-05,0.0
hidden_curvature,6,6,0,256,1.0,MLE,0.16666666666666666,0.16666666666666666,0.16666666666666602,0.16666666666666602,6.67658973045758e-05,6.676590330374244e-05,50,50,0.00010393111173500001,0.0
hidden_curvature,6,6,0,256,1.0,Minimax,0.3333333333333333,1.0,0.33333333333333304,1.0,1.9127007713881188e-05,1.9127014258437745e-05,50,50,2.065433718051457e-05,0.0
hidden_curvature,6,6,1,32,0.25,A1,0.6481481481481481,0.6481481481481481,0.6423448259486688,0.6423448259486688,9.380519334045511e-06,9.380525878602075e-06,50,50,3.844057423892794e-05,0.4444444444444444
hidden_curvature,6,6,1,32,0.25,CVaR,0.22916666666666666,0.22916666666666666,0.23739042445984904,0.23739042445984904,1.1740484683809182e-05,1.1740491228365745e-05,50,50,3.0786829931777476e-05,0.0
hidden_curvature,6,6,1,32,0.25,Greedy,0.7430555555555555,0.7430555555555555,0.6237645926363745,0.6237645926363745,8.59013929711358e-06,8.590145841670144e-06,50,50,3.8856616649492884e-05,0.5555555555555556
hidden_curvature,6,6,1,32,0.25,Hinge,0.14583333333333334,0.47453703703703703,0.09302477810448062,0.43304038643019555,9.899264829630935e-06,9.899271374187498e-06,50,50,3.067313722804193e-05,0.0
hidden_curvature,6,6,1,32,0.25,LCRC,0.041666666666666664,0.041666666666666664,0.04157345298481909,0.04157345298481909,1.7445403620714413e-05,1.744541009712742e-05,50,50,2.065433718051457e-05,0.0
hidden_curvature,6,6,1,32,0.25,MA,0.4537037037037037,0.4537037037037037,0.4605863656223301,0.4605863656223301,9.177020682481127e-06,9.17702722703769e-06,50,50,3.7484248505234574e-05,0.0
hidden_curvature,6,6,1,32,0.25,MLE,0.7013888888888888,0.7013888888888888,0.5779196023717286,0.5779196023717286,1.1231227065234367e-05,1.1231231519818412e-05,50,50,5.0737400226402725e-05,0.375
hidden_curvature,6,6,1,32,0.25,Minimax,0.0,0.0,0.0,0.0,1.9127007713881188e-05,1.9127014258437745e-05,50,50,2.065433718051457e-05,0.0
hidden_curvature,6,6,1,32,0.5,A1,0.8865740740740741,0.8865740740740741,0.8587985115263139,0.8587985115263139,1.2870160199780483e-05,1.2870166744337046e-05,50,50,4.419629656657182e-05,0.4444444444444444
hidden_curvature,6,6,1,32,0.5,CVaR,0.5509259259259259,0.5509259259259259,0.524304104979204,0.524304104979204,1.1740484683809182e-05,1.1740491228365745e-05,50,50,3.0786829931777476e-05,0.0
hidden_curvature,6,6,1,32,0.5,Greedy,0.8425925925925926,0.8425925925925926,0.7867985958112657,0.7867985958112657,1.0215851010962494e-05,1.021585755551906e-05,50,50,3.82163603631698e-05,0.5555555555555556
hidden_curvature,6,6,1,32,0.5,Hinge,0.3333333333333333,0.7685185185185185,0.24756550398696162,0.741653949795065,1.1832899447520393e-05,1.1832905992076957e-05,50,50,2.5889814017895217e-05,0.0
hidden_curvature,6,6,1,32,0.5,LCRC,0.125,0.125,0.10595153099939482,0.10595153099939482,1.7445403620714413e-05,1.744541009712742e-05,50,50,2.065433718051457e-05,0.0
hidden_curvature,6,6,1,32,0.5,MA,0.7106481481481483,0.7106481481481483,0.680225160407736,0.680225160407736,9.177020682481127e-06,9.17702722703769e-06,50,50,3.7484248505234574e-05,0.2222222222222222
hidden_curvature,6,6,1,32,0.5,MLE,0.7638888888888888,0.7638888888888888,0.6300740306906581,0.6300740306906581,1.1231227065234367e-05,1.1231231519818412e-05,50,50,5.0737400226402725e-05,0.5555555555555556
hidden_curvature,6,6,1,32,0.5,Minimax,0.0,0.0,0.0,0.0,1.9127007713881188e-05,1.9127014258437745e-05,50,50,2.065433718051457e-05,0.0
hidden_curvature,6,6,1,32,0.75,A1,0.8865740740740741,0.8865740740740741,0.8626054511769321,0.8626054511769321,1.0789633045622182e-05,1.0789639590178745e-05,50,50,3.987588329325692e-05,0.4444444444444444
hidden_curvature,6,6,1,32,0.75,CVaR,0.6550925925925926,0.6550925925925926,0.6683245004596744,0.6683245004596744,1.1740484683809182e-05,1.1740491228365745e-05,50,50,3.0786829931777476e-05,0.0
hidden_curvature,6,6,1,32,0.75,Greedy,0.9027777777777777,0.9027777777777777,0.8109066326958585,0.8109066326958585,9.66301753149153e-06,9.663024076048093e-06,50,50,3.5260589337934144e-05,0.6666666666666666
hidden_curvature,6,6,1,32,0.75,Hinge,0.3541666666666667,0.8657407407407408,0.3041667726285302,0.8096688860487519,1.5011352097311013e-05,1.5011358641867575e-05,50,50,2.230854206201545e-05,0.0
hidden_curvature,6,6,1,32,0.75,LCRC,0.2708333333333333,0.2708333333333333,0.21174225514222433,0.21174225514222433,1.7445403620714413e-05,1.744541009712742e-05,50,50,2.065433718051457e-05,0.0
hidden_curvature,6,6,1,32,0.75,MA,0.8495370370370371,0.8495370370370371,0.7630301442908137,0.7630301442908137,9.177020682481127e-06,9.17702722703769e-06,50,50,3.7484248505234574e-05,0.2222222222222222
hidden_curvature,6,6,1,32,0.75,MLE,0.7638888888888888,0.7638888888888888,0.6300740306906581,0.6300740306906581,1.1231227065234367e-05,1.1231231519818412e-05,50,50,5.0737400226402725e-05,0.5555555555555556
hidden_curvature,6,6,1,32,0.75,Minimax,0.16666666666666666,0.16666666666666666,0.11342825186408738,0.11342825186408738,1.9127007713881188e-05,1.9127014258437745e-05,50,50,2.065433718051457e-05,0.0
hidden_curvature,6,6,1,32,1.0,A1,0.9050925925925926,0.9050925925925926,0.8423297705363684,0.8423297705363684,9.102669331894016e-06,9.10267587645058e-06,50,50,3.748424850532062e-05,0.5555555555555556
hidden_curvature,6,6,1,32,1.0,CVaR,0.8865740740740741,0.9259259259259259,0.8720474284839947,0.9005373033679412,1.1740484683809182e-05,1.1740491228365745e-05,50,50,3.0786829931777476e-05,0.4444444444444444
hidden_curvature,6,6,1,32,1.0,Greedy,0.9791666666666666,0.9791666666666666,0.969941641255114,0.969941641255114,1.5380183311495122e-05,1.5380189856051685e-05,50,50,2.065432741383405e-05,0.875
hidden_curvature,6,6,1,32,1.0,Hinge,0.375,1.0,0.32617316714854927,0.9882763548714952,1.9127018513402828e-05,1.912702505795939e-05,50,50,2.0654335790595483e-05,0.0
hidden_curvature,6,6,1,32,1.0,LCRC,0.5532407407407408,1.0,0.536019085072467,0.9987308306890816,1.7445403620714413e-05,1.744541009712742e-05,50,50,2.065433718051457e-05,0.2222222222222222
hidden_curvature,6,6,1,32,1.0,MA,0.9074074074074074,0.9074074074074074,0.8426238799119421,0.8426238799119421,9.177020682481127e-06,9.17702722703769e-06,50,50,3.7484248505234574e-05,0.4444444444444444
hidden_curvature,6,6,1,32,1.0,MLE,0.7638888888888888,0.7638888888888888,0.6428997661420878,0.6428997661420878,1.1231227065234367e-05,1.1231231519818412e-05,50,50,5.0737400226402725e-05,0.5555555555555556
hidden_curvature,6,6,1,32,1.0,Minimax,0.3333333333333333,1.0,0.27865233003839335,1.0000000000000018,1.9127007713881188e-05,1.9127014258437745e-05,50,50,2.065433718051457e-05,0.0
hidden_curvature,6,6,1,256,0.25,A1,0.6342592592592592,0.6342592592592592,0.6625117538135098,0.6625117538135098,1.0551792756707284e-05,1.0551799301263848e-05,50,50,3.8363931939589666e-05,0.2222222222222222
hidden_curvature,6,6,1,256,0.25,CVaR,0.2708333333333333,0.2708333333333333,0.31669774253682964,0.31669774253682964,1.1306986487055161e-05,1.1306993031611725e-05,50,50,2.897985204585035e-05,0.0
hidden_curvature,6,6,1,256,0.25,Greedy,0.6481481481481481,0.6481481481481481,0.6248554448758884,0.6248554448758884,1.1191514650424961e-05,1.1191521194981525e-05,50,50,4.3496200032631245e-05,0.4444444444444444
hidden_curvature,6,6,1,256,0.25,Hinge,0.10416666666666667,0.4537037037037037,0.10401210290262208,0.48858070647395685,1.070604774062317e-05,1.0706054285179734e-05,50,50,3.326199821679088e-05,0.0
hidden_curvature,6,6,1,256,0.25,LCRC,0.0,0.0,0.0,0.0,1.7457936337055483e-05,1.7457942881612043e-05,50,50,2.065433718051457e-05,0.0
hidden_curvature,6,6,1,256,0.25,MA,0.47453703703703703,0.47453703703703703,0.5070378827577343,0.5070378827577343,1.0213640035021937e-05,1.02136465795785e-05,50,50,3.588190683569414e-05,0.1111111111111111
hidden_curvature,6,6,1,256,0.25,MLE,0.6064814814814815,0.6064814814814815,0.5784031821613582,0.5784031821613582,1.582912569409994e-05,1.5829130526888164e-05,50,50,6.704607828199555e-05,0.4444444444444444
hidden_curvature,6,6,1,256,0.25,Minimax,0.0,0.0,0.0,0.0,1.9127007713881188e-05,1.9127014258437745e-05,50,50,2.065433718051457e-05,0.0
hidden_curvature,6,6,1,256,0.5,A1,0.8888888888888888,0.8888888888888888,0.8677920373452044,0.8677920373452044,1.3064657192479644e-05,1.3064663737036208e-05,50,50,4.3371757106917126e-05,0.3333333333333333
hidden_curvature,6,6,1,256,0.5,CVaR,0.5509259259259259,0.5509259259259259,0.562135159643569,0.562135159643569,1.1306986487055161e-05,1.1306993031611725e-05,50,50,2.897985204585035e-05,0.0
hidden_curvature,6,6,1,256,0.5,Greedy,0.8078703703703703,0.8078703703703703,0.8003460371345251,0.8003460371345251,1.1805263370123664e-05,1.1805269914680228e-05,50,50,4.0028874039277e-05,0.4444444444444444
hidden_curvature,6,6,1,256,0.5,Hinge,0.22916666666666666,0.7939814814814815,0.24891104805777706,0.7547720952027624,1.246510848478801e-05,1.2465115029344574e-05,50,50,2.7535542049468553e-05,0.0
hidden_curvature,6,6,1,256,0.5,LCRC,0.14351851851851852,0.14351851851851852,0.15955358066931372,0.15955358066931372,1.7457936337055483e-05,1.7457942881612043e-05,50,50,2.065433718051457e-05,0.0
hidden_curvature,6,6,1,256,0.5,MA,0.6388888888888888,0.6388888888888888,0.6613152588643424,0.6613152588643424,1.0213640035021937e-05,1.02136465795785e-05,50,50,3.588190683569414e-05,0.1111111111111111
hidden_curvature,6,6,1,256,0.5,MLE,0.6689814814814815,0.6689814814814815,0.6409266375932404,0.6409266375932404,1.582912569409994e-05,1.5829130526888164e-05,50,50,6.704607828199555e-05,0.4444444444444444
hidden_curvature,6,6,1,256,0.5,Minimax,0.0,0.0,0.0,0.0,1.9127007713881188e-05,1.9127014258437745e-05,50,50,2.065433718051457e-05,0.0
hidden_curvature,6,6,1,256,0.75,A1,0.9074074074074074,0.9074074074074074,0.8859261717464588,0.8859261717464588,1.1198369577904262e-05,1.1198376122460826e-05,50,50,3.776459696476497e-05,0.4444444444444444
hidden_curvature,6,6,1,256,0.75,CVaR,0.7106481481481483,0.7106481481481483,0.7154506217566111,0.7154506217566111,1.1306986487055161e-05,1.1306993031611725e-05,50,50,2.897985204585035e-05,0.1111111111111111
hidden_curvature,6,6,1,256,0.75,Greedy,0.8680555555555555,0.8680555555555555,0.8462216798155354,0.8462216798155354,1.0982891596034732e-05,1.0982898140591297e-05,50,50,3.641103489757518e-05,0.5555555555555556
hidden_curvature,6,6,1,256,0.75,Hinge,0.3125,0.8125,0.31054047133002133,0.8300302184365043,1.52602753470936e-05,1.5260281891650162e-05,50,50,2.3437086847624337e-05,0.0
hidden_curvature,6,6,1,256,0.75,LCRC,0.28935185185185186,0.28935185185185186,0.2566766428432215,0.2566766428432215,1.7457936337055483e-05,1.7457942881612043e-05,50,50,2.065433718051457e-05,0.0
hidden_curvature,6,6,1,256,0.75,MA,0.7523148148148149,0.7523148148148149,0.7749261135845842,0.7749261135845842,1.0213640035021937e-05,1.02136465795785e-05,50,50,3.588190683569414e-05,0.1111111111111111
hidden_curvature,6,6,1,256,0.75,MLE,0.6689814814814815,0.6689814814814815,0.6409266375932404,0.6409266375932404,1.582912569409994e-05,1.5829130526888164e-05,50,50,6.704607828199555e-05,0.4444444444444444
hidden_curvature,6,6,1,256,0.75,Minimax,0.16666666666666666,0.16666666666666666,0.14160224763984575,0.14160224763984575,1.9127007713881188e-05,1.9127014258437745e-05,50,50,2.065433718051457e-05,0.0
hidden_curvature,6,6,1,256,1.0,A1,0.8287037037037037,0.8287037037037037,0.8492341538878018,0.8492341538878018,1.0466888823075967e-05,1.046689536763253e-05,50,50,3.588190683613753e-05,0.4444444444444444
hidden_curvature,6,6,1,256,1.0,CVaR,0.8495370370370371,0.9074074074074074,0.8492335794886015,0.9166139351648338,1.1306986487055161e-05,1.1306993031611725e-05,50,50,2.897985204585035e-05,0.4444444444444444
hidden_curvature,6,6,1,256,1.0,Greedy,0.9791666666666666,0.9791666666666666,0.9764790259607325,0.9764790259607325,1.578802510531352e-05,1.5788031649870084e-05,50,50,2.065432741383405e-05,0.875
hidden_curvature,6,6,1,256,1.0,Hinge,0.3541666666666667,0.9814814814814815,0.38144625369070445,0.9849724474562541,1.9126983162150294e-05,1.9126989706706857e-05,50,50,2.0654333972579608e-05,0.0
hidden_curvature,6,6,1,256,1.0,LCRC,0.6851851851851851,1.0,0.6701858350558675,0.9978684080145879,1.7457936337055483e-05,1.7457942881612043e-05,50,50,2.065433718051457e-05,0.375
hidden_curvature,6,6,1,256,1.0,MA,0.8310185185185185,0.8310185185185185,0.8334767827571506,0.8334767827571506,1.0213640035021937e-05,1.02136465795785e-05,50,50,3.588190683569414e-05,0.2222222222222222
hidden_curvature,6,6,1,256,1.0,MLE,0.6875,0.6875,0.6611616741837895,0.6611616741837895,1.582912569409994e-05,1.5829130526888164e-05,50,50,6.704607828199555e-05,0.4444444444444444
hidden_curvature,6,6,1,256,1.0,Minimax,0.3333333333333333,1.0,0.31972296948198803,0.9999999999999942,1.9127007713881188e-05,1.9127014258437745e-05,50,50,2.065433718051457e-05,0.0
hidden_curvature,6,6,3,32,0.25,A1,0.923611111111111,0.923611111111111,0.8550672593086621,0.8550672593086621,3.120041891497624e-06,3.1200483146161715e-06,50,50,1.5189287373283315e-05,0.7777777777777778
hidden_curvature,6,6,3,32,0.25,CVaR,0.7060185185185185,0.7060185185185185,0.6784989036348242,0.6784989036348242,4.078088817582098e-06,4.078095226921015e-06,50,50,1.7182072581939027e-05,0.3333333333333333
hidden_curvature,6,6,3,32,0.25,Greedy,0.9421296296296297,0.9421296296296297,0.8507821093588697,0.8507821093588697,2.9787106069123003e-06,2.9787169644801297e-06,50,50,1.1796669172962519e-05,0.7777777777777778
hidden_curvature,6,6,3,32,0.25,Hinge,0.10416666666666667,0.8449074074074074,0.12614982231666846,0.7888872287551368,6.465444349701093e-06,6.4654508942576566e-06,50,50,1.3193722269039921e-05,0.0
hidden_curvature,6,6,3,32,0.25,LCRC,0.2662037037037037,0.2662037037037037,0.2842809272378708,0.2842809272378708,1.0400190626113734e-05,1.04001965730623e-05,50,50,2.0654337175265297e-05,0.0
hidden_curvature,6,6,3,32,0.25,MA,0.8032407407407408,0.8032407407407408,0.7901310131899947,0.7901310131899947,3.2585557894713226e-06,3.2585621470388623e-06,50,50,1.733041999995091e-05,0.5555555555555556
hidden_curvature,6,6,3,32,0.25,MLE,0.8796296296296297,0.8796296296296297,0.8312029900285302,0.8312029900285302,3.2465637511678615e-06,3.246567485673027e-06,50,50,1.7364387843280636e-05,0.625
hidden_curvature,6,6,3,32,0.25,Minimax,0.0,0.0,0.0,0.0,1.9127007713881188e-05,1.9127014258437745e-05,50,50,2.065433718051457e-05,0.0
hidden_curvature,6,6,3,32,0.5,A1,0.9629629629629629,0.9629629629629629,0.9424953174014132,0.9424953174014132,1.0243413248464055e-05,1.0243419793020619e-05,50,50,1.0327160429266996e-05,0.7777777777777778
hidden_curvature,6,6,3,32,0.5,CVaR,0.8657407407407408,0.8657407407407408,0.8292259796620453,0.8292259796620453,4.078088817582098e-06,4.078095226921015e-06,50,50,1.7182072581939027e-05,0.4444444444444444
hidden_curvature,6,6,3,32,0.5,Greedy,0.9629629629629629,0.9629629629629629,0.9246475603754654,0.9246475603754654,6.2349397703067355e-06,6.2349461843305614e-06,50,50,1.0327160441441633e-05,0.7777777777777778
hidden_curvature,6,6,3,32,0.5,Hinge,0.40972222222222215,0.9444444444444443,0.4001387047534681,0.9037534874433911,1.0703433498057494e-05,1.0703440042614057e-05,50,50,1.422694924202818e-05,0.0
hidden_curvature,6,6,3,32,0.5,LCRC,0.5671296296296297,0.5671296296296297,0.5618095392344956,0.5618095392344956,1.0400190626113734e-05,1.04001965730623e-05,50,50,2.0654337175265297e-05,0.2222222222222222
hidden_curvature,6,6,3,32,0.5,MA,0.923611111111111,0.923611111111111,0.8654091210554581,0.8654091210554581,3.2585557894713226e-06,3.2585621470388623e-06,50,50,1.733041999995091e-05,0.6666666666666666
hidden_curvature,6,6,3,32,0.5,MLE,0.9421296296296297,0.9421296296296297,0.8541331439888675,0.8541331439888675,3.2465637511678615e-06,3.246567485673027e-06,50,50,1.7364387843280636e-05,0.7777777777777778
hidden_curvature,6,6,3,32,0.5,Minimax,0.0,0.0,0.0,0.0,1.9127007713881188e-05,1.9127014258437745e-05,50,50,2.065433718051457e-05,0.0
hidden_curvature,6,6,3,32,0.75,A1,0.9629629629629629,0.9629629629629629,0.9486987238817632,0.9486987238817632,7.31204857131299e-06,7.312055115869554e-06,50,50,1.5490743931950712e-05,0.7777777777777778
hidden_curvature,6,6,3,32,0.75,CVaR,0.9050925925925926,0.9050925925925926,0.8584967148864592,0.8584967148864592,4.078088817582098e-06,4.078095226921015e-06,50,50,1.7182072581939027e-05,0.5555555555555556
hidden_curvature,6,6,3,32,0.75,Greedy,0.9629629629629629,0.9629629629629629,0.9408944311203961,0.9408944311203961,4.876382238694589e-06,4.876388652718271e-06,50,50,1.4780680330106135e-05,0.7777777777777778
hidden_curvature,6,6,3,32,0.75,Hinge,0.5347222222222222,0.9444444444444443,0.5100915373589207,0.9301167007434273,1.437977191213529e-05,1.4379778456691853e-05,50,50,1.6024997184631287e-05,0.0
hidden_curvature,6,6,3,32,0.75,LCRC,0.6087962962962963,0.6087962962962963,0.6090120402552476,0.6090120402552476,1.0400190626113734e-05,1.04001965730623e-05,50,50,2.0654337175265297e-05,0.2222222222222222
hidden_curvature,6,6,3,32,0.75,MA,0.923611111111111,0.923611111111111,0.8884937313931687,0.8884937313931687,3.2585557894713226e-06,3.2585621470388623e-06,50,50,1.733041999995091e-05,0.6666666666666666
hidden_curvature,6,6,3,32,0.75,MLE,0.9421296296296297,0.9421296296296297,0.8541331439888675,0.8541331439888675,3.2465637511678615e-06,3.246567485673027e-06,50,50,1.7364387843280636e-05,0.7777777777777778
hidden_curvature,6,6,3,32,0.75,Minimax,0.16666666666666666,0.16666666666666666,0.1624594027120385,0.1624594027120385,1.9127007713881188e-05,1.9127014258437745e-05,50,50,2.065433718051457e-05,0.0
hidden_curvature,6,6,3,32,1.0,A1,0.9629629629629629,0.9629629629629629,0.9270493742364528,0.9270493742364528,3.258555789420261e-06,3.258562146987656e-06,50,50,1.7330419999619927e-05,0.7777777777777778
hidden_curvature,6,6,3,32,1.0,CVaR,1.0,1.0,0.9614041974977487,0.9614041974977487,4.078088817582098e-06,4.078095226921015e-06,50,50,1.7182072581939027e-05,1.0
hidden_curvature,6,6,3,32,1.0,Greedy,1.0,1.0,0.9970754522235244,0.9970754522235244,1.4780480769918013e-05,1.4780487314474576e-05,50,50,2.064565179136709e-05,1.0
hidden_curvature,6,6,3,32,1.0,Hinge,0.8101851851851851,1.0,0.7990965767337107,0.9974155567749451,1.9116779094768373e-05,1.9116785639324936e-05,50,50,2.0654333968648728e-05,0.5555555555555556
hidden_curvature,6,6,3,32,1.0,LCRC,0.9050925925925926,1.0,0.8904065220179546,0.9975420185206647,1.0400190626113734e-05,1.04001965730623e-05,50,50,2.0654337175265297e-05,0.7777777777777778
hidden_curvature,6,6,3,32,1.0,MA,0.9629629629629629,0.9629629629629629,0.9270493742364528,0.9270493742364528,3.2585557894713226e-06,3.2585621470388623e-06,50,50,1.733041999995091e-05,0.7777777777777778
hidden_curvature,6,6,3,32,1.0,MLE,0.9421296296296297,0.9421296296296297,0.8664715709382391,0.8664715709382391,3.2465637511678615e-06,3.246567485673027e-06,50,50,1.7364387843280636e-05,0.7777777777777778
hidden_curvature,6,6,3,32,1.0,Minimax,0.3333333333333333,1.0,0.3353820626493668,1.0000000000000042,1.9127007713881188e-05,1.9127014258437745e-05,50,50,2.065433718051457e-05,0.0
hidden_curvature,6,6,3,256,0.25,A1,0.923611111111111,0.923611111111111,0.8862689366368651,0.8862689366368651,3.0936340322747793e-06,3.0936405458558628e-06,50,50,1.5644734356920476e-05,0.7777777777777778
hidden_curvature,6,6,3,256,0.25,CVaR,0.7245370370370371,0.7245370370370371,0.7012961559090473,0.7012961559090473,3.8009043655026725e-06,3.8009109100592354e-06,50,50,1.3567624282541712e-05,0.4444444444444444
hidden_curvature,6,6,3,256,0.25,Greedy,0.923611111111111,0.923611111111111,0.8805920456147542,0.8805920456147542,2.9209773120666072e-06,2.920983825647691e-06,50,50,1.4903928469948964e-05,0.7777777777777778
hidden_curvature,6,6,3,256,0.25,Hinge,0.10185185185185186,0.861111111111111,0.10387831246698438,0.8443480864310868,6.096779668198214e-06,6.096786212754778e-06,50,50,9.363896909441577e-06,0.0
hidden_curvature,6,6,3,256,0.25,LCRC,0.2638888888888889,0.2638888888888889,0.2632244257480536,0.2632244257480536,9.254531777145608e-06,9.2545377307452e-06,50,50,2.0282302315034053e-05,0.0
hidden_curvature,6,6,3,256,0.25,MA,0.8819444444444443,0.8819444444444443,0.843267179799524,0.843267179799524,2.7885273789320624e-06,2.7885338925131467e-06,50,50,1.2924750478896631e-05,0.75
hidden_curvature,6,6,3,256,0.25,MLE,0.9027777777777777,0.9027777777777777,0.8509129115653354,0.8509129115653354,3.2394677907916483e-06,3.2394713811020212e-06,50,50,3.100783630083335e-05,0.7777777777777778
hidden_curvature,6,6,3,256,0.25,Minimax,0.0,0.0,0.0,0.0,1.9127007713881188e-05,1.9127014258437745e-05,50,50,2.065433718051457e-05,0.0
hidden_curvature,6,6,3,256,0.5,A1,0.9814814814814815,0.9814814814814815,0.9666821282215179,0.9666821282215179,9.485047775657738e-06,9.485054320214303e-06,50,50,1.030182005784495e-05,0.8888888888888888
hidden_curvature,6,6,3,256,0.5,CVaR,0.9027777777777777,0.9027777777777777,0.9004153269039308,0.9004153269039308,3.8009043655026725e-06,3.8009109100592354e-06,50,50,1.3567624282541712e-05,0.7777777777777778
hidden_curvature,6,6,3,256,0.5,Greedy,0.9606481481481483,0.9606481481481483,0.9587450928988844,0.9587450928988844,6.4468172676447995e-06,6.446823812201364e-06,50,50,9.986349797976714e-06,0.875
hidden_curvature,6,6,3,256,0.5,Hinge,0.38888888888888884,0.9606481481481483,0.39552671162090797,0.9545676553879593,1.0155743264774238e-05,1.0155749809330802e-05,50,50,1.0327166984735316e-05,0.0
hidden_curvature,6,6,3,256,0.5,LCRC,0.7060185185185185,0.7060185185185185,0.7015380612197069,0.7015380612197069,9.254531777145608e-06,9.2545377307452e-06,50,50,2.0282302315034053e-05,0.2222222222222222
hidden_curvature,6,6,3,256,0.5,MA,0.9421296296296297,0.9421296296296297,0.8919975639600585,0.8919975639600585,2.7885273789320624e-06,2.7885338925131467e-06,50,50,1.2924750478896631e-05,0.7777777777777778
hidden_curvature,6,6,3,256,0.5,MLE,0.923611111111111,0.923611111111111,0.8860308817131258,0.8860308817131258,3.2394677907916483e-06,3.2394713811020212e-06,50,50,3.100783630083335e-05,0.7777777777777778
hidden_curvature,6,6,3,256,0.5,Minimax,0.0,0.0,0.0,0.0,1.9127007713881188e-05,1.9127014258437745e-05,50,50,2.065433718051457e-05,0.0
hidden_curvature,6,6,3,256,0.75,A1,0.9814814814814815,0.9814814814814815,0.9724204450498655,0.9724204450498655,6.986971586188216e-06,6.98697813074478e-06,50,50,1.3904085501362237e-05,0.8888888888888888
hidden_curvature,6,6,3,256,0.75,CVaR,0.9629629629629629,0.9629629629629629,0.944751305482558,0.944751305482558,3.8009043655026725e-06,3.8009109100592354e-06,50,50,1.3567624282541712e-05,0.7777777777777778
hidden_curvature,6,6,3,256,0.75,Greedy,0.9606481481481483,0.9606481481481483,0.9657873947788894,0.9657873947788894,4.812803107733544e-06,4.812809652290108e-06,50,50,1.450326342425263e-05,0.875
hidden_curvature,6,6,3,256,0.75,Hinge,0.5138888888888888,0.9814814814814815,0.5331571378406715,0.9676508834926291,1.4473032000460817e-05,1.4473038545017384e-05,50,50,1.549075047708528e-05,0.0
hidden_curvature,6,6,3,256,0.75,LCRC,0.7476851851851851,0.7476851851851851,0.7417883134605354,0.7417883134605354,9.254531777145608e-06,9.2545377307452e-06,50,50,2.0282302315034053e-05,0.2222222222222222
hidden_curvature,6,6,3,256,0.75,MA,0.9421296296296297,0.9421296296296297,0.92585870382089,0.92585870382089,2.7885273789320624e-06,2.7885338925131467e-06,50,50,1.2924750478896631e-05,0.7777777777777778
hidden_curvature,6,6,3,256,0.75,MLE,0.923611111111111,0.923611111111111,0.8860308817131258,0.8860308817131258,3.2394677907916483e-06,3.2394713811020212e-06,50,50,3.100783630083335e-05,0.7777777777777778
hidden_curvature,6,6,3,256,0.75,Minimax,0.16666666666666666,0.16666666666666666,0.1894680224116055,0.1894680224116055,1.9127007713881188e-05,1.9127014258437745e-05,50,50,2.065433718051457e-05,0.0
hidden_curvature,6,6,3,256,1.0,A1,0.9629629629629629,0.9629629629629629,0.9421646201841609,0.9421646201841609,2.7885273788901724e-06,2.7885338924713846e-06,50,50,1.2924750478972265e-05,0.7777777777777778
hidden_curvature,6,6,3,256,1.0,CVaR,0.9814814814814815,0.9814814814814815,0.9672480944845785,0.9672480944845785,3.8009043655026725e-06,3.8009109100592354e-06,50,50,1.3567624282541712e-05,0.8888888888888888
hidden_curvature,6,6,3,256,1.0,Greedy,0.9791666666666666,0.9791666666666666,0.9988172146623314,0.9988172146623314,1.297286791702061e-05,1.2972874461577174e-05,50,50,2.065432687178778e-05,0.875
hidden_curvature,6,6,3,256,1.0,Hinge,0.7314814814814815,1.0,0.7266231313201613,0.9994460300516502,1.9123652137690206e-05,1.912365868224677e-05,50,50,2.0654333968903038e-05,0.3333333333333333
hidden_curvature,6,6,3,256,1.0,LCRC,0.9791666666666666,1.0,0.9797781713319029,0.997153818541466,9.254531777145608e-06,9.2545377307452e-06,50,50,2.0282302315034053e-05,0.875
hidden_curvature,6,6,3,256,1.0,MA,0.9629629629629629,0.9629629629629629,0.9421646201841609,0.9421646201841609,2.7885273789320624e-06,2.7885338925131467e-06,50,50,1.2924750478896631e-05,0.7777777777777778
hidden_curvature,6,6,3,256,1.0,MLE,0.923611111111111,0.923611111111111,0.8883571053446699,0.8883571053446699,3.2394677907916483e-06,3.2394713811020212e-06,50,50,3.100783630083335e-05,0.7777777777777778
hidden_curvature,6,6,3,256,1.0,Minimax,0.3333333333333333,1.0,0.332591410158578,1.0000000000000062,1.9127007713881188e-05,1.9127014258437745e-05,50,50,2.065433718051457e-05,0.0
hidden_curvature,6,6,6,32,0.25,A1,1.0,1.0,0.9597753949683585,0.9597753949683585,6.23602961969568e-07,6.236091506254605e-07,50,50,3.5506529075454677e-06,1.0
hidden_curvature,6,6,6,32,0.25,CVaR,0.8981481481481483,0.8981481481481483,0.8971135644464407,0.8971135644464407,1.0102384651588297e-06,1.0102442454787252e-06,50,50,6.616309034906254e-06,0.75
hidden_curvature,6,6,6,32,0.25,Greedy,1.0,1.0,0.958086770913277,0.958086770913277,5.610892417881199e-07,5.610949653604561e-07,50,50,3.5506529075454677e-06,1.0
hidden_curvature,6,6,6,32,0.25,Hinge,0.25,0.9791666666666666,0.2856564472361938,0.954867188199382,5.138328233439256e-06,5.13833477799582e-06,50,50,5.163583492864484e-06,0.0
hidden_curvature,6,6,6,32,0.25,LCRC,0.6805555555555555,0.6805555555555555,0.6798109325402807,0.6798109325402807,3.832677186733536e-06,3.8326816419890325e-06,50,50,1.773436907455405e-05,0.375
hidden_curvature,6,6,6,32,0.25,MA,0.9583333333333334,0.9583333333333334,0.9506317191355266,0.9506317191355266,5.597686216976308e-07,5.597741429893236e-07,50,50,3.550652908128335e-06,0.75
hidden_curvature,6,6,6,32,0.25,MLE,0.9583333333333334,0.9583333333333334,0.9450262516218837,0.9450262516218837,4.2937318650339714e-07,4.2937659537785296e-07,50,50,3.278453897248567e-12,0.75
hidden_curvature,6,6,6,32,0.25,Minimax,0.0,0.0,0.0,0.0,1.9127007713881188e-05,1.9127014258437745e-05,50,50,2.065433718051457e-05,0.0
hidden_curvature,6,6,6,32,0.5,A1,1.0,1.0,0.9911129222885856,0.9911129222885856,8.736535006976247e-06,8.73654155153281e-06,50,50,9.600808385799159e-06,1.0
hidden_curvature,6,6,6,32,0.5,CVaR,1.0,1.0,0.9790104244700157,0.9790104244700157,1.0102384651588297e-06,1.0102442454787252e-06,50,50,6.616309034906254e-06,1.0
hidden_curvature,6,6,6,32,0.5,Greedy,1.0,1.0,0.990752173027071,0.990752173027071,4.551568209480671e-06,4.5515744083031515e-06,50,50,9.272565220459077e-06,1.0
hidden_curvature,6,6,6,32,0.5,Hinge,0.6203703703703703,1.0,0.6557767743285331,0.9880784372363628,9.555009648220864e-06,9.555016192777427e-06,50,50,1.0327166981889676e-05,0.375
hidden_curvature,6,6,6,32,0.5,LCRC,0.8564814814814815,0.8564814814814815,0.8849862871467503,0.8849862871467503,3.832677186733536e-06,3.8326816419890325e-06,50,50,1.773436907455405e-05,0.625
hidden_curvature,6,6,6,32,0.5,MA,1.0,1.0,0.9611548471708052,0.9611548471708052,5.597686216976308e-07,5.597741429893236e-07,50,50,3.550652908128335e-06,1.0
hidden_curvature,6,6,6,32,0.5,MLE,1.0,1.0,0.9597753949683585,0.9597753949683585,4.2937318650339714e-07,4.2937659537785296e-07,50,50,3.278453897248567e-12,1.0
hidden_curvature,6,6,6,32,0.5,Minimax,0.0,0.0,0.0,0.0,1.9127007713881188e-05,1.9127014258437745e-05,50,50,2.065433718051457e-05,0.0
hidden_curvature,6,6,6,32,0.75,A1,1.0,1.0,0.991135061519628,0.991135061519628,6.188232180745482e-06,6.188238725302047e-06,50,50,1.3719479776275183e-05,1.0
hidden_curvature,6,6,6,32,0.75,CVaR,1.0,1.0,0.987980204059269,0.987980204059269,1.0102384651588297e-06,1.0102442454787252e-06,50,50,6.616309034906254e-06,1.0
hidden_curvature,6,6,6,32,0.75,Greedy,1.0,1.0,0.9908034301022792,0.9908034301022792,2.9752552435794553e-06,2.9752614697467354e-06,50,50,1.1474736844501924e-05,1.0
hidden_curvature,6,6,6,32,0.75,Hinge,0.6435185185185185,1.0,0.6783624224848467,0.990847754662559,1.3960142765862183e-05,1.3960149310418747e-05,50,50,1.549075042294942e-05,0.3333333333333333
hidden_curvature,6,6,6,32,0.75,LCRC,0.8564814814814815,0.8564814814814815,0.8859642929340437,0.8859642929340437,3.832677186733536e-06,3.8326816419890325e-06,50,50,1.773436907455405e-05,0.625
hidden_curvature,6,6,6,32,0.75,MA,1.0,1.0,0.9723594190363382,0.9723594190363382,5.597686216976308e-07,5.597741429893236e-07,50,50,3.550652908128335e-06,1.0
hidden_curvature,6,6,6,32,0.75,MLE,1.0,1.0,0.9597753949683585,0.9597753949683585,4.2937318650339714e-07,4.2937659537785296e-07,50,50,3.278453897248567e-12,1.0
hidden_curvature,6,6,6,32,0.75,Minimax,0.16666666666666666,0.16666666666666666,0.20409124844804635,0.20409124844804635,1.9127007713881188e-05,1.9127014258437745e-05,50,50,2.065433718051457e-05,0.0
hidden_curvature,6,6,6,32,1.0,A1,1.0,1.0,0.9848738748947388,0.9848738748947388,5.597686216928764e-07,5.597741429846655e-07,50,50,3.550652908029803e-06,1.0
hidden_curvature,6,6,6,32,1.0,CVaR,1.0,1.0,0.9892603974523017,0.9892603974523017,1.0102384651588297e-06,1.0102442454787252e-06,50,50,6.616309034906254e-06,1.0
hidden_curvature,6,6,6,32,1.0,Greedy,1.0,1.0,0.9999827622460863,0.9999827622460863,1.3222524705885711e-05,1.3222531250442275e-05,50,50,2.0579315227836276e-05,1.0
hidden_curvature,6,6,6,32,1.0,Hinge,0.9814814814814815,1.0,0.9820223679745931,0.9999819078932418,1.875977386604423e-05,1.8759780410600795e-05,50,50,2.0654089406348453e-05,0.8888888888888888
hidden_curvature,6,6,6,32,1.0,LCRC,1.0,1.0,0.9989496101286557,0.9989496101286557,3.832677186733536e-06,3.8326816419890325e-06,50,50,1.773436907455405e-05,1.0
hidden_curvature,6,6,6,32,1.0,MA,1.0,1.0,0.9848738748947388,0.9848738748947388,5.597686216976308e-07,5.597741429893236e-07,50,50,3.550652908128335e-06,1.0
hidden_curvature,6,6,6,32,1.0,MLE,1.0,1.0,0.9701531156722744,0.9701531156722744,4.2937318650339714e-07,4.2937659537785296e-07,50,50,3.278453897248567e-12,1.0
hidden_curvature,6,6,6,32,1.0,Minimax,0.3333333333333333,1.0,0.32413899561043064,0.9999999999999983,1.9127007713881188e-05,1.9127014258437745e-05,50,50,2.065433718051457e-05,0.0
hidden_curvature,6,6,6,256,0.25,A1,0.9421296296296297,0.9421296296296297,0.9622286726326688,0.9622286726326688,1.6229206704093236e-06,1.622926551279751e-06,50,50,9.393268653177697e-06,0.875
hidden_curvature,6,6,6,256,0.25,CVaR,0.9212962962962963,0.9212962962962963,0.9232803203727422,0.9232803203727422,1.363308538254019e-06,1.3633143916369981e-06,50,50,8.024832077245867e-06,0.75
hidden_curvature,6,6,6,256,0.25,Greedy,0.9606481481481483,0.9606481481481483,0.960182302422569,0.960182302422569,9.927374151909828e-07,9.927430363195293e-07,50,50,4.265346408872933e-06,0.875
hidden_curvature,6,6,6,256,0.25,Hinge,0.27777777777777773,0.9421296296296297,0.3004281472537493,0.9511626299325844,5.7106027067798805e-06,5.710609251336444e-06,50,50,7.5510302317654275e-06,0.125
hidden_curvature,6,6,6,256,0.25,LCRC,0.6805555555555555,0.6805555555555555,0.6999499121547084,0.6999499121547084,4.533318144905543e-06,4.533322803598165e-06,50,50,1.9900104867914478e-05,0.5555555555555556
hidden_curvature,6,6,6,256,0.25,MA,0.9421296296296297,0.9421296296296297,0.9414885205776379,0.9414885205776379,1.1993961277914658e-06,1.1994016867393152e-06,50,50,7.5565525848152656e-06,0.875
hidden_curvature,6,6,6,256,0.25,MLE,0.9606481481481483,0.9606481481481483,0.9427010032145745,0.9427010032145745,1.0523602588484288e-06,1.0523637277972743e-06,50,50,9.754956394283867e-07,0.875
hidden_curvature,6,6,6,256,0.25,Minimax,0.0,0.0,0.0,0.0,1.9127007713881188e-05,1.9127014258437745e-05,50,50,2.065433718051457e-05,0.0
hidden_curvature,6,6,6,256,0.5,A1,0.9814814814814815,0.9814814814814815,0.9857619582812762,0.9857619582812762,9.418776318289111e-06,9.418782862845675e-06,50,50,9.996805498769035e-06,0.8888888888888888
hidden_curvature,6,6,6,256,0.5,CVaR,0.9606481481481483,0.9606481481481483,0.9635557011318087,0.9635557011318087,1.363308538254019e-06,1.3633143916369981e-06,50,50,8.024832077245867e-06,0.875
hidden_curvature,6,6,6,256,0.5,Greedy,0.9791666666666666,0.9791666666666666,0.9835571502460851,0.9835571502460851,4.862817904993613e-06,4.862824092175601e-06,50,50,9.986119008445824e-06,0.875
hidden_curvature,6,6,6,256,0.5,Hinge,0.5625,0.9606481481481483,0.5706567156576907,0.9792416672910201,1.02845300344235e-05,1.0284536578980064e-05,50,50,1.0327166984758907e-05,0.2222222222222222
hidden_curvature,6,6,6,256,0.5,LCRC,0.8425925925925926,0.8425925925925926,0.8673847044569069,0.8673847044569069,4.533318144905543e-06,4.533322803598165e-06,50,50,1.9900104867914478e-05,0.6666666666666666
hidden_curvature,6,6,6,256,0.5,MA,0.9421296296296297,0.9421296296296297,0.9582034866141161,0.9582034866141161,1.1993961277914658e-06,1.1994016867393152e-06,50,50,7.5565525848152656e-06,0.875
hidden_curvature,6,6,6,256,0.5,MLE,0.9606481481481483,0.9606481481481483,0.9612545032009335,0.9612545032009335,1.0523602588484288e-06,1.0523637277972743e-06,50,50,9.754956394283867e-07,0.875
hidden_curvature,6,6,6,256,0.5,Minimax,0.0,0.0,0.0,0.0,1.9127007713881188e-05,1.9127014258437745e-05,50,50,2.065433718051457e-05,0.0
hidden_curvature,6,6,6,256,0.75,A1,1.0,1.0,0.9913735206159863,0.9913735206159863,6.100325554049263e-06,6.100332098605826e-06,50,50,1.3833806185294806e-05,1.0
hidden_curvature,6,6,6,256,0.75,CVaR,0.9791666666666666,0.9791666666666666,0.9822876440817234,0.9822876440817234,1.363308538254019e-06,1.3633143916369981e-06,50,50,8.024832077245867e-06,0.875
hidden_curvature,6,6,6,256,0.75,Greedy,0.9791666666666666,0.9791666666666666,0.990241351047723,0.990241351047723,3.1728699894944017e-06,3.1728761766758435e-06,50,50,1.3719382153799117e-05,0.875
hidden_curvature,6,6,6,256,0.75,Hinge,0.7037037037037037,0.9791666666666666,0.7121518941644971,0.9907515072921108,1.4267879831729497e-05,1.4267886376286058e-05,50,50,1.549075047709951e-05,0.4444444444444444
hidden_curvature,6,6,6,256,0.75,LCRC,0.8425925925925926,0.8425925925925926,0.8741661732139373,0.8741661732139373,4.533318144905543e-06,4.533322803598165e-06,50,50,1.9900104867914478e-05,0.6666666666666666
hidden_curvature,6,6,6,256,0.75,MA,0.9606481481481483,0.9606481481481483,0.9695082415777941,0.9695082415777941,1.1993961277914658e-06,1.1994016867393152e-06,50,50,7.5565525848152656e-06,0.875
hidden_curvature,6,6,6,256,0.75,MLE,0.9606481481481483,0.9606481481481483,0.9612545032009335,0.9612545032009335,1.0523602588484288e-06,1.0523637277972743e-06,50,50,9.754956394283867e-07,0.875
hidden_curvature,6,6,6,256,0.75,Minimax,0.16666666666666666,0.16666666666666666,0.17294141792216103,0.17294141792216103,1.9127007713881188e-05,1.9127014258437745e-05,50,50,2.065433718051457e-05,0.0
hidden_curvature,6,6,6,256,1.0,A1,0.9791666666666666,0.9791666666666666,0.9865061201816748,0.9865061201816748,1.1993961277017741e-06,1.1994016866493986e-06,50,50,7.556552584936693e-06,0.875
hidden_curvature,6,6,6,256,1.0,CVaR,0.9791666666666666,0.9791666666666666,0.988205563422896,0.988205563422896,1.363308538254019e-06,1.3633143916369981e-06,50,50,8.024832077245867e-06,0.875
hidden_curvature,6,6,6,256,1.0,Greedy,0.9791666666666666,0.9791666666666666,0.9997512314683251,0.9997512314683251,1.4719106915986548e-05,1.471911346054311e-05,50,50,2.0606578069360533e-05,0.875
hidden_curvature,6,6,6,256,1.0,Hinge,0.9212962962962963,1.0,0.9253252647911997,0.999714983806205,1.8717334482842188e-05,1.871734102739875e-05,50,50,2.0654330759024495e-05,0.75
hidden_curvature,6,6,6,256,1.0,LCRC,0.9791666666666666,0.9791666666666666,0.9984707128934717,0.9984707128934717,4.533318144905543e-06,4.533322803598165e-06,50,50,1.9900104867914478e-05,0.875
hidden_curvature,6,6,6,256,1.0,MA,0.9791666666666666,0.9791666666666666,0.9865061201816748,0.9865061201816748,1.1993961277914658e-06,1.1994016867393152e-06,50,50,7.5565525848152656e-06,0.875
hidden_curvature,6,6,6,256,1.0,MLE,0.9606481481481483,0.9606481481481483,0.9640904543679277,0.9640904543679277,1.0523602588484288e-06,1.0523637277972743e-06,50,50,9.754956394283867e-07,0.875
hidden_curvature,6,6,6,256,1.0,Minimax,0.3333333333333333,1.0,0.35130205991319924,1.0000000000000158,1.9127007713881188e-05,1.9127014258437745e-05,50,50,2.065433718051457e-05,0.0
hidden_curvature,6,10,0,32,0.25,A1,0.4,0.4,0.400000000000003,0.400000000000003,2.0179386957907412e-05,2.0179393471429773e-05,50,50,4.0955008627170664e-05,0.0
hidden_curvature,6,10,0,32,0.25,CVaR,0.0,0.0,0.0,0.0,1.743863891440836e-05,1.743864542793072e-05,50,50,2.6431554201143684e-05,0.0
hidden_curvature,6,10,0,32,0.25,Greedy,0.1,0.1,0.1,0.1,2.3513857932398047e-05,2.3513864445920407e-05,50,50,3.5232687714228945e-05,0.0
hidden_curvature,6,10,0,32,0.25,Hinge,0.1,0.1,0.1,0.1,1.6531596488014026e-05,1.6531603001536387e-05,50,50,2.5837390649596784e-05,0.0
hidden_curvature,6,10,0,32,0.25,LCRC,0.0,0.0,0.0,0.0,1.740616965247646e-05,1.740617616599882e-05,50,50,2.28093655297995e-05,0.0
hidden_curvature,6,10,0,32,0.25,MA,0.1,0.1,0.1,0.1,1.6480013886207425e-05,1.648002039972979e-05,50,50,2.5924823143355643e-05,0.0
hidden_curvature,6,10,0,32,0.25,MLE,0.1,0.1,0.1,0.1,4.528582471875764e-05,4.528583090490785e-05,50,50,6.896566996589248e-05,0.0
hidden_curvature,6,10,0,32,0.25,Minimax,0.0,0.0,0.0,0.0,1.740616965247646e-05,1.740617616599882e-05,50,50,2.28093655297995e-05,0.0
hidden_curvature,6,10,0,32,0.5,A1,0.5,0.5,0.500000000000004,0.500000000000004,1.7832658548522922e-05,1.7832665062045282e-05,50,50,3.4797424357795044e-05,0.0
hidden_curvature,6,10,0,32,0.5,CVaR,0.1,0.1,0.1,0.1,1.743863891440836e-05,1.743864542793072e-05,50,50,2.6431554201143684e-05,0.0
hidden_curvature,6,10,0,32,0.5,Greedy,0.2,0.2,0.200000000000001,0.200000000000001,1.889758251029591e-05,1.8897589023818272e-05,50,50,2.843797726921615e-05,0.0
hidden_curvature,6,10,0,32,0.5,Hinge,0.2,0.3,0.200000000000001,0.30000000000000204,1.6857575054594205e-05,1.6857581568116562e-05,50,50,2.4470415246183322e-05,0.0
hidden_curvature,6,10,0,32,0.5,LCRC,0.2,0.2,0.200000000000001,0.200000000000001,1.740616965247646e-05,1.740617616599882e-05,50,50,2.28093655297995e-05,0.0
hidden_curvature,6,10,0,32,0.5,MA,0.3,0.3,0.30000000000000204,0.30000000000000204,1.6480013886207425e-05,1.648002039972979e-05,50,50,2.5924823143355643e-05,0.0
hidden_curvature,6,10,0,32,0.5,MLE,0.1,0.1,0.1,0.1,4.528582471875764e-05,4.528583090490785e-05,50,50,6.896566996589248e-05,0.0
hidden_curvature,6,10,0,32,0.5,Minimax,0.2,0.2,0.200000000000001,0.200000000000001,1.740616965247646e-05,1.740617616599882e-05,50,50,2.28093655297995e-05,0.0
hidden_curvature,6,10,0,32,0.75,A1,0.7,0.7,0.7000000000000061,0.7000000000000061,1.824486475851331e-05,1.8244871272035666e-05,50,50,3.4014996151930654e-05,0.0
hidden_curvature,6,10,0,32,0.75,CVaR,0.4,0.4,0.400000000000003,0.400000000000003,1.743863891440836e-05,1.743864542793072e-05,50,50,2.6431554201143684e-05,0.0
hidden_curvature,6,10,0,32,0.75,Greedy,0.5,0.5,0.500000000000004,0.500000000000004,1.756962258866665e-05,1.7569629102189007e-05,50,50,2.7977195054880444e-05,0.0
hidden_curvature,6,10,0,32,0.75,Hinge,0.4,0.5,0.400000000000003,0.500000000000004,1.7330994498595405e-05,1.7331001012117762e-05,50,50,2.4333399578101152e-05,0.0
hidden_curvature,6,10,0,32,0.75,LCRC,0.5,0.5,0.500000000000004,0.500000000000004,1.740616965247646e-05,1.740617616599882e-05,50,50,2.28093655297995e-05,0.0
hidden_curvature,6,10,0,32,0.75,MA,0.5,0.5,0.500000000000004,0.500000000000004,1.6480013886207425e-05,1.648002039972979e-05,50,50,2.5924823143355643e-05,0.0
hidden_curvature,6,10,0,32,0.75,MLE,0.1,0.1,0.1,0.1,4.528582471875764e-05,4.528583090490785e-05,50,50,6.896566996589248e-05,0.0
hidden_curvature,6,10,0,32,0.75,Minimax,0.5,0.5,0.500000000000004,0.500000000000004,1.740616965247646e-05,1.740617616599882e-05,50,50,2.28093655297995e-05,0.0
hidden_curvature,6,10,0,32,1.0,A1,0.8,0.8,0.8000000000000071,0.8000000000000071,1.648164914722569e-05,1.6481655660748053e-05,50,50,2.5967641733973253e-05,0.0
hidden_curvature,6,10,0,32,1.0,CVaR,0.9,0.9,0.900000000000008,0.900000000000008,1.743863891440836e-05,1.743864542793072e-05,50,50,2.6431554201143684e-05,0.0
hidden_curvature,6,10,0,32,1.0,Greedy,0.8,0.8,0.8000000000000071,0.8000000000000071,1.6634791848008784e-05,1.663479836153114e-05,50,50,2.4553789489824285e-05,0.0
hidden_curvature,6,10,0,32,1.0,Hinge,0.8,0.9,0.8000000000000071,0.900000000000008,1.7406231470443872e-05,1.7406237983966232e-05,50,50,2.2809370061327442e-05,0.0
hidden_curvature,6,10,0,32,1.0,LCRC,0.7,1.0,0.7000000000000061,1.000000000000009,1.740616965247646e-05,1.740617616599882e-05,50,50,2.28093655297995e-05,0.0
hidden_curvature,6,10,0,32,1.0,MA,0.7,0.7,0.7000000000000061,0.7000000000000061,1.6480013886207425e-05,1.648002039972979e-05,50,50,2.5924823143355643e-05,0.0
hidden_curvature,6,10,0,32,1.0,MLE,0.1,0.1,0.1,0.1,4.528582471875764e-05,4.528583090490785e-05,50,50,6.896566996589248e-05,0.0
hidden_curvature,6,10,0,32,1.0,Minimax,0.7,1.0,0.7000000000000061,1.000000000000009,1.740616965247646e-05,1.740617616599882e-05,50,50,2.28093655297995e-05,0.0
hidden_curvature,6,10,0,256,0.25,A1,0.4,0.4,0.40000000000004904,0.40000000000004904,2.0179386957896313e-05,2.0179393471418673e-05,50,50,4.0955008628475176e-05,0.0
hidden_curvature,6,10,0,256,0.25,CVaR,0.0,0.0,0.0,0.0,1.7438638915153597e-05,1.7438645428675957e-05,50,50,2.6431554202281663e-05,0.0
hidden_curvature,6,10,0,256,0.25,Greedy,0.1,0.1,0.10000000000001201,0.10000000000001201,2.3513857932328654e-05,2.3513864445851015e-05,50,50,3.523268771817023e-05,0.0
hidden_curvature,6,10,0,256,0.25,Hinge,0.1,0.1,0.10000000000001201,0.10000000000001201,1.653159627751852e-05,1.6531602791040873e-05,50,50,2.5837381016469155e-05,0.0
hidden_curvature,6,10,0,256,0.25,LCRC,0.0,0.0,0.0,0.0,1.740616965247646e-05,1.740617616599882e-05,50,50,2.28093655297995e-05,0.0
hidden_curvature,6,10,0,256,0.25,MA,0.1,0.1,0.10000000000001201,0.10000000000001201,1.6480013886217142e-05,1.6480020399739503e-05,50,50,2.592482314336952e-05,0.0
hidden_curvature,6,10,0,256,0.25,MLE,0.1,0.1,0.10000000000001201,0.10000000000001201,4.528582471875764e-05,4.528583090490785e-05,50,50,6.896566996589248e-05,0.0
hidden_curvature,6,10,0,256,0.25,Minimax,0.0,0.0,0.0,0.0,1.740616965247646e-05,1.740617616599882e-05,50,50,2.28093655297995e-05,0.0
hidden_curvature,6,10,0,256,0.5,A1,0.5,0.5,0.5000000000000611,0.5000000000000611,1.7832658548520144e-05,1.7832665062042508e-05,50,50,3.479742436928584e-05,0.0
hidden_curvature,6,10,0,256,0.5,CVaR,0.1,0.1,0.10000000000001201,0.10000000000001201,1.7438638915153597e-05,1.7438645428675957e-05,50,50,2.6431554202281663e-05,0.0
hidden_curvature,6,10,0,256,0.5,Greedy,0.2,0.2,0.20000000000002402,0.20000000000002402,1.8897582510330606e-05,1.8897589023852966e-05,50,50,2.8437977264511586e-05,0.0
hidden_curvature,6,10,0,256,0.5,Hinge,0.2,0.3,0.20000000000002402,0.300000000000037,1.6857575054617797e-05,1.6857581568140154e-05,50,50,2.4470415246224956e-05,0.0
hidden_curvature,6,10,0,256,0.5,LCRC,0.2,0.2,0.20000000000002402,0.20000000000002402,1.740616965247646e-05,1.740617616599882e-05,50,50,2.28093655297995e-05,0.0
hidden_curvature,6,10,0,256,0.5,MA,0.3,0.3,0.300000000000037,0.300000000000037,1.6480013886217142e-05,1.6480020399739503e-05,50,50,2.592482314336952e-05,0.0
hidden_curvature,6,10,0,256,0.5,MLE,0.1,0.1,0.10000000000001201,0.10000000000001201,4.528582471875764e-05,4.528583090490785e-05,50,50,6.896566996589248e-05,0.0
hidden_curvature,6,10,0,256,0.5,Minimax,0.2,0.2,0.20000000000002402,0.20000000000002402,1.740616965247646e-05,1.740617616599882e-05,50,50,2.28093655297995e-05,0.0
hidden_curvature,6,10,0,256,0.75,A1,0.7,0.7,0.7000000000000861,0.7000000000000861,1.8244864758499427e-05,1.824487127202179e-05,50,50,3.401499602879304e-05,0.0
hidden_curvature,6,10,0,256,0.75,CVaR,0.4,0.4,0.40000000000004904,0.40000000000004904,1.7438638915153597e-05,1.7438645428675957e-05,50,50,2.6431554202281663e-05,0.0
hidden_curvature,6,10,0,256,0.75,Greedy,0.5,0.5,0.5000000000000611,0.5000000000000611,1.756962258860559e-05,1.756962910212795e-05,50,50,2.797719505489432e-05,0.0
hidden_curvature,6,10,0,256,0.75,Hinge,0.4,0.5,0.40000000000004904,0.5000000000000611,1.733099449864675e-05,1.733100101216911e-05,50,50,2.433339957804564e-05,0.0
hidden_curvature,6,10,0,256,0.75,LCRC,0.5,0.5,0.5000000000000611,0.5000000000000611,1.740616965247646e-05,1.740617616599882e-05,50,50,2.28093655297995e-05,0.0
hidden_curvature,6,10,0,256,0.75,MA,0.5,0.5,0.5000000000000611,0.5000000000000611,1.6480013886217142e-05,1.6480020399739503e-05,50,50,2.592482314336952e-05,0.0
hidden_curvature,6,10,0,256,0.75,MLE,0.1,0.1,0.10000000000001201,0.10000000000001201,4.528582471875764e-05,4.528583090490785e-05,50,50,6.896566996589248e-05,0.0
hidden_curvature,6,10,0,256,0.75,Minimax,0.5,0.5,0.5000000000000611,0.5000000000000611,1.740616965247646e-05,1.740617616599882e-05,50,50,2.28093655297995e-05,0.0
hidden_curvature,6,10,0,256,1.0,A1,0.8,0.8,0.8000000000000981,0.8000000000000981,1.6481649147204876e-05,1.6481655660727233e-05,50,50,2.5967641734125916e-05,0.0
hidden_curvature,6,10,0,256,1.0,CVaR,0.9,0.9,0.9000000000001102,0.9000000000001102,1.7438638915153597e-05,1.7438645428675957e-05,50,50,2.6431554202281663e-05,0.0
hidden_curvature,6,10,0,256,1.0,Greedy,0.8,0.8,0.8000000000000981,0.8000000000000981,1.6634791847989353e-05,1.6634798361511714e-05,50,50,2.4553789489754892e-05,0.0
hidden_curvature,6,10,0,256,1.0,Hinge,0.7,1.0,0.7000000000000861,1.000000000000123,1.740617040987477e-05,1.740617692339713e-05,50,50,2.280936823167989e-05,0.0
hidden_curvature,6,10,0,256,1.0,LCRC,0.7,1.0,0.7000000000000861,1.000000000000123,1.740616965247646e-05,1.740617616599882e-05,50,50,2.28093655297995e-05,0.0
hidden_curvature,6,10,0,256,1.0,MA,0.7,0.7,0.7000000000000861,0.7000000000000861,1.6480013886217142e-05,1.6480020399739503e-05,50,50,2.592482314336952e-05,0.0
hidden_curvature,6,10,0,256,1.0,MLE,0.1,0.1,0.10000000000001201,0.10000000000001201,4.528582471875764e-05,4.528583090490785e-05,50,50,6.896566996589248e-05,0.0
hidden_curvature,6,10,0,256,1.0,Minimax,0.7,1.0,0.7000000000000861,1.000000000000123,1.740616965247646e-05,1.740617616599882e-05,50,50,2.28093655297995e-05,0.0
hidden_curvature,6,10,1,32,0.25,A1,0.74,0.74,0.7405949092735719,0.7405949092735719,1.0784363566704453e-05,1.0784370080226813e-05,50,50,3.842037040074701e-05,0.4
hidden_curvature,6,10,1,32,0.25,CVaR,0.3,0.3,0.2809101547455136,0.2809101547455136,9.3817748642179e-06,9.38178137774026e-06,50,50,2.1475629549297364e-05,0.0
hidden_curvature,6,10,1,32,0.25,Greedy,0.7,0.7,0.704901023063484,0.704901023063484,9.429301083167111e-06,9.429307596689473e-06,50,50,3.09371525268387e-05,0.4
hidden_curvature,6,10,1,32,0.25,Hinge,0.1,0.5599999999999999,0.10022156189949541,0.5425793113318303,9.796958371983272e-06,9.796964885505632e-06,50,50,2.6748811393983295e-05,0.0
hidden_curvature,6,10,1,32,0.25,LCRC,0.06000000000000001,0.06000000000000001,0.06225904368282794,0.06225904368282794,1.5040667216677377e-05,1.5040673730199737e-05,50,50,2.2809365518790953e-05,0.0
hidden_curvature,6,10,1,32,0.25,MA,0.5599999999999999,0.5599999999999999,0.5324563255891992,0.5324563255891992,8.614299885166959e-06,8.61430639868932e-06,50,50,3.08247876784462e-05,0.2
hidden_curvature,6,10,1,32,0.25,MLE,0.5599999999999999,0.5599999999999999,0.5794159303741682,0.5794159303741682,1.3544878536895513e-05,1.3544883226747906e-05,50,50,4.596059825820524e-05,0.4
hidden_curvature,6,10,1,32,0.25,Minimax,0.0,0.0,0.0,0.0,1.740616965247646e-05,1.740617616599882e-05,50,50,2.28093655297995e-05,0.0
hidden_curvature,6,10,1,32,0.5,A1,0.8,0.8,0.8247282859981085,0.8247282859981085,9.6564977070214e-06,9.65650422054376e-06,50,50,2.875019558459743e-05,0.4
hidden_curvature,6,10,1,32,0.5,CVaR,0.64,0.64,0.6030736549647392,0.6030736549647392,9.3817748642179e-06,9.38178137774026e-06,50,50,2.1475629549297364e-05,0.2
hidden_curvature,6,10,1,32,0.5,Greedy,0.8,0.8,0.8063111238240598,0.8063111238240598,9.331090092622035e-06,9.331096606144395e-06,50,50,2.9020258230450647e-05,0.4
hidden_curvature,6,10,1,32,0.5,Hinge,0.28,0.8,0.27279937074252275,0.7717879090930627,1.1827795316565608e-05,1.1827801830087967e-05,50,50,1.941185517004978e-05,0.0
hidden_curvature,6,10,1,32,0.5,LCRC,0.3,0.3,0.23571007131378333,0.23571007131378333,1.5040667216677377e-05,1.5040673730199737e-05,50,50,2.2809365518790953e-05,0.0
hidden_curvature,6,10,1,32,0.5,MA,0.72,0.72,0.7336762967127142,0.7336762967127142,8.614299885166959e-06,8.61430639868932e-06,50,50,3.08247876784462e-05,0.4
hidden_curvature,6,10,1,32,0.5,MLE,0.6,0.6,0.623207348238569,0.623207348238569,1.3544878536895513e-05,1.3544883226747906e-05,50,50,4.596059825820524e-05,0.4
hidden_curvature,6,10,1,32,0.5,Minimax,0.2,0.2,0.16335650090887,0.16335650090887,1.740616965247646e-05,1.740617616599882e-05,50,50,2.28093655297995e-05,0.0
hidden_curvature,6,10,1,32,0.75,A1,0.96,0.96,0.95782423782974,0.95782423782974,1.205108224844084e-05,1.20510887619632e-05,50,50,1.7107015207164233e-05,0.8
hidden_curvature,6,10,1,32,0.75,CVaR,0.8800000000000001,0.8800000000000001,0.8790503003942437,0.8790503003942437,9.3817748642179e-06,9.38178137774026e-06,50,50,2.1475629549297364e-05,0.6
hidden_curvature,6,10,1,32,0.75,Greedy,0.9400000000000001,0.9400000000000001,0.9506908537124936,0.9506908537124936,1.1972853488948913e-05,1.1972860002471272e-05,50,50,1.873188617454862e-05,0.8
hidden_curvature,6,10,1,32,0.75,Hinge,0.52,0.96,0.5151630361306935,0.9508943844588179,1.5045072695594601e-05,1.5045079209116961e-05,50,50,1.710702172852823e-05,0.0
hidden_curvature,6,10,1,32,0.75,LCRC,0.6,0.6,0.5989656525549757,0.5989656525549757,1.5040667216677377e-05,1.5040673730199737e-05,50,50,2.2809365518790953e-05,0.0
hidden_curvature,6,10,1,32,0.75,MA,0.86,0.86,0.8308687179795193,0.8308687179795193,8.614299885166959e-06,8.61430639868932e-06,50,50,3.08247876784462e-05,0.6
hidden_curvature,6,10,1,32,0.75,MLE,0.6799999999999999,0.6799999999999999,0.6882429845560581,0.6882429845560581,1.3544878536895513e-05,1.3544883226747906e-05,50,50,4.596059825820524e-05,0.4
hidden_curvature,6,10,1,32,0.75,Minimax,0.5,0.5,0.49734093064505824,0.49734093064505824,1.740616965247646e-05,1.740617616599882e-05,50,50,2.28093655297995e-05,0.0
hidden_curvature,6,10,1,32,1.0,A1,0.9,0.9,0.8957225112600178,0.8957225112600178,8.61429988523385e-06,8.614306398756211e-06,50,50,3.082478767883339e-05,0.6
hidden_curvature,6,10,1,32,1.0,CVaR,0.9400000000000001,0.9400000000000001,0.9532747281551982,0.9532747281551982,9.3817748642179e-06,9.38178137774026e-06,50,50,2.1475629549297364e-05,0.8
hidden_curvature,6,10,1,32,1.0,Greedy,1.0,1.0,0.992598478866056,0.992598478866056,1.4519852055259877e-05,1.4519858568782238e-05,50,50,2.2809355761289895e-05,1.0
hidden_curvature,6,10,1,32,1.0,Hinge,0.78,1.0,0.7890691233002608,0.9973970646591065,1.7404922477988607e-05,1.7404928991510967e-05,50,50,2.280936230276385e-05,0.0
hidden_curvature,6,10,1,32,1.0,LCRC,0.9,1.0,0.908799930069663,0.9973576502557261,1.5040667216677377e-05,1.5040673730199737e-05,50,50,2.2809365518790953e-05,0.4
hidden_curvature,6,10,1,32,1.0,MA,0.9,0.9,0.8957225112600178,0.8957225112600178,8.614299885166959e-06,8.61430639868932e-06,50,50,3.08247876784462e-05,0.6
hidden_curvature,6,10,1,32,1.0,MLE,0.74,0.74,0.756460245065009,0.756460245065009,1.3544878536895513e-05,1.3544883226747906e-05,50,50,4.596059825820524e-05,0.4
hidden_curvature,6,10,1,32,1.0,Minimax,0.7,1.0,0.7279677698262288,1.0000000000000004,1.740616965247646e-05,1.740617616599882e-05,50,50,2.28093655297995e-05,0.0
hidden_curvature,6,10,1,256,0.25,A1,0.72,0.72,0.7645131738703826,0.7645131738703826,1.144914225157348e-05,1.144914876509584e-05,50,50,3.698379438291065e-05,0.4
hidden_curvature,6,10,1,256,0.25,CVaR,0.4,0.4,0.4294307023493177,0.4294307023493177,1.0762563919354956e-05,1.0762570432877315e-05,50,50,2.970080858601849e-05,0.0
hidden_curvature,6,10,1,256,0.25,Greedy,0.6799999999999999,0.6799999999999999,0.721888453391467,0.721888453391467,1.1377678916130591e-05,1.137768542965295e-05,50,50,3.779233674795421e-05,0.4
hidden_curvature,6,10,1,256,0.25,Hinge,0.1,0.52,0.07928401682880024,0.5942184987319239,1.1230390762267534e-05,1.1230397275789893e-05,50,50,3.270714140215514e-05,0.0
hidden_curvature,6,10,1,256,0.25,LCRC,0.06000000000000001,0.06000000000000001,0.04763188955714602,0.04763188955714602,1.4608803908849052e-05,1.460881035689698e-05,50,50,2.2809365529078903e-05,0.0
hidden_curvature,6,10,1,256,0.25,MA,0.5,0.5,0.5499773236726124,0.5499773236726124,1.035479104765327e-05,1.0354797561175631e-05,50,50,3.5312731975207365e-05,0.2
hidden_curvature,6,10,1,256,0.25,MLE,0.58,0.58,0.6121156666272779,0.6121156666272779,1.72888438942094e-05,1.728884858394841e-05,50,50,7.253898593509827e-05,0.2
hidden_curvature,6,10,1,256,0.25,Minimax,0.0,0.0,0.0,0.0,1.740616965247646e-05,1.740617616599882e-05,50,50,2.28093655297995e-05,0.0
hidden_curvature,6,10,1,256,0.5,A1,0.78,0.78,0.83648403479603,0.83648403479603,1.2014294942817444e-05,1.2014301456339804e-05,50,50,3.502690042080888e-05,0.4
hidden_curvature,6,10,1,256,0.5,CVaR,0.6199999999999999,0.6199999999999999,0.6722359463720369,0.6722359463720369,1.0762563919354956e-05,1.0762570432877315e-05,50,50,2.970080858601849e-05,0.2
hidden_curvature,6,10,1,256,0.5,Greedy,0.8,0.8,0.8142658222510774,0.8142658222510774,1.0858154633034826e-05,1.0858161146557187e-05,50,50,3.6716979908067014e-05,0.4
hidden_curvature,6,10,1,256,0.5,Hinge,0.26,0.72,0.25135636826942653,0.7719931365538851,1.2738810586927355e-05,1.2738817100449716e-05,50,50,3.0972485489373645e-05,0.0
hidden_curvature,6,10,1,256,0.5,LCRC,0.3,0.3,0.25612451929293684,0.25612451929293684,1.4608803908849052e-05,1.460881035689698e-05,50,50,2.2809365529078903e-05,0.0
hidden_curvature,6,10,1,256,0.5,MA,0.7,0.7,0.728942183776582,0.728942183776582,1.035479104765327e-05,1.0354797561175631e-05,50,50,3.5312731975207365e-05,0.4
hidden_curvature,6,10,1,256,0.5,MLE,0.62,0.62,0.6616622913479709,0.6616622913479709,1.72888438942094e-05,1.728884858394841e-05,50,50,7.253898593509827e-05,0.2
hidden_curvature,6,10,1,256,0.5,Minimax,0.2,0.2,0.16113421364531078,0.16113421364531078,1.740616965247646e-05,1.740617616599882e-05,50,50,2.28093655297995e-05,0.0
hidden_curvature,6,10,1,256,0.75,A1,0.9199999999999999,0.9199999999999999,0.959690764504888,0.959690764504888,1.308330668060395e-05,1.308331319412631e-05,50,50,3.483556564276394e-05,0.4
hidden_curvature,6,10,1,256,0.75,CVaR,0.86,0.86,0.9039126692563153,0.9039126692563153,1.0762563919354956e-05,1.0762570432877315e-05,50,50,2.970080858601849e-05,0.4
hidden_curvature,6,10,1,256,0.75,Greedy,0.9,0.9,0.9511554359862122,0.9511554359862122,1.2304666877659825e-05,1.2304673391182184e-05,50,50,3.257518701673991e-05,0.4
hidden_curvature,6,10,1,256,0.75,Hinge,0.54,0.9,0.48790383293255013,0.9457309346297658,1.5576177270913563e-05,1.5576183784435927e-05,50,50,2.18595169790163e-05,0.0
hidden_curvature,6,10,1,256,0.75,LCRC,0.62,0.62,0.6128148714059564,0.6128148714059564,1.4608803908849052e-05,1.460881035689698e-05,50,50,2.2809365529078903e-05,0.0
hidden_curvature,6,10,1,256,0.75,MA,0.78,0.78,0.8522574818656142,0.8522574818656142,1.035479104765327e-05,1.0354797561175631e-05,50,50,3.5312731975207365e-05,0.4
hidden_curvature,6,10,1,256,0.75,MLE,0.64,0.64,0.7154269482638901,0.7154269482638901,1.72888438942094e-05,1.728884858394841e-05,50,50,7.253898593509827e-05,0.4
hidden_curvature,6,10,1,256,0.75,Minimax,0.5,0.5,0.479059213049932,0.479059213049932,1.740616965247646e-05,1.740617616599882e-05,50,50,2.28093655297995e-05,0.0
hidden_curvature,6,10,1,256,1.0,A1,0.8400000000000001,0.8400000000000001,0.9067391987217773,0.9067391987217773,1.0354791047750139e-05,1.03547975612725e-05,50,50,3.531273197537458e-05,0.4
hidden_curvature,6,10,1,256,1.0,CVaR,0.8800000000000001,0.8800000000000001,0.9461534783670984,0.9461534783670984,1.0762563919354956e-05,1.0762570432877315e-05,50,50,2.970080858601849e-05,0.4
hidden_curvature,6,10,1,256,1.0,Greedy,0.96,0.96,0.9930677525595213,0.9930677525595213,1.3951201974679166e-05,1.3951208488201527e-05,50,50,2.2809355775359194e-05,0.8
hidden_curvature,6,10,1,256,1.0,Hinge,0.82,0.9800000000000001,0.8215384902762268,0.99761413221679,1.7402076939661416e-05,1.740208345318378e-05,50,50,2.2809362304064894e-05,0.2
hidden_curvature,6,10,1,256,1.0,LCRC,0.86,1.0,0.9288669347996386,0.9980612723182315,1.4608803908849052e-05,1.460881035689698e-05,50,50,2.2809365529078903e-05,0.4
hidden_curvature,6,10,1,256,1.0,MA,0.8400000000000001,0.8400000000000001,0.9067391987217773,0.9067391987217773,1.035479104765327e-05,1.0354797561175631e-05,50,50,3.5312731975207365e-05,0.4
hidden_curvature,6,10,1,256,1.0,MLE,0.6599999999999999,0.6599999999999999,0.7552096529491488,0.7552096529491488,1.72888438942094e-05,1.728884858394841e-05,50,50,7.253898593509827e-05,0.4
hidden_curvature,6,10,1,256,1.0,Minimax,0.7,1.0,0.645702940755772,1.0000000000000002,1.740616965247646e-05,1.740617616599882e-05,50,50,2.28093655297995e-05,0.0
hidden_curvature,6,10,3,32,0.25,A1,0.9199999999999999,0.9199999999999999,0.9405008263510964,0.9405008263510964,5.755243814613703e-06,5.755250328136063e-06,50,50,2.2925788916394345e-05,0.8
hidden_curvature,6,10,3,32,0.25,CVaR,0.8400000000000001,0.8400000000000001,0.8577988204631046,0.8577988204631046,3.359221056940392e-06,3.35922751069917e-06,50,50,1.246606255162068e-05,0.6
hidden_curvature,6,10,3,32,0.25,Greedy,0.9199999999999999,0.9199999999999999,0.9348451174540161,0.9348451174540161,4.393099336018335e-06,4.393105791005714e-06,50,50,1.6706289726710673e-05,0.8
hidden_curvature,6,10,3,32,0.25,Hinge,0.2,0.9199999999999999,0.18217009104890197,0.9112286485056049,6.114604646788729e-06,6.1146111603110895e-06,50,50,9.796194231505632e-06,0.0
hidden_curvature,6,10,3,32,0.25,LCRC,0.56,0.56,0.5557684529073693,0.5557684529073693,6.3325862844605665e-06,6.332591884862792e-06,50,50,1.7529830694442897e-05,0.4
hidden_curvature,6,10,3,32,0.25,MA,0.8800000000000001,0.8800000000000001,0.8421210866475677,0.8421210866475677,2.7155505010954816e-06,2.7155568506301297e-06,50,50,1.16577509610697e-05,0.6
hidden_curvature,6,10,3,32,0.25,MLE,0.8800000000000001,0.8800000000000001,0.847030095341888,0.847030095341888,4.2486121111703915e-06,4.248615825380164e-06,50,50,2.8597998895274758e-05,0.6
hidden_curvature,6,10,3,32,0.25,Minimax,0.0,0.0,0.0,0.0,1.740616965247646e-05,1.740617616599882e-05,50,50,2.28093655297995e-05,0.0
hidden_curvature,6,10,3,32,0.5,A1,0.9400000000000001,0.9400000000000001,0.9667712397417632,0.9667712397417632,7.0171347287399645e-06,7.017141242262325e-06,50,50,1.5276620858957108e-05,0.8
hidden_curvature,6,10,3,32,0.5,CVaR,0.9400000000000001,0.9400000000000001,0.9343962185769834,0.9343962185769834,3.359221056940392e-06,3.35922751069917e-06,50,50,1.246606255162068e-05,0.8
hidden_curvature,6,10,3,32,0.5,Greedy,0.9400000000000001,0.9400000000000001,0.9610227880820433,0.9610227880820433,4.888171953319059e-06,4.888178466841419e-06,50,50,1.4318108870388698e-05,0.8
hidden_curvature,6,10,3,32,0.5,Hinge,0.5,0.96,0.5009607462840114,0.9612709746961435,1.0001831656169939e-05,1.0001838169692299e-05,50,50,1.1404681158452137e-05,0.0
hidden_curvature,6,10,3,32,0.5,LCRC,0.74,0.74,0.6939152661710871,0.6939152661710871,6.3325862844605665e-06,6.332591884862792e-06,50,50,1.7529830694442897e-05,0.4
hidden_curvature,6,10,3,32,0.5,MA,0.9400000000000001,0.9400000000000001,0.9323226849964744,0.9323226849964744,2.7155505010954816e-06,2.7155568506301297e-06,50,50,1.16577509610697e-05,0.8
hidden_curvature,6,10,3,32,0.5,MLE,0.9,0.9,0.8712894976472603,0.8712894976472603,4.2486121111703915e-06,4.248615825380164e-06,50,50,2.8597998895274758e-05,0.8
hidden_curvature,6,10,3,32,0.5,Minimax,0.2,0.2,0.18138913815491226,0.18138913815491226,1.740616965247646e-05,1.740617616599882e-05,50,50,2.28093655297995e-05,0.0
hidden_curvature,6,10,3,32,0.75,A1,1.0,1.0,0.9937002490872731,0.9937002490872731,1.0732811684788928e-05,1.0732818198311288e-05,50,50,1.597143287629422e-05,1.0
hidden_curvature,6,10,3,32,0.75,CVaR,0.9800000000000001,0.9800000000000001,0.9674105895897146,0.9674105895897146,3.359221056940392e-06,3.35922751069917e-06,50,50,1.246606255162068e-05,0.8
hidden_curvature,6,10,3,32,0.75,Greedy,1.0,1.0,0.9916469732502678,0.9916469732502678,7.289197391254498e-06,7.289203850438796e-06,50,50,1.5514801368117495e-05,1.0
hidden_curvature,6,10,3,32,0.75,Hinge,0.8400000000000001,1.0,0.8227571364950009,0.9912906789343616,1.4616352018149283e-05,1.4616358531671644e-05,50,50,1.7107021555030558e-05,0.6
hidden_curvature,6,10,3,32,0.75,LCRC,0.9199999999999999,0.9199999999999999,0.9145894768071144,0.9145894768071144,6.3325862844605665e-06,6.332591884862792e-06,50,50,1.7529830694442897e-05,0.6
hidden_curvature,6,10,3,32,0.75,MA,0.9800000000000001,0.9800000000000001,0.959380405793923,0.959380405793923,2.7155505010954816e-06,2.7155568506301297e-06,50,50,1.16577509610697e-05,0.8
hidden_curvature,6,10,3,32,0.75,MLE,0.9400000000000001,0.9400000000000001,0.909447171400347,0.909447171400347,4.2486121111703915e-06,4.248615825380164e-06,50,50,2.8597998895274758e-05,0.8
hidden_curvature,6,10,3,32,0.75,Minimax,0.5,0.5,0.46149771803357814,0.46149771803357814,1.740616965247646e-05,1.740617616599882e-05,50,50,2.28093655297995e-05,0.0
hidden_curvature,6,10,3,32,1.0,A1,0.9800000000000001,0.9800000000000001,0.9758226102500547,0.9758226102500547,2.715550501081604e-06,2.7155568506156967e-06,50,50,1.1657750961264683e-05,0.8
hidden_curvature,6,10,3,32,1.0,CVaR,0.9800000000000001,0.9800000000000001,0.9863279452239224,0.9863279452239224,3.359221056940392e-06,3.35922751069917e-06,50,50,1.246606255162068e-05,0.8
hidden_curvature,6,10,3,32,1.0,Greedy,1.0,1.0,0.9998385612870088,0.9998385612870088,1.1949523352075968e-05,1.1949529865598328e-05,50,50,1.6763024649745978e-05,1.0
hidden_curvature,6,10,3,32,1.0,Hinge,0.9400000000000001,1.0,0.9605017426752991,0.9998616765440399,1.7324001979865804e-05,1.7324008493388165e-05,50,50,2.2809345928613206e-05,0.6
hidden_curvature,6,10,3,32,1.0,LCRC,1.0,1.0,0.998331097157835,0.998331097157835,6.3325862844605665e-06,6.332591884862792e-06,50,50,1.7529830694442897e-05,1.0
hidden_curvature,6,10,3,32,1.0,MA,0.9800000000000001,0.9800000000000001,0.9758226102500547,0.9758226102500547,2.7155505010954816e-06,2.7155568506301297e-06,50,50,1.16577509610697e-05,0.8
hidden_curvature,6,10,3,32,1.0,MLE,0.9400000000000001,0.9400000000000001,0.9338623948098654,0.9338623948098654,4.2486121111703915e-06,4.248615825380164e-06,50,50,2.8597998895274758e-05,0.8
hidden_curvature,6,10,3,32,1.0,Minimax,0.7,1.0,0.696339445960205,1.0000000000000049,1.740616965247646e-05,1.740617616599882e-05,50,50,2.28093655297995e-05,0.0
hidden_curvature,6,10,3,256,0.25,A1,0.96,0.96,0.9754873192152745,0.9754873192152745,4.0638709597712315e-06,4.063877354202605e-06,50,50,5.702334102360845e-06,0.8
hidden_curvature,6,10,3,256,0.25,CVaR,0.9199999999999999,0.9199999999999999,0.9304560775030193,0.9304560775030193,1.9110932145864623e-06,1.911099580616526e-06,50,50,1.0756239041940695e-05,0.6
hidden_curvature,6,10,3,256,0.25,Greedy,0.96,0.96,0.973529728156714,0.973529728156714,3.021619190784197e-06,3.0216255852155707e-06,50,50,5.702334102360845e-06,0.8
hidden_curvature,6,10,3,256,0.25,Hinge,0.27999999999999997,0.96,0.2437023921772515,0.9709660230295787,5.82110321116755e-06,5.82110972468991e-06,50,50,5.702340632182667e-06,0.0
hidden_curvature,6,10,3,256,0.25,LCRC,0.6799999999999999,0.6799999999999999,0.6700588223983343,0.6700588223983343,4.456591272046784e-06,4.456596610453167e-06,50,50,1.2133673448122894e-05,0.4
hidden_curvature,6,10,3,256,0.25,MA,0.9,0.9,0.9276293876950742,0.9276293876950742,2.2568227579979056e-06,2.256829041228647e-06,50,50,1.5261025859602025e-05,0.4
hidden_curvature,6,10,3,256,0.25,MLE,0.86,0.86,0.8982472748116803,0.8982472748116803,3.3527827878737643e-06,3.3527864987148436e-06,50,50,2.4342665074894573e-05,0.4
hidden_curvature,6,10,3,256,0.25,Minimax,0.0,0.0,0.0,0.0,1.740616965247646e-05,1.740617616599882e-05,50,50,2.28093655297995e-05,0.0
hidden_curvature,6,10,3,256,0.5,A1,0.9800000000000001,0.9800000000000001,0.9908638275634353,0.9908638275634353,5.4092635898271565e-06,5.409270103349517e-06,50,50,1.1381915438708062e-05,0.8
hidden_curvature,6,10,3,256,0.5,CVaR,0.9400000000000001,0.9400000000000001,0.9765594605410561,0.9765594605410561,1.9110932145864623e-06,1.911099580616526e-06,50,50,1.0756239041940695e-05,0.6
hidden_curvature,6,10,3,256,0.5,Greedy,0.9800000000000001,0.9800000000000001,0.9898621626805003,0.9898621626805003,4.044643451704549e-06,4.044649965226909e-06,50,50,1.1088954253724714e-05,0.8
hidden_curvature,6,10,3,256,0.5,Hinge,0.64,0.9800000000000001,0.6267409286114617,0.9897907046951661,9.811100057470625e-06,9.811106570992987e-06,50,50,1.1404681151742226e-05,0.4
hidden_curvature,6,10,3,256,0.5,LCRC,0.9,0.9,0.8850951976807313,0.8850951976807313,4.456591272046784e-06,4.456596610453167e-06,50,50,1.2133673448122894e-05,0.6
hidden_curvature,6,10,3,256,0.5,MA,0.9400000000000001,0.9400000000000001,0.9741893898331397,0.9741893898331397,2.2568227579979056e-06,2.256829041228647e-06,50,50,1.5261025859602025e-05,0.6
hidden_curvature,6,10,3,256,0.5,MLE,0.8800000000000001,0.8800000000000001,0.9149004501699839,0.9149004501699839,3.3527827878737643e-06,3.3527864987148436e-06,50,50,2.4342665074894573e-05,0.4
hidden_curvature,6,10,3,256,0.5,Minimax,0.2,0.2,0.21203884471719153,0.21203884471719153,1.740616965247646e-05,1.740617616599882e-05,50,50,2.28093655297995e-05,0.0
hidden_curvature,6,10,3,256,0.75,A1,1.0,1.0,0.9991063658665977,0.9991063658665977,1.1344732708353092e-05,1.1344739221875452e-05,50,50,1.6302662877845646e-05,1.0
hidden_curvature,6,10,3,256,0.75,CVaR,0.9800000000000001,0.9800000000000001,0.9900590124523833,0.9900590124523833,1.9110932145864623e-06,1.911099580616526e-06,50,50,1.0756239041940695e-05,0.8
hidden_curvature,6,10,3,256,0.75,Greedy,1.0,1.0,0.9989760711988367,0.9989760711988367,7.782582208156334e-06,7.782588721678696e-06,50,50,1.6237060363725324e-05,1.0
hidden_curvature,6,10,3,256,0.75,Hinge,0.82,1.0,0.8179223411253504,0.9986464200636933,1.4484207505702644e-05,1.4484214019225004e-05,50,50,1.710702127351998e-05,0.6
hidden_curvature,6,10,3,256,0.75,LCRC,1.0,1.0,0.9946085399937488,0.9946085399937488,4.456591272046784e-06,4.456596610453167e-06,50,50,1.2133673448122894e-05,1.0
hidden_curvature,6,10,3,256,0.75,MA,0.9400000000000001,0.9400000000000001,0.9837237181500248,0.9837237181500248,2.2568227579979056e-06,2.256829041228647e-06,50,50,1.5261025859602025e-05,0.6
hidden_curvature,6,10,3,256,0.75,MLE,0.9199999999999999,0.9199999999999999,0.9640519784044221,0.9640519784044221,3.3527827878737643e-06,3.3527864987148436e-06,50,50,2.4342665074894573e-05,0.6
hidden_curvature,6,10,3,256,0.75,Minimax,0.5,0.5,0.5200440492707994,0.5200440492707994,1.740616965247646e-05,1.740617616599882e-05,50,50,2.28093655297995e-05,0.0
hidden_curvature,6,10,3,256,1.0,A1,0.9800000000000001,0.9800000000000001,0.9896144226603634,0.9896144226603634,2.256822757999987e-06,2.256829041230035e-06,50,50,1.526102585998922e-05,0.8
hidden_curvature,6,10,3,256,1.0,CVaR,1.0,1.0,0.9956910890364252,0.9956910890364252,1.9110932145864623e-06,1.911099580616526e-06,50,50,1.0756239041940695e-05,1.0
hidden_curvature,6,10,3,256,1.0,Greedy,1.0,1.0,0.9999560191834712,0.9999560191834712,1.1793836909991943e-05,1.1793843423514303e-05,50,50,2.2610265397068897e-05,1.0
hidden_curvature,6,10,3,256,1.0,Hinge,1.0,1.0,0.9995749356121572,0.9999686338025071,1.7332050495624113e-05,1.7332057009146474e-05,50,50,2.2808900844647344e-05,1.0
hidden_curvature,6,10,3,256,1.0,LCRC,1.0,1.0,0.9985169999114809,0.9985169999114809,4.456591272046784e-06,4.456596610453167e-06,50,50,1.2133673448122894e-05,1.0
hidden_curvature,6,10,3,256,1.0,MA,0.9800000000000001,0.9800000000000001,0.9896144226603634,0.9896144226603634,2.2568227579979056e-06,2.256829041228647e-06,50,50,1.5261025859602025e-05,0.8
hidden_curvature,6,10,3,256,1.0,MLE,0.9199999999999999,0.9199999999999999,0.9673813991981884,0.9673813991981884,3.3527827878737643e-06,3.3527864987148436e-06,50,50,2.4342665074894573e-05,0.6
hidden_curvature,6,10,3,256,1.0,Minimax,0.7,1.0,0.6578278152589829,0.9999999999999849,1.740616965247646e-05,1.740617616599882e-05,50,50,2.28093655297995e-05,0.0
hidden_curvature,6,10,6,32,0.25,A1,1.0,1.0,0.9938070968278195,0.9938070968278195,3.1649123041591064e-06,3.164918621326174e-06,50,50,5.44742990910979e-06,1.0
hidden_curvature,6,10,6,32,0.25,CVaR,0.9800000000000001,0.9800000000000001,0.9698817814106333,0.9698817814106333,3.5490148069999835e-07,3.549065172206433e-07,50,50,2.5630398410268758e-06,0.8
hidden_curvature,6,10,6,32,0.25,Greedy,1.0,1.0,0.9937626135175268,0.9937626135175268,1.563494337978588e-06,1.5635001711897244e-06,50,50,4.61150945418147e-06,1.0
hidden_curvature,6,10,6,32,0.25,Hinge,0.5599999999999999,1.0,0.5659653583374211,0.9936955685270611,5.4669321550733505e-06,5.466938668595711e-06,50,50,5.702340573035188e-06,0.4
hidden_curvature,6,10,6,32,0.25,LCRC,0.9,0.9,0.9019373296098674,0.9019373296098674,1.5046783717931332e-06,1.5046825418846277e-06,50,50,8.294144395569817e-06,0.6
hidden_curvature,6,10,6,32,0.25,MA,1.0,1.0,0.976681994300239,0.976681994300239,1.0127994148539931e-07,1.0128468476089391e-07,50,50,7.590944700965049e-07,1.0
hidden_curvature,6,10,6,32,0.25,MLE,1.0,1.0,0.9707090266491866,0.9707090266491866,3.25675736378983e-12,6.513514727579661e-12,50,50,3.2834845953289e-12,1.0
hidden_curvature,6,10,6,32,0.25,Minimax,0.0,0.0,0.0,0.0,1.740616965247646e-05,1.740617616599882e-05,50,50,2.28093655297995e-05,0.0
hidden_curvature,6,10,6,32,0.5,A1,1.0,1.0,0.9996246821879797,0.9996246821879797,5.511671446534887e-06,5.511677960057248e-06,50,50,1.1348805329058904e-05,1.0
hidden_curvature,6,10,6,32,0.5,CVaR,1.0,1.0,0.9938353736477756,0.9938353736477756,3.5490148069999835e-07,3.549065172206433e-07,50,50,2.5630398410268758e-06,1.0
hidden_curvature,6,10,6,32,0.5,Greedy,1.0,1.0,0.9996100112287026,0.9996100112287026,3.094265604875884e-06,3.0942718719789705e-06,50,50,1.0432640080886351e-05,1.0
hidden_curvature,6,10,6,32,0.5,Hinge,0.78,1.0,0.7926307346832692,0.9996212017237456,9.500282755324355e-06,9.500289268846715e-06,50,50,1.1404680723616286e-05,0.4
hidden_curvature,6,10,6,32,0.5,LCRC,0.9800000000000001,0.9800000000000001,0.9794458658986628,0.9794458658986628,1.5046783717931332e-06,1.5046825418846277e-06,50,50,8.294144395569817e-06,0.8
hidden_curvature,6,10,6,32,0.5,MA,1.0,1.0,0.9873473118613653,0.9873473118613653,1.0127994148539931e-07,1.0128468476089391e-07,50,50,7.590944700965049e-07,1.0
hidden_curvature,6,10,6,32,0.5,MLE,1.0,1.0,0.9820968700568052,0.9820968700568052,3.25675736378983e-12,6.513514727579661e-12,50,50,3.2834845953289e-12,1.0
hidden_curvature,6,10,6,32,0.5,Minimax,0.2,0.2,0.2007325599591369,0.2007325599591369,1.740616965247646e-05,1.740617616599882e-05,50,50,2.28093655297995e-05,0.0
hidden_curvature,6,10,6,32,0.75,A1,1.0,1.0,0.9999938586027121,0.9999938586027121,1.1724955120252648e-05,1.1724961633775008e-05,50,50,1.630038056335339e-05,1.0
hidden_curvature,6,10,6,32,0.75,CVaR,1.0,1.0,0.9978926155924471,0.9978926155924471,3.5490148069999835e-07,3.549065172206433e-07,50,50,2.5630398410268758e-06,1.0
hidden_curvature,6,10,6,32,0.75,Greedy,1.0,1.0,0.9999932512195153,0.9999932512195153,7.887481840783e-06,7.88748835430536e-06,50,50,1.6234028911901035e-05,1.0
hidden_curvature,6,10,6,32,0.75,Hinge,0.9800000000000001,1.0,0.979946145952653,0.9999926828759605,1.2263919406006322e-05,1.2263925919528683e-05,50,50,1.7106529345826956e-05,0.8
hidden_curvature,6,10,6,32,0.75,LCRC,1.0,1.0,0.999571886904876,0.999571886904876,1.5046783717931332e-06,1.5046825418846277e-06,50,50,8.294144395569817e-06,1.0
hidden_curvature,6,10,6,32,0.75,MA,1.0,1.0,0.9936627024422824,0.9936627024422824,1.0127994148539931e-07,1.0128468476089391e-07,50,50,7.590944700965049e-07,1.0
hidden_curvature,6,10,6,32,0.75,MLE,1.0,1.0,0.9913057340293412,0.9913057340293412,3.25675736378983e-12,6.513514727579661e-12,50,50,3.2834845953289e-12,1.0
hidden_curvature,6,10,6,32,0.75,Minimax,0.5,0.5,0.5020945663860051,0.5020945663860051,1.740616965247646e-05,1.740617616599882e-05,50,50,2.28093655297995e-05,0.0
hidden_curvature,6,10,6,32,1.0,A1,1.0,1.0,0.9993150189712431,0.9993150189712431,1.0127994147873797e-07,1.0128468475367746e-07,50,50,7.590944700729127e-07,1.0
hidden_curvature,6,10,6,32,1.0,CVaR,1.0,1.0,0.9993206306310947,0.9993206306310947,3.5490148069999835e-07,3.549065172206433e-07,50,50,2.5630398410268758e-06,1.0
hidden_curvature,6,10,6,32,1.0,Greedy,1.0,1.0,0.9999996753092437,0.9999996753092437,1.1932192720315453e-05,1.1932199233837812e-05,50,50,2.167869316034854e-05,1.0
hidden_curvature,6,10,6,32,1.0,Hinge,1.0,1.0,0.9999996747396247,0.9999996747396247,1.4849967886202547e-05,1.4849974399724904e-05,50,50,2.2754233874187556e-05,1.0
hidden_curvature,6,10,6,32,1.0,LCRC,1.0,1.0,0.9997202186219869,0.9997202186219869,1.5046783717931332e-06,1.5046825418846277e-06,50,50,8.294144395569817e-06,1.0
hidden_curvature,6,10,6,32,1.0,MA,1.0,1.0,0.9993150189712431,0.9993150189712431,1.0127994148539931e-07,1.0128468476089391e-07,50,50,7.590944700965049e-07,1.0
hidden_curvature,6,10,6,32,1.0,MLE,1.0,1.0,0.9937993669221867,0.9937993669221867,3.25675736378983e-12,6.513514727579661e-12,50,50,3.2834845953289e-12,1.0
hidden_curvature,6,10,6,32,1.0,Minimax,0.7,1.0,0.7051185050122584,1.0000000000000087,1.740616965247646e-05,1.740617616599882e-05,50,50,2.28093655297995e-05,0.0
hidden_curvature,6,10,6,256,0.25,A1,1.0,1.0,0.9994316894195521,0.9994316894195521,3.071154001967335e-06,3.0711602538971426e-06,50,50,5.447429910999946e-06,1.0
hidden_curvature,6,10,6,256,0.25,CVaR,1.0,1.0,0.9917825965003632,0.9917825965003632,2.7853098913468987e-07,2.785357849294235e-07,50,50,2.326728704002749e-06,1.0
hidden_curvature,6,10,6,256,0.25,Greedy,1.0,1.0,0.99940693798487,0.99940693798487,1.550127087362879e-06,1.550132764145673e-06,50,50,4.671653925633622e-06,1.0
hidden_curvature,6,10,6,256,0.25,Hinge,0.48,1.0,0.48057300771178574,0.998752913316061,5.332012435855931e-06,5.332018949378292e-06,50,50,5.702340569279859e-06,0.0
hidden_curvature,6,10,6,256,0.25,LCRC,0.96,0.96,0.9595815747678573,0.9595815747678573,1.0959059526226276e-06,1.0959099924234826e-06,50,50,5.132333186252599e-06,0.8
hidden_curvature,6,10,6,256,0.25,MA,1.0,1.0,0.9718592155316251,0.9718592155316251,1.3009074003367258e-07,1.3009539691966053e-07,50,50,9.974552419345727e-07,1.0
hidden_curvature,6,10,6,256,0.25,MLE,1.0,1.0,0.9718592155316251,0.9718592155316251,3.25675736378983e-12,6.513514727579661e-12,50,50,3.2834845953289e-12,1.0
hidden_curvature,6,10,6,256,0.25,Minimax,0.0,0.0,0.0,0.0,1.740616965247646e-05,1.740617616599882e-05,50,50,2.28093655297995e-05,0.0
hidden_curvature,6,10,6,256,0.5,A1,1.0,1.0,0.9997864651555322,0.9997864651555322,5.744084544864885e-06,5.744091058387246e-06,50,50,1.1381912399192196e-05,1.0
hidden_curvature,6,10,6,256,0.5,CVaR,1.0,1.0,0.998079772186026,0.998079772186026,2.7853098913468987e-07,2.785357849294235e-07,50,50,2.326728704002749e-06,1.0
hidden_curvature,6,10,6,256,0.5,Greedy,1.0,1.0,0.9997672847830295,0.9997672847830295,3.1087492281670068e-06,3.108755221344905e-06,50,50,1.100736374690242e-05,1.0
hidden_curvature,6,10,6,256,0.5,Hinge,0.8400000000000001,1.0,0.8401157752286608,0.9997861435409806,9.570079192289663e-06,9.570085705812024e-06,50,50,1.1404680436222225e-05,0.4
hidden_curvature,6,10,6,256,0.5,LCRC,1.0,1.0,0.9987775263915273,0.9987775263915273,1.0959059526226276e-06,1.0959099924234826e-06,50,50,5.132333186252599e-06,1.0
hidden_curvature,6,10,6,256,0.5,MA,1.0,1.0,0.9980797908172988,0.9980797908172988,1.3009074003367258e-07,1.3009539691966053e-07,50,50,9.974552419345727e-07,1.0
hidden_curvature,6,10,6,256,0.5,MLE,1.0,1.0,0.9778667615863762,0.9778667615863762,3.25675736378983e-12,6.513514727579661e-12,50,50,3.2834845953289e-12,1.0
hidden_curvature,6,10,6,256,0.5,Minimax,0.2,0.2,0.1974782300187783,0.1974782300187783,1.740616965247646e-05,1.740617616599882e-05,50,50,2.28093655297995e-05,0.0
hidden_curvature,6,10,6,256,0.75,A1,1.0,1.0,0.9999988750584334,0.9999988750584334,1.149781410168568e-05,1.149782061520804e-05,50,50,1.6302185990677697e-05,1.0
hidden_curvature,6,10,6,256,0.75,CVaR,1.0,1.0,0.9993409388625846,0.9993409388625846,2.7853098913468987e-07,2.785357849294235e-07,50,50,2.326728704002749e-06,1.0
hidden_curvature,6,10,6,256,0.75,Greedy,1.0,1.0,0.9999988960411207,0.9999988960411207,7.703608527257488e-06,7.703614910980203e-06,50,50,1.4635743160659738e-05,1.0
hidden_curvature,6,10,6,256,0.75,Hinge,0.96,1.0,0.9605580146945136,0.9999986965293217,1.2188726404022825e-05,1.2188732917545186e-05,50,50,1.7107010859911116e-05,0.8
hidden_curvature,6,10,6,256,0.75,LCRC,1.0,1.0,0.9996963493149668,0.9996963493149668,1.0959059526226276e-06,1.0959099924234826e-06,50,50,5.132333186252599e-06,1.0
hidden_curvature,6,10,6,256,0.75,MA,1.0,1.0,0.9988574490454921,0.9988574490454921,1.3009074003367258e-07,1.3009539691966053e-07,50,50,9.974552419345727e-07,1.0
hidden_curvature,6,10,6,256,0.75,MLE,1.0,1.0,0.992204483524287,0.992204483524287,3.25675736378983e-12,6.513514727579661e-12,50,50,3.2834845953289e-12,1.0
hidden_curvature,6,10,6,256,0.75,Minimax,0.5,0.5,0.49827890413645604,0.49827890413645604,1.740616965247646e-05,1.740617616599882e-05,50,50,2.28093655297995e-05,0.0
hidden_curvature,6,10,6,256,1.0,A1,1.0,1.0,0.9993850978177854,0.9993850978177854,1.3009074003145214e-07,1.3009539691771764e-07,50,50,9.974552419005726e-07,1.0
hidden_curvature,6,10,6,256,1.0,CVaR,1.0,1.0,0.9993850980533905,0.9993850980533905,2.7853098913468987e-07,2.785357849294235e-07,50,50,2.326728704002749e-06,1.0
hidden_curvature,6,10,6,256,1.0,Greedy,1.0,1.0,0.999999977068641,0.999999977068641,1.170952686001217e-05,1.170953337353453e-05,50,50,2.1678678498905644e-05,1.0
hidden_curvature,6,10,6,256,1.0,Hinge,1.0,1.0,0.9999999755423742,0.9999999755423742,1.4445446533587895e-05,1.4445453047110255e-05,50,50,2.2631625164486887e-05,1.0
hidden_curvature,6,10,6,256,1.0,LCRC,1.0,1.0,0.9997736954449581,0.9997736954449581,1.0959059526226276e-06,1.0959099924234826e-06,50,50,5.132333186252599e-06,1.0
hidden_curvature,6,10,6,256,1.0,MA,1.0,1.0,0.9993850978177854,0.9993850978177854,1.3009074003367258e-07,1.3009539691966053e-07,50,50,9.974552419345727e-07,1.0
hidden_curvature,6,10,6,256,1.0,MLE,1.0,1.0,0.9933876945447787,0.9933876945447787,3.25675736378983e-12,6.513514727579661e-12,50,50,3.2834845953289e-12,1.0
hidden_curvature,6,10,6,256,1.0,Minimax,0.7,1.0,0.7061216063834933,1.0000000000000215,1.740616965247646e-05,1.740617616599882e-05,50,50,2.28093655297995e-05,0.0
hidden_curvature,10,10,0,32,0.25,A1,0.2,0.2,0.200000000000001,0.200000000000001,5.700168118807219e-06,5.700174043106465e-06,50,50,1.0845334233462732e-05,0.0
hidden_curvature,10,10,0,32,0.25,CVaR,0.0,0.0,0.0,0.0,4.499929528473806e-06,4.4999354527730516e-06,50,50,7.185333333159516e-06,0.0
hidden_curvature,10,10,0,32,0.25,Greedy,0.2,0.2,0.200000000000001,0.200000000000001,4.636972543066442e-06,4.636978467365688e-06,50,50,9.506822559263162e-06,0.0
hidden_curvature,10,10,0,32,0.25,Hinge,0.0,0.1,0.0,0.1,4.277060429148937e-06,4.277066353448183e-06,50,50,8.065854168917697e-06,0.0
hidden_curvature,10,10,0,32,0.25,LCRC,0.0,0.0,0.0,0.0,5.0048888708668914e-06,5.004894795166137e-06,50,50,6.3206098667167865e-06,0.0
hidden_curvature,10,10,0,32,0.25,MA,0.1,0.1,0.1,0.1,4.277043814746723e-06,4.2770497390459685e-06,50,50,8.062451326423803e-06,0.0
hidden_curvature,10,10,0,32,0.25,MLE,0.1,0.1,0.1,0.1,8.116135425740785e-06,8.116141053272908e-06,50,50,1.768955093011531e-05,0.0
hidden_curvature,10,10,0,32,0.25,Minimax,0.0,0.0,0.0,0.0,5.0048888708668914e-06,5.004894795166137e-06,50,50,6.3206098667167865e-06,0.0
hidden_curvature,10,10,0,32,0.5,A1,0.6,0.6,0.6000000000000051,0.6000000000000051,4.321865530536318e-06,4.321871454835563e-06,50,50,7.808906805371885e-06,0.0
hidden_curvature,10,10,0,32,0.5,CVaR,0.2,0.2,0.200000000000001,0.200000000000001,4.499929528473806e-06,4.4999354527730516e-06,50,50,7.185333333159516e-06,0.0
hidden_curvature,10,10,0,32,0.5,Greedy,0.4,0.4,0.400000000000003,0.400000000000003,4.279401581315511e-06,4.279407505614757e-06,50,50,7.948602615874545e-06,0.0
hidden_curvature,10,10,0,32,0.5,Hinge,0.1,0.4,0.1,0.400000000000003,4.3390346831873036e-06,4.339040607486549e-06,50,50,7.456360224637748e-06,0.0
hidden_curvature,10,10,0,32,0.5,LCRC,0.0,0.0,0.0,0.0,5.0048888708668914e-06,5.004894795166137e-06,50,50,6.3206098667167865e-06,0.0
hidden_curvature,10,10,0,32,0.5,MA,0.3,0.3,0.30000000000000204,0.30000000000000204,4.277043814746723e-06,4.2770497390459685e-06,50,50,8.062451326423803e-06,0.0
hidden_curvature,10,10,0,32,0.5,MLE,0.1,0.1,0.1,0.1,8.116135425740785e-06,8.116141053272908e-06,50,50,1.768955093011531e-05,0.0
hidden_curvature,10,10,0,32,0.5,Minimax,0.0,0.0,0.0,0.0,5.0048888708668914e-06,5.004894795166137e-06,50,50,6.3206098667167865e-06,0.0
hidden_curvature,10,10,0,32,0.75,A1,0.8,0.8,0.8000000000000071,0.8000000000000071,4.55412751800277e-06,4.5541334423020165e-06,50,50,8.939225544943308e-06,0.0
hidden_curvature,10,10,0,32,0.75,CVaR,0.7,0.7,0.7000000000000061,0.7000000000000061,4.499929528473806e-06,4.4999354527730516e-06,50,50,7.185333333159516e-06,0.0
hidden_curvature,10,10,0,32,0.75,Greedy,0.8,0.8,0.8000000000000071,0.8000000000000071,4.5541275180083215e-06,4.554133442307567e-06,50,50,8.939223032085329e-06,0.0
hidden_curvature,10,10,0,32,0.75,Hinge,0.6,0.7,0.6000000000000051,0.7000000000000061,4.854388132326942e-06,4.854394056626187e-06,50,50,6.489166456027928e-06,0.0
hidden_curvature,10,10,0,32,0.75,LCRC,0.5,0.5,0.500000000000004,0.500000000000004,5.0048888708668914e-06,5.004894795166137e-06,50,50,6.3206098667167865e-06,0.0
hidden_curvature,10,10,0,32,0.75,MA,0.7,0.7,0.7000000000000061,0.7000000000000061,4.277043814746723e-06,4.2770497390459685e-06,50,50,8.062451326423803e-06,0.0
hidden_curvature,10,10,0,32,0.75,MLE,0.2,0.2,0.200000000000001,0.200000000000001,8.116135425740785e-06,8.116141053272908e-06,50,50,1.768955093011531e-05,0.0
hidden_curvature,10,10,0,32,0.75,Minimax,0.5,0.5,0.500000000000004,0.500000000000004,5.0048888708668914e-06,5.004894795166137e-06,50,50,6.3206098667167865e-06,0.0
hidden_curvature,10,10,0,32,1.0,A1,0.8,0.8,0.8000000000000071,0.8000000000000071,4.277043814755048e-06,4.277049739054295e-06,50,50,8.062451326021345e-06,0.0
hidden_curvature,10,10,0,32,1.0,CVaR,0.8,0.8,0.8000000000000071,0.8000000000000071,4.499929528473806e-06,4.4999354527730516e-06,50,50,7.185333333159516e-06,0.0
hidden_curvature,10,10,0,32,1.0,Greedy,0.9,0.9,0.900000000000008,0.900000000000008,4.3137654152980435e-06,4.313771339597288e-06,50,50,8.37460953178465e-06,0.0
hidden_curvature,10,10,0,32,1.0,Hinge,0.7,0.9,0.7000000000000061,0.900000000000008,5.004883615580824e-06,5.004889539880069e-06,50,50,6.320614951413339e-06,0.0
hidden_curvature,10,10,0,32,1.0,LCRC,0.7,1.0,0.7000000000000061,1.000000000000009,5.0048888708668914e-06,5.004894795166137e-06,50,50,6.3206098667167865e-06,0.0
hidden_curvature,10,10,0,32,1.0,MA,0.8,0.8,0.8000000000000071,0.8000000000000071,4.277043814746723e-06,4.2770497390459685e-06,50,50,8.062451326423803e-06,0.0
hidden_curvature,10,10,0,32,1.0,MLE,0.4,0.4,0.400000000000003,0.400000000000003,8.116135425740785e-06,8.116141053272908e-06,50,50,1.768955093011531e-05,0.0
hidden_curvature,10,10,0,32,1.0,Minimax,0.7,1.0,0.7000000000000061,1.000000000000009,5.0048888708668914e-06,5.004894795166137e-06,50,50,6.3206098667167865e-06,0.0
hidden_curvature,10,10,0,256,0.25,A1,0.2,0.2,0.20000000000002402,0.20000000000002402,5.700168118939751e-06,5.700174043238997e-06,50,50,1.08453320551427e-05,0.0
hidden_curvature,10,10,0,256,0.25,CVaR,0.0,0.0,0.0,0.0,4.499929528659074e-06,4.49993545295832e-06,50,50,7.185333333707688e-06,0.0
hidden_curvature,10,10,0,256,0.25,Greedy,0.2,0.2,0.20000000000002402,0.20000000000002402,4.636972543034523e-06,4.636978467333769e-06,50,50,9.506822558860706e-06,0.0
hidden_curvature,10,10,0,256,0.25,Hinge,0.0,0.1,0.0,0.10000000000001201,4.27706042913506e-06,4.2770663534343055e-06,50,50,8.065854169098108e-06,0.0
hidden_curvature,10,10,0,256,0.25,LCRC,0.0,0.0,0.0,0.0,5.004889132326218e-06,5.0048950566254635e-06,50,50,6.3206098667167865e-06,0.0
hidden_curvature,10,10,0,256,0.25,MA,0.1,0.1,0.10000000000001201,0.10000000000001201,4.2770438147543555e-06,4.277049739053601e-06,50,50,8.062451326423803e-06,0.0
hidden_curvature,10,10,0,256,0.25,MLE,0.1,0.1,0.10000000000001201,0.10000000000001201,8.116135425740785e-06,8.116141053272908e-06,50,50,1.768955093011531e-05,0.0
hidden_curvature,10,10,0,256,0.25,Minimax,0.0,0.0,0.0,0.0,5.004889132326218e-06,5.0048950566254635e-06,50,50,6.3206098667167865e-06,0.0
hidden_curvature,10,10,0,256,0.5,A1,0.6,0.6,0.600000000000073,0.600000000000073,4.321865530543257e-06,4.321871454842502e-06,50,50,7.808906805455151e-06,0.0
hidden_curvature,10,10,0,256,0.5,CVaR,0.2,0.2,0.20000000000002402,0.20000000000002402,4.499929528659074e-06,4.49993545295832e-06,50,50,7.185333333707688e-06,0.0
hidden_curvature,10,10,0,256,0.5,Greedy,0.4,0.4,0.40000000000004904,0.40000000000004904,4.279401581300246e-06,4.2794075055994915e-06,50,50,7.948602615832911e-06,0.0
hidden_curvature,10,10,0,256,0.5,Hinge,0.1,0.4,0.10000000000001201,0.40000000000004904,4.3390346831942425e-06,4.339040607493488e-06,50,50,7.456360224637748e-06,0.0
hidden_curvature,10,10,0,256,0.5,LCRC,0.0,0.0,0.0,0.0,5.004889132326218e-06,5.0048950566254635e-06,50,50,6.3206098667167865e-06,0.0
hidden_curvature,10,10,0,256,0.5,MA,0.3,0.3,0.300000000000037,0.300000000000037,4.2770438147543555e-06,4.277049739053601e-06,50,50,8.062451326423803e-06,0.0
hidden_curvature,10,10,0,256,0.5,MLE,0.1,0.1,0.10000000000001201,0.10000000000001201,8.116135425740785e-06,8.116141053272908e-06,50,50,1.768955093011531e-05,0.0
hidden_curvature,10,10,0,256,0.5,Minimax,0.0,0.0,0.0,0.0,5.004889132326218e-06,5.0048950566254635e-06,50,50,6.3206098667167865e-06,0.0
hidden_curvature,10,10,0,256,0.75,A1,0.8,0.8,0.8000000000000981,0.8000000000000981,4.554127518029832e-06,4.5541334423290775e-06,50,50,8.939229379514857e-06,0.0
hidden_curvature,10,10,0,256,0.75,CVaR,0.7,0.7,0.7000000000000861,0.7000000000000861,4.499929528659074e-06,4.49993545295832e-06,50,50,7.185333333707688e-06,0.0
hidden_curvature,10,10,0,256,0.75,Greedy,0.8,0.8,0.8000000000000981,0.8000000000000981,4.554127517999994e-06,4.554133442299241e-06,50,50,8.939223032661259e-06,0.0
hidden_curvature,10,10,0,256,0.75,Hinge,0.6,0.7,0.600000000000073,0.7000000000000861,4.854388132011916e-06,4.854394056311162e-06,50,50,6.489166455590778e-06,0.0
hidden_curvature,10,10,0,256,0.75,LCRC,0.5,0.5,0.5000000000000611,0.5000000000000611,5.004889132326218e-06,5.0048950566254635e-06,50,50,6.3206098667167865e-06,0.0
hidden_curvature,10,10,0,256,0.75,MA,0.7,0.7,0.7000000000000861,0.7000000000000861,4.2770438147543555e-06,4.277049739053601e-06,50,50,8.062451326423803e-06,0.0
hidden_curvature,10,10,0,256,0.75,MLE,0.2,0.2,0.20000000000002402,0.20000000000002402,8.116135425740785e-06,8.116141053272908e-06,50,50,1.768955093011531e-05,0.0
hidden_curvature,10,10,0,256,0.75,Minimax,0.5,0.5,0.5000000000000611,0.5000000000000611,5.004889132326218e-06,5.0048950566254635e-06,50,50,6.3206098667167865e-06,0.0
hidden_curvature,10,10,0,256,1.0,A1,0.8,0.8,0.8000000000000981,0.8000000000000981,4.2770438147501915e-06,4.277049739049438e-06,50,50,8.062451326021345e-06,0.0
hidden_curvature,10,10,0,256,1.0,CVaR,0.8,0.8,0.8000000000000981,0.8000000000000981,4.499929528659074e-06,4.49993545295832e-06,50,50,7.185333333707688e-06,0.0
hidden_curvature,10,10,0,256,1.0,Greedy,0.9,0.9,0.9000000000001102,0.9000000000001102,4.313765654624657e-06,4.313771578923902e-06,50,50,8.374636648468547e-06,0.0
hidden_curvature,10,10,0,256,1.0,Hinge,0.7,0.9,0.7000000000000861,0.9000000000001102,5.004883615083998e-06,5.004889539383244e-06,50,50,6.320614951364767e-06,0.0
hidden_curvature,10,10,0,256,1.0,LCRC,0.7,1.0,0.7000000000000861,1.000000000000123,5.004889132326218e-06,5.0048950566254635e-06,50,50,6.3206098667167865e-06,0.0
hidden_curvature,10,10,0,256,1.0,MA,0.8,0.8,0.8000000000000981,0.8000000000000981,4.2770438147543555e-06,4.277049739053601e-06,50,50,8.062451326423803e-06,0.0
hidden_curvature,10,10,0,256,1.0,MLE,0.4,0.4,0.40000000000004904,0.40000000000004904,8.116135425740785e-06,8.116141053272908e-06,50,50,1.768955093011531e-05,0.0
hidden_curvature,10,10,0,256,1.0,Minimax,0.7,1.0,0.7000000000000861,1.000000000000123,5.004889132326218e-06,5.0048950566254635e-06,50,50,6.3206098667167865e-06,0.0
hidden_curvature,10,10,1,32,0.25,A1,0.4800000000000001,0.4800000000000001,0.5117283861147436,0.5117283861147436,4.208428338343811e-06,4.208434262643057e-06,50,50,1.0247914164833967e-05,0.2
hidden_curvature,10,10,1,32,0.25,CVaR,0.02,0.02,0.048675688907191525,0.048675688907191525,4.080649291021976e-06,4.080655215321222e-06,50,50,8.864243391568447e-06,0.0
hidden_curvature,10,10,1,32,0.25,Greedy,0.52,0.52,0.4749069904264568,0.4749069904264568,3.819408210380265e-06,3.81941413467951e-06,50,50,1.0247914164833967e-05,0.2
hidden_curvature,10,10,1,32,0.25,Hinge,0.0,0.22000000000000003,0.015401367785351002,0.2847870556291966,3.7259679963201614e-06,3.725973920619407e-06,50,50,9.27812063556305e-06,0.0
hidden_curvature,10,10,1,32,0.25,LCRC,0.0,0.0,0.0,0.0,4.9037707813968935e-06,4.903776705696139e-06,50,50,6.3206098667167865e-06,0.0
hidden_curvature,10,10,1,32,0.25,MA,0.22000000000000003,0.22000000000000003,0.29176421780873346,0.29176421780873346,3.7410562216334815e-06,3.741062145932727e-06,50,50,1.0247914153053459e-05,0.0
hidden_curvature,10,10,1,32,0.25,MLE,0.45999999999999996,0.45999999999999996,0.4092163441930744,0.4092163441930744,5.147471881646464e-06,5.147476444005705e-06,50,50,1.4927076818062148e-05,0.0
hidden_curvature,10,10,1,32,0.25,Minimax,0.0,0.0,0.0,0.0,5.004889132326218e-06,5.0048950566254635e-06,50,50,6.3206098667167865e-06,0.0
hidden_curvature,10,10,1,32,0.5,A1,0.74,0.74,0.7836988459188979,0.7836988459188979,3.994690544784212e-06,3.994696469083458e-06,50,50,9.864478206690608e-06,0.2
hidden_curvature,10,10,1,32,0.5,CVaR,0.36,0.36,0.4303249048215413,0.4303249048215413,4.080649291021976e-06,4.080655215321222e-06,50,50,8.864243391568447e-06,0.0
hidden_curvature,10,10,1,32,0.5,Greedy,0.6799999999999999,0.6799999999999999,0.717001852498778,0.717001852498778,3.980845881073474e-06,3.98085180537272e-06,50,50,1.0634435300058486e-05,0.2
hidden_curvature,10,10,1,32,0.5,Hinge,0.12,0.62,0.2347872660050781,0.6507085277404644,4.0697407334495945e-06,4.06974665774884e-06,50,50,8.442731425699692e-06,0.0
hidden_curvature,10,10,1,32,0.5,LCRC,0.02,0.02,0.03443821756609032,0.03443821756609032,4.9037707813968935e-06,4.903776705696139e-06,50,50,6.3206098667167865e-06,0.0
hidden_curvature,10,10,1,32,0.5,MA,0.52,0.52,0.5633817241029411,0.5633817241029411,3.7410562216334815e-06,3.741062145932727e-06,50,50,1.0247914153053459e-05,0.0
hidden_curvature,10,10,1,32,0.5,MLE,0.48,0.48,0.44945512350913586,0.44945512350913586,5.147471881646464e-06,5.147476444005705e-06,50,50,1.4927076818062148e-05,0.2
hidden_curvature,10,10,1,32,0.5,Minimax,0.0,0.0,0.0,0.0,5.004889132326218e-06,5.0048950566254635e-06,50,50,6.3206098667167865e-06,0.0
hidden_curvature,10,10,1,32,0.75,A1,0.8400000000000001,0.8400000000000001,0.9280518438942463,0.9280518438942463,4.1694555437776786e-06,4.169461468076923e-06,50,50,9.294490742438666e-06,0.4
hidden_curvature,10,10,1,32,0.75,CVaR,0.78,0.78,0.83767569223462,0.83767569223462,4.080649291021976e-06,4.080655215321222e-06,50,50,8.864243391568447e-06,0.4
hidden_curvature,10,10,1,32,0.75,Greedy,0.82,0.82,0.9094669220933543,0.9094669220933543,4.08527485384294e-06,4.0852807781421855e-06,50,50,9.912587634307294e-06,0.4
hidden_curvature,10,10,1,32,0.75,Hinge,0.48,0.8400000000000001,0.4802989769298627,0.9068874999840343,4.683507903819467e-06,4.683513828118712e-06,50,50,6.951578673452043e-06,0.0
hidden_curvature,10,10,1,32,0.75,LCRC,0.54,0.54,0.5186740789650213,0.5186740789650213,4.9037707813968935e-06,4.903776705696139e-06,50,50,6.3206098667167865e-06,0.0
hidden_curvature,10,10,1,32,0.75,MA,0.72,0.72,0.7788400558798205,0.7788400558798205,3.7410562216334815e-06,3.741062145932727e-06,50,50,1.0247914153053459e-05,0.2
hidden_curvature,10,10,1,32,0.75,MLE,0.52,0.52,0.4857636338338983,0.4857636338338983,5.147471881646464e-06,5.147476444005705e-06,50,50,1.4927076818062148e-05,0.2
hidden_curvature,10,10,1,32,0.75,Minimax,0.5,0.5,0.5165128742530025,0.5165128742530025,5.004889132326218e-06,5.0048950566254635e-06,50,50,6.3206098667167865e-06,0.0
hidden_curvature,10,10,1,32,1.0,A1,0.8400000000000001,0.8400000000000001,0.8777404916833372,0.8777404916833372,3.741056221627236e-06,3.7410621459264824e-06,50,50,1.0247914153127008e-05,0.4
hidden_curvature,10,10,1,32,1.0,CVaR,0.86,0.86,0.9268045217611312,0.9268045217611312,4.080649291021976e-06,4.080655215321222e-06,50,50,8.864243391568447e-06,0.4
hidden_curvature,10,10,1,32,1.0,Greedy,0.9800000000000001,0.9800000000000001,0.9820473266349656,0.9820473266349656,3.7224892455353653e-06,3.722495169834611e-06,50,50,6.320601008621973e-06,0.8
hidden_curvature,10,10,1,32,1.0,Hinge,0.7,0.9800000000000001,0.7099515832587405,0.982435254855473,5.004853889174765e-06,5.004859813474011e-06,50,50,6.320606939739723e-06,0.0
hidden_curvature,10,10,1,32,1.0,LCRC,0.74,1.0,0.7951360521993536,0.9992356820019287,4.9037707813968935e-06,4.903776705696139e-06,50,50,6.3206098667167865e-06,0.0
hidden_curvature,10,10,1,32,1.0,MA,0.8400000000000001,0.8400000000000001,0.8777404916833372,0.8777404916833372,3.7410562216334815e-06,3.741062145932727e-06,50,50,1.0247914153053459e-05,0.4
hidden_curvature,10,10,1,32,1.0,MLE,0.64,0.64,0.5618921446930836,0.5618921446930836,5.147471881646464e-06,5.147476444005705e-06,50,50,1.4927076818062148e-05,0.4
hidden_curvature,10,10,1,32,1.0,Minimax,0.7,1.0,0.7099515832587405,0.9999999999999982,5.004889132326218e-06,5.0048950566254635e-06,50,50,6.3206098667167865e-06,0.0
hidden_curvature,10,10,1,256,0.25,A1,0.4,0.4,0.48055627373236554,0.48055627373236554,4.07338207177671e-06,4.073387996075956e-06,50,50,9.08173994602114e-06,0.2
hidden_curvature,10,10,1,256,0.25,CVaR,0.1,0.1,0.09842879786915981,0.09842879786915981,3.736785008391641e-06,3.7367909326908867e-06,50,50,6.447419252798325e-06,0.0
hidden_curvature,10,10,1,256,0.25,Greedy,0.42000000000000004,0.42000000000000004,0.4457034856039985,0.4457034856039985,3.693816816652262e-06,3.6938227409515077e-06,50,50,9.304224232669492e-06,0.2
hidden_curvature,10,10,1,256,0.25,Hinge,0.0,0.22000000000000003,0.008935460942919141,0.1997352481401148,3.5017114068872085e-06,3.501717331186454e-06,50,50,6.9564395935296065e-06,0.0
hidden_curvature,10,10,1,256,0.25,LCRC,0.0,0.0,0.0,0.0,4.850144991093291e-06,4.850150915392537e-06,50,50,6.320609866710541e-06,0.0
hidden_curvature,10,10,1,256,0.25,MA,0.22000000000000003,0.22000000000000003,0.19653018793485877,0.19653018793485877,3.3513747740779304e-06,3.351380698377177e-06,50,50,7.66584398380308e-06,0.0
hidden_curvature,10,10,1,256,0.25,MLE,0.42000000000000004,0.42000000000000004,0.406652060390412,0.406652060390412,6.256184264586822e-06,6.256188944585155e-06,50,50,1.647321367645709e-05,0.2
hidden_curvature,10,10,1,256,0.25,Minimax,0.0,0.0,0.0,0.0,5.004889132326218e-06,5.0048950566254635e-06,50,50,6.3206098667167865e-06,0.0
hidden_curvature,10,10,1,256,0.5,A1,0.76,0.76,0.7438031321303755,0.7438031321303755,3.7455303573485916e-06,3.7455362816478377e-06,50,50,7.5511287632506665e-06,0.4
hidden_curvature,10,10,1,256,0.5,CVaR,0.38,0.38,0.340934246262388,0.340934246262388,3.736785008391641e-06,3.7367909326908867e-06,50,50,6.447419252798325e-06,0.0
hidden_curvature,10,10,1,256,0.5,Greedy,0.6799999999999999,0.6799999999999999,0.6697940329105224,0.6697940329105224,3.6900257372460274e-06,3.690031661545273e-06,50,50,8.683047332536107e-06,0.4
hidden_curvature,10,10,1,256,0.5,Hinge,0.18,0.6,0.1404929449586888,0.5831922053592061,3.833774001418544e-06,3.83377992571779e-06,50,50,6.399511256030206e-06,0.0
hidden_curvature,10,10,1,256,0.5,LCRC,0.06000000000000001,0.06000000000000001,0.026934535138706785,0.026934535138706785,4.850144991093291e-06,4.850150915392537e-06,50,50,6.320609866710541e-06,0.0
hidden_curvature,10,10,1,256,0.5,MA,0.58,0.58,0.5224916662188127,0.5224916662188127,3.3513747740779304e-06,3.351380698377177e-06,50,50,7.66584398380308e-06,0.2
hidden_curvature,10,10,1,256,0.5,MLE,0.42000000000000004,0.42000000000000004,0.4323231786472557,0.4323231786472557,6.256184264586822e-06,6.256188944585155e-06,50,50,1.647321367645709e-05,0.2
hidden_curvature,10,10,1,256,0.5,Minimax,0.0,0.0,0.0,0.0,5.004889132326218e-06,5.0048950566254635e-06,50,50,6.3206098667167865e-06,0.0
hidden_curvature,10,10,1,256,0.75,A1,0.9400000000000001,0.9400000000000001,0.9131629978698882,0.9131629978698882,3.7415786977953995e-06,3.741584622094646e-06,50,50,5.488514355590601e-06,0.8
hidden_curvature,10,10,1,256,0.75,CVaR,0.78,0.78,0.787628242539506,0.787628242539506,3.736785008391641e-06,3.7367909326908867e-06,50,50,6.447419252798325e-06,0.6
hidden_curvature,10,10,1,256,0.75,Greedy,0.8800000000000001,0.8800000000000001,0.8867735036652202,0.8867735036652202,3.7662984881678403e-06,3.766304412467086e-06,50,50,7.013911056776182e-06,0.6
hidden_curvature,10,10,1,256,0.75,Hinge,0.38,0.86,0.3764756301188886,0.8692938991749181,4.426917633358618e-06,4.426923557657864e-06,50,50,5.583179615828437e-06,0.0
hidden_curvature,10,10,1,256,0.75,LCRC,0.48,0.48,0.4332595794349407,0.4332595794349407,4.850144991093291e-06,4.850150915392537e-06,50,50,6.320609866710541e-06,0.0
hidden_curvature,10,10,1,256,0.75,MA,0.76,0.76,0.7589915036863972,0.7589915036863972,3.3513747740779304e-06,3.351380698377177e-06,50,50,7.66584398380308e-06,0.4
hidden_curvature,10,10,1,256,0.75,MLE,0.44000000000000006,0.44000000000000006,0.45033912185648833,0.45033912185648833,6.256184264586822e-06,6.256188944585155e-06,50,50,1.647321367645709e-05,0.2
hidden_curvature,10,10,1,256,0.75,Minimax,0.5,0.5,0.475095846523719,0.475095846523719,5.004889132326218e-06,5.0048950566254635e-06,50,50,6.3206098667167865e-06,0.0
hidden_curvature,10,10,1,256,1.0,A1,0.9,0.9,0.8739925760587516,0.8739925760587516,3.3513747740836203e-06,3.351380698382867e-06,50,50,7.665843983858245e-06,0.6
hidden_curvature,10,10,1,256,1.0,CVaR,0.9400000000000001,0.9400000000000001,0.9309579760926905,0.9309579760926905,3.736785008391641e-06,3.7367909326908867e-06,50,50,6.447419252798325e-06,0.6
hidden_curvature,10,10,1,256,1.0,Greedy,0.9800000000000001,0.9800000000000001,0.9802944100833182,0.9802944100833182,3.7782216541196172e-06,3.7782275784188637e-06,50,50,6.320601006310627e-06,0.8
hidden_curvature,10,10,1,256,1.0,Hinge,0.72,0.9800000000000001,0.6707076629809009,0.9818451007193666,5.004898881056929e-06,5.0049048053561745e-06,50,50,6.3206069394833305e-06,0.0
hidden_curvature,10,10,1,256,1.0,LCRC,0.8,1.0,0.785454554512033,0.9992602288689694,4.850144991093291e-06,4.850150915392537e-06,50,50,6.320609866710541e-06,0.2
hidden_curvature,10,10,1,256,1.0,MA,0.9,0.9,0.8739925760587516,0.8739925760587516,3.3513747740779304e-06,3.351380698377177e-06,50,50,7.66584398380308e-06,0.6
hidden_curvature,10,10,1,256,1.0,MLE,0.5,0.5,0.5091556813805863,0.5091556813805863,6.256184264586822e-06,6.256188944585155e-06,50,50,1.647321367645709e-05,0.2
hidden_curvature,10,10,1,256,1.0,Minimax,0.7,1.0,0.6522975189325293,0.9999999999999915,5.004889132326218e-06,5.0048950566254635e-06,50,50,6.3206098667167865e-06,0.0
hidden_curvature,10,10,3,32,0.25,A1,0.8200000000000001,0.8200000000000001,0.7733881137601468,0.7733881137601468,1.822906672140356e-06,1.8229125964396015e-06,50,50,5.461804708151336e-06,0.4
hidden_curvature,10,10,3,32,0.25,CVaR,0.54,0.54,0.5113828563220212,0.5113828563220212,1.63765006433253e-06,1.6376559886317752e-06,50,50,4.217415327412327e-06,0.2
hidden_curvature,10,10,3,32,0.25,Greedy,0.8,0.8,0.7577820288893413,0.7577820288893413,1.54842136874056e-06,1.5484272930398055e-06,50,50,5.586124483575834e-06,0.6
hidden_curvature,10,10,3,32,0.25,Hinge,0.0,0.64,2.8544889449659998e-05,0.6325077603288565,2.090951372010624e-06,2.0909572963098697e-06,50,50,3.913414663847016e-06,0.0
hidden_curvature,10,10,3,32,0.25,LCRC,0.06000000000000001,0.06000000000000001,0.05970034101857944,0.05970034101857944,3.5185395219752834e-06,3.518545328242278e-06,50,50,5.437636747675222e-06,0.0
hidden_curvature,10,10,3,32,0.25,MA,0.64,0.64,0.618661673823666,0.618661673823666,1.3919506402823579e-06,1.3919565645816035e-06,50,50,4.902784678712661e-06,0.2
hidden_curvature,10,10,3,32,0.25,MLE,0.76,0.76,0.7181765142097782,0.7181765142097782,2.094407695717587e-06,2.0944113684603916e-06,50,50,1.1165101741421664e-05,0.6
hidden_curvature,10,10,3,32,0.25,Minimax,0.0,0.0,0.0,0.0,5.004889132326218e-06,5.0048950566254635e-06,50,50,6.3206098667167865e-06,0.0
hidden_curvature,10,10,3,32,0.5,A1,0.9199999999999999,0.9199999999999999,0.9218637808409424,0.9218637808409424,2.891602855577685e-06,2.8916087798769304e-06,50,50,4.71348584905086e-06,0.6
hidden_curvature,10,10,3,32,0.5,CVaR,0.82,0.82,0.7901690331950567,0.7901690331950567,1.63765006433253e-06,1.6376559886317752e-06,50,50,4.217415327412327e-06,0.4
hidden_curvature,10,10,3,32,0.5,Greedy,0.9400000000000001,0.9400000000000001,0.9061303509293909,0.9061303509293909,1.9789622003295315e-06,1.978968124628777e-06,50,50,3.952292527021994e-06,0.8
hidden_curvature,10,10,3,32,0.5,Hinge,0.22000000000000003,0.9,0.20321580269777306,0.8683350318658422,3.108643335849176e-06,3.1086492601484215e-06,50,50,3.5419571825064787e-06,0.0
hidden_curvature,10,10,3,32,0.5,LCRC,0.36,0.36,0.36883762384138785,0.36883762384138785,3.5185395219752834e-06,3.518545328242278e-06,50,50,5.437636747675222e-06,0.0
hidden_curvature,10,10,3,32,0.5,MA,0.82,0.82,0.7737429942954067,0.7737429942954067,1.3919506402823579e-06,1.3919565645816035e-06,50,50,4.902784678712661e-06,0.6
hidden_curvature,10,10,3,32,0.5,MLE,0.8,0.8,0.7367938287173671,0.7367938287173671,2.094407695717587e-06,2.0944113684603916e-06,50,50,1.1165101741421664e-05,0.6
hidden_curvature,10,10,3,32,0.5,Minimax,0.0,0.0,0.0,0.0,5.004889132326218e-06,5.0048950566254635e-06,50,50,6.3206098667167865e-06,0.0
hidden_curvature,10,10,3,32,0.75,A1,0.9800000000000001,0.9800000000000001,0.9797338750041147,0.9797338750041147,3.153843312660997e-06,3.1538492369602428e-06,50,50,4.74044926887518e-06,0.8
hidden_curvature,10,10,3,32,0.75,CVaR,0.96,0.96,0.9196942934475512,0.9196942934475512,1.63765006433253e-06,1.6376559886317752e-06,50,50,4.217415327412327e-06,0.8
hidden_curvature,10,10,3,32,0.75,Greedy,0.9800000000000001,0.9800000000000001,0.9716098749397716,0.9716098749397716,2.6942290275110136e-06,2.6942349518102592e-06,50,50,4.740449233790745e-06,0.8
hidden_curvature,10,10,3,32,0.75,Hinge,0.5,0.9800000000000001,0.5338887135440695,0.976064786630834,4.2298682235164525e-06,4.229874147815698e-06,50,50,4.7404551921632544e-06,0.0
hidden_curvature,10,10,3,32,0.75,LCRC,0.76,0.76,0.7866920388740852,0.7866920388740852,3.5185395219752834e-06,3.518545328242278e-06,50,50,5.437636747675222e-06,0.2
hidden_curvature,10,10,3,32,0.75,MA,0.9400000000000001,0.9400000000000001,0.8975187024274041,0.8975187024274041,1.3919506402823579e-06,1.3919565645816035e-06,50,50,4.902784678712661e-06,0.8
hidden_curvature,10,10,3,32,0.75,MLE,0.82,0.82,0.7501611600808233,0.7501611600808233,2.094407695717587e-06,2.0944113684603916e-06,50,50,1.1165101741421664e-05,0.6
hidden_curvature,10,10,3,32,0.75,Minimax,0.5,0.5,0.5484870669617323,0.5484870669617323,5.004889132326218e-06,5.0048950566254635e-06,50,50,6.3206098667167865e-06,0.0
hidden_curvature,10,10,3,32,1.0,A1,0.9800000000000001,0.9800000000000001,0.947267660068148,0.947267660068148,1.3919506402773616e-06,1.3919565645766073e-06,50,50,4.902784678183223e-06,0.8
hidden_curvature,10,10,3,32,1.0,CVaR,1.0,1.0,0.9721527280160561,0.9721527280160561,1.63765006433253e-06,1.6376559886317752e-06,50,50,4.217415327412327e-06,1.0
hidden_curvature,10,10,3,32,1.0,Greedy,1.0,1.0,0.999044657860091,0.999044657860091,2.728090006403755e-06,2.728095930703e-06,50,50,5.0296463970648376e-06,1.0
hidden_curvature,10,10,3,32,1.0,Hinge,0.82,1.0,0.8461313946141222,0.9992185625574607,5.00345652890588e-06,5.0034624532051265e-06,50,50,6.320606932967362e-06,0.0
hidden_curvature,10,10,3,32,1.0,LCRC,1.0,1.0,0.9918255054514363,0.9971312587858521,3.5185395219752834e-06,3.518545328242278e-06,50,50,5.437636747675222e-06,1.0
hidden_curvature,10,10,3,32,1.0,MA,0.9800000000000001,0.9800000000000001,0.947267660068148,0.947267660068148,1.3919506402823579e-06,1.3919565645816035e-06,50,50,4.902784678712661e-06,0.8
hidden_curvature,10,10,3,32,1.0,MLE,0.82,0.82,0.7818660000793171,0.7818660000793171,2.094407695717587e-06,2.0944113684603916e-06,50,50,1.1165101741421664e-05,0.6
hidden_curvature,10,10,3,32,1.0,Minimax,0.7,1.0,0.720838777183866,0.9999999999999941,5.004889132326218e-06,5.0048950566254635e-06,50,50,6.3206098667167865e-06,0.0
hidden_curvature,10,10,3,256,0.25,A1,0.76,0.76,0.7953525936199725,0.7953525936199725,2.533686295515813e-06,2.533692219815059e-06,50,50,1.1916929357733136e-05,0.6
hidden_curvature,10,10,3,256,0.25,CVaR,0.52,0.52,0.5194115846340672,0.5194115846340672,2.043776308000705e-06,2.0437822322999506e-06,50,50,7.2014863747032545e-06,0.2
hidden_curvature,10,10,3,256,0.25,Greedy,0.74,0.74,0.7824920454512957,0.7824920454512957,2.108432227162643e-06,2.1084381514618888e-06,50,50,1.0752786184590148e-05,0.4
hidden_curvature,10,10,3,256,0.25,Hinge,0.0,0.6799999999999999,0.01882601082782882,0.6551724932052769,2.45654508032031e-06,2.456551004619556e-06,50,50,6.151037034490651e-06,0.0
hidden_curvature,10,10,3,256,0.25,LCRC,0.06000000000000001,0.06000000000000001,0.05952018868886298,0.05952018868886298,3.590171332833319e-06,3.590177079055429e-06,50,50,5.468660036284448e-06,0.0
hidden_curvature,10,10,3,256,0.25,MA,0.6799999999999999,0.6799999999999999,0.6410895001624196,0.6410895001624196,1.8237247172968317e-06,1.8237306415960773e-06,50,50,9.090049735352766e-06,0.2
hidden_curvature,10,10,3,256,0.25,MLE,0.72,0.72,0.7500560558973214,0.7500560558973214,3.202367570193099e-06,3.2023713614819095e-06,50,50,1.6341628944469e-05,0.4
hidden_curvature,10,10,3,256,0.25,Minimax,0.0,0.0,0.0,0.0,5.004889132326218e-06,5.0048950566254635e-06,50,50,6.3206098667167865e-06,0.0
hidden_curvature,10,10,3,256,0.5,A1,0.9,0.9,0.929442386062278,0.929442386062278,3.098580252553079e-06,3.098586176852325e-06,50,50,8.62254678642201e-06,0.6
hidden_curvature,10,10,3,256,0.5,CVaR,0.8400000000000001,0.8400000000000001,0.8188737184999292,0.8188737184999292,2.043776308000705e-06,2.0437822322999506e-06,50,50,7.2014863747032545e-06,0.6
hidden_curvature,10,10,3,256,0.5,Greedy,0.86,0.86,0.9130838251654699,0.9130838251654699,2.695843641907502e-06,2.695849566206748e-06,50,50,8.511286890512654e-06,0.6
hidden_curvature,10,10,3,256,0.5,Hinge,0.13999999999999999,0.8800000000000001,0.14635750003683393,0.898188611641641,3.3312159947972145e-06,3.331221919096461e-06,50,50,5.24646045310158e-06,0.0
hidden_curvature,10,10,3,256,0.5,LCRC,0.36,0.36,0.34123322532728145,0.34123322532728145,3.590171332833319e-06,3.590177079055429e-06,50,50,5.468660036284448e-06,0.0
hidden_curvature,10,10,3,256,0.5,MA,0.82,0.82,0.8252007443582927,0.8252007443582927,1.8237247172968317e-06,1.8237306415960773e-06,50,50,9.090049735352766e-06,0.6
hidden_curvature,10,10,3,256,0.5,MLE,0.72,0.72,0.7630268240066728,0.7630268240066728,3.202367570193099e-06,3.2023713614819095e-06,50,50,1.6341628944469e-05,0.4
hidden_curvature,10,10,3,256,0.5,Minimax,0.0,0.0,0.0,0.0,5.004889132326218e-06,5.0048950566254635e-06,50,50,6.3206098667167865e-06,0.0
hidden_curvature,10,10,3,256,0.75,A1,0.9800000000000001,0.9800000000000001,0.9893039927026536,0.9893039927026536,3.185998210289836e-06,3.186004134589082e-06,50,50,4.7404492609877394e-06,0.8
hidden_curvature,10,10,3,256,0.75,CVaR,0.9400000000000001,0.9400000000000001,0.9418782001357986,0.9418782001357986,2.043776308000705e-06,2.0437822322999506e-06,50,50,7.2014863747032545e-06,0.8
hidden_curvature,10,10,3,256,0.75,Greedy,0.9800000000000001,0.9800000000000001,0.9854019869557437,0.9854019869557437,2.8861833051577187e-06,2.8861892294569647e-06,50,50,4.740449257952666e-06,0.8
hidden_curvature,10,10,3,256,0.75,Hinge,0.6,0.9800000000000001,0.5710526852766031,0.9877627940166116,4.32127432519927e-06,4.321280249498516e-06,50,50,4.740455183101927e-06,0.0
hidden_curvature,10,10,3,256,0.75,LCRC,0.76,0.76,0.7549563463184013,0.7549563463184013,3.590171332833319e-06,3.590177079055429e-06,50,50,5.468660036284448e-06,0.4
hidden_curvature,10,10,3,256,0.75,MA,0.9,0.9,0.8780446656193401,0.8780446656193401,1.8237247172968317e-06,1.8237306415960773e-06,50,50,9.090049735352766e-06,0.6
hidden_curvature,10,10,3,256,0.75,MLE,0.74,0.74,0.7741160828376862,0.7741160828376862,3.202367570193099e-06,3.2023713614819095e-06,50,50,1.6341628944469e-05,0.4
hidden_curvature,10,10,3,256,0.75,Minimax,0.5,0.5,0.4884200539893633,0.4884200539893633,5.004889132326218e-06,5.0048950566254635e-06,50,50,6.3206098667167865e-06,0.0
hidden_curvature,10,10,3,256,1.0,A1,0.9400000000000001,0.9400000000000001,0.9464607320789107,0.9464607320789107,1.8237247173150113e-06,1.8237306416142574e-06,50,50,9.090049735472804e-06,0.8
hidden_curvature,10,10,3,256,1.0,CVaR,0.9400000000000001,0.9400000000000001,0.9723831726813226,0.9723831726813226,2.043776308000705e-06,2.0437822322999506e-06,50,50,7.2014863747032545e-06,0.8
hidden_curvature,10,10,3,256,1.0,Greedy,1.0,1.0,0.9986845744723476,0.9986845744723476,2.9805452956285783e-06,2.980551219927824e-06,50,50,6.259584711958664e-06,1.0
hidden_curvature,10,10,3,256,1.0,Hinge,0.8400000000000001,1.0,0.8490001611424998,0.9987158523268536,5.003927645981232e-06,5.003933570280477e-06,50,50,6.320606875447401e-06,0.2
hidden_curvature,10,10,3,256,1.0,LCRC,1.0,1.0,0.9928412083404885,0.9973072332262273,3.590171332833319e-06,3.590177079055429e-06,50,50,5.468660036284448e-06,1.0
hidden_curvature,10,10,3,256,1.0,MA,0.9400000000000001,0.9400000000000001,0.9464607320789107,0.9464607320789107,1.8237247172968317e-06,1.8237306415960773e-06,50,50,9.090049735352766e-06,0.8
hidden_curvature,10,10,3,256,1.0,MLE,0.78,0.78,0.808204203504349,0.808204203504349,3.202367570193099e-06,3.2023713614819095e-06,50,50,1.6341628944469e-05,0.6
hidden_curvature,10,10,3,256,1.0,Minimax,0.7,1.0,0.7074127255132504,0.9999999999999927,5.004889132326218e-06,5.0048950566254635e-06,50,50,6.3206098667167865e-06,0.0
hidden_curvature,10,10,6,32,0.25,A1,0.9400000000000001,0.9400000000000001,0.9431314257731355,0.9431314257731355,1.1591025240829248e-06,1.1591082255486827e-06,50,50,3.140522904644663e-06,0.8
hidden_curvature,10,10,6,32,0.25,CVaR,0.86,0.86,0.8710975163039905,0.8710975163039905,7.064049220903421e-07,7.064103149091726e-07,50,50,3.1904349637550806e-06,0.6
hidden_curvature,10,10,6,32,0.25,Greedy,0.9400000000000001,0.9400000000000001,0.9422144055630474,0.9422144055630474,8.469551799563517e-07,8.469606762052938e-07,50,50,3.140522904644663e-06,0.8
hidden_curvature,10,10,6,32,0.25,Hinge,0.04,0.8800000000000001,0.05940925062911569,0.9107431578679165,1.8011669376510882e-06,1.8011728619503338e-06,50,50,2.473644281211597e-06,0.0
hidden_curvature,10,10,6,32,0.25,LCRC,0.54,0.54,0.5650444324747277,0.5650444324747277,1.5927117589564775e-06,1.5927162602756562e-06,50,50,4.763788828577445e-06,0.2
hidden_curvature,10,10,6,32,0.25,MA,0.86,0.86,0.8985872060599416,0.8985872060599416,6.93533355066722e-07,6.935385647779956e-07,50,50,3.19097495467494e-06,0.6
hidden_curvature,10,10,6,32,0.25,MLE,0.9,0.9,0.919487189713317,0.919487189713317,8.150170507703612e-07,8.150203085041661e-07,50,50,5.006614930861366e-06,0.6
hidden_curvature,10,10,6,32,0.25,Minimax,0.0,0.0,0.0,0.0,5.004889132326218e-06,5.0048950566254635e-06,50,50,6.3206098667167865e-06,0.0
hidden_curvature,10,10,6,32,0.5,A1,0.96,0.96,0.9831185415340293,0.9831185415340293,2.6662096687771196e-06,2.6662155930763652e-06,50,50,3.1602973635613464e-06,0.8
hidden_curvature,10,10,6,32,0.5,CVaR,0.9400000000000001,0.9400000000000001,0.9484445918792591,0.9484445918792591,7.064049220903421e-07,7.064103149091726e-07,50,50,3.1904349637550806e-06,0.8
hidden_curvature,10,10,6,32,0.5,Greedy,0.96,0.96,0.9819565305773855,0.9819565305773855,1.962543658672738e-06,1.9625495829719838e-06,50,50,3.1602974266367594e-06,0.8
hidden_curvature,10,10,6,32,0.5,Hinge,0.38,0.96,0.38787554323449325,0.9797548494131221,3.0687580651457544e-06,3.068763989445e-06,50,50,3.160303469527253e-06,0.2
hidden_curvature,10,10,6,32,0.5,LCRC,0.8,0.8,0.8109230583600459,0.8109230583600459,1.5927117589564775e-06,1.5927162602756562e-06,50,50,4.763788828577445e-06,0.6
hidden_curvature,10,10,6,32,0.5,MA,0.9400000000000001,0.9400000000000001,0.9568993442763594,0.9568993442763594,6.93533355066722e-07,6.935385647779956e-07,50,50,3.19097495467494e-06,0.8
hidden_curvature,10,10,6,32,0.5,MLE,0.9199999999999999,0.9199999999999999,0.9247811059842694,0.9247811059842694,8.150170507703612e-07,8.150203085041661e-07,50,50,5.006614930861366e-06,0.8
hidden_curvature,10,10,6,32,0.5,Minimax,0.0,0.0,0.0,0.0,5.004889132326218e-06,5.0048950566254635e-06,50,50,6.3206098667167865e-06,0.0
hidden_curvature,10,10,6,32,0.75,A1,1.0,1.0,0.9984627184445692,0.9984627184445692,2.887676943318512e-06,2.8876828676177578e-06,50,50,4.48959272113282e-06,1.0
hidden_curvature,10,10,6,32,0.75,CVaR,0.9800000000000001,0.9800000000000001,0.9828436158916874,0.9828436158916874,7.064049220903421e-07,7.064103149091726e-07,50,50,3.1904349637550806e-06,0.8
hidden_curvature,10,10,6,32,0.75,Greedy,1.0,1.0,0.9981276930702551,0.9981276930702551,2.4321457188838933e-06,2.432151643183139e-06,50,50,4.432026345196904e-06,1.0
hidden_curvature,10,10,6,32,0.75,Hinge,0.82,1.0,0.820082149267144,0.9982393340714436,4.288776579463721e-06,4.288782503762967e-06,50,50,4.740455194713472e-06,0.4
hidden_curvature,10,10,6,32,0.75,LCRC,0.9400000000000001,0.9400000000000001,0.9453840183098203,0.9453840183098203,1.5927117589564775e-06,1.5927162602756562e-06,50,50,4.763788828577445e-06,0.8
hidden_curvature,10,10,6,32,0.75,MA,0.9800000000000001,0.9800000000000001,0.9715406091658336,0.9715406091658336,6.93533355066722e-07,6.935385647779956e-07,50,50,3.19097495467494e-06,0.8
hidden_curvature,10,10,6,32,0.75,MLE,0.9400000000000001,0.9400000000000001,0.9274269766519309,0.9274269766519309,8.150170507703612e-07,8.150203085041661e-07,50,50,5.006614930861366e-06,0.8
hidden_curvature,10,10,6,32,0.75,Minimax,0.5,0.5,0.5490335617004513,0.5490335617004513,5.004889132326218e-06,5.0048950566254635e-06,50,50,6.3206098667167865e-06,0.0
hidden_curvature,10,10,6,32,1.0,A1,0.9800000000000001,0.9800000000000001,0.9863756081476156,0.9863756081476156,6.935333550684569e-07,6.935385647793835e-07,50,50,3.1909749546242866e-06,0.8
hidden_curvature,10,10,6,32,1.0,CVaR,0.9800000000000001,0.9800000000000001,0.9934402429672149,0.9934402429672149,7.064049220903421e-07,7.064103149091726e-07,50,50,3.1904349637550806e-06,0.8
hidden_curvature,10,10,6,32,1.0,Greedy,1.0,1.0,0.9997301774095133,0.9997301774095133,2.506088154205915e-06,2.5060940785051606e-06,50,50,4.930206547190674e-06,1.0
hidden_curvature,10,10,6,32,1.0,Hinge,0.9400000000000001,1.0,0.9503501041261055,0.9997660865207859,4.901667937424886e-06,4.901673861724132e-06,50,50,6.320593063055545e-06,0.8
hidden_curvature,10,10,6,32,1.0,LCRC,0.9800000000000001,1.0,0.9805662428734427,0.9985488866491175,1.5927117589564775e-06,1.5927162602756562e-06,50,50,4.763788828577445e-06,0.8
hidden_curvature,10,10,6,32,1.0,MA,0.9800000000000001,0.9800000000000001,0.9863756081476156,0.9863756081476156,6.93533355066722e-07,6.935385647779956e-07,50,50,3.19097495467494e-06,0.8
hidden_curvature,10,10,6,32,1.0,MLE,0.96,0.96,0.9499090401483808,0.9499090401483808,8.150170507703612e-07,8.150203085041661e-07,50,50,5.006614930861366e-06,0.8
hidden_curvature,10,10,6,32,1.0,Minimax,0.7,1.0,0.7168645327811866,1.0000000000000069,5.004889132326218e-06,5.0048950566254635e-06,50,50,6.3206098667167865e-06,0.0
hidden_curvature,10,10,6,256,0.25,A1,0.96,0.96,0.945473327733011,0.945473327733011,8.66199351449645e-07,8.66205102434958e-07,50,50,1.5508092973712943e-06,0.8
hidden_curvature,10,10,6,256,0.25,CVaR,0.8800000000000001,0.8800000000000001,0.8683956255870406,0.8683956255870406,4.7428429294733836e-07,4.7428971320262464e-07,50,50,2.604225797384583e-06,0.6
hidden_curvature,10,10,6,256,0.25,Greedy,0.96,0.96,0.9453065025087894,0.9453065025087894,5.180095427058383e-07,5.180149602139472e-07,50,50,1.5508092973712943e-06,0.8
hidden_curvature,10,10,6,256,0.25,Hinge,0.02,0.96,0.022620251907219363,0.9381914245258022,1.6276699519021662e-06,1.6276758762014118e-06,50,50,1.5801519266400024e-06,0.0
hidden_curvature,10,10,6,256,0.25,LCRC,0.44000000000000006,0.44000000000000006,0.4425156619880803,0.4425156619880803,1.5682839089742327e-06,1.5682887074340568e-06,50,50,4.11242818732036e-06,0.0
hidden_curvature,10,10,6,256,0.25,MA,0.96,0.96,0.9232444052569205,0.9232444052569205,3.7390289650954247e-07,3.7390817110127817e-07,50,50,1.4197125034563065e-06,0.8
hidden_curvature,10,10,6,256,0.25,MLE,0.96,0.96,0.9232444052569205,0.9232444052569205,3.520770722646033e-07,3.520801524153905e-07,50,50,2.970429457960222e-12,0.8
hidden_curvature,10,10,6,256,0.25,Minimax,0.0,0.0,0.0,0.0,5.004889132326218e-06,5.0048950566254635e-06,50,50,6.3206098667167865e-06,0.0
hidden_curvature,10,10,6,256,0.5,A1,1.0,1.0,0.9902222434341759,0.9902222434341759,2.467925704954382e-06,2.467931629253628e-06,50,50,3.0004055195844564e-06,1.0
hidden_curvature,10,10,6,256,0.5,CVaR,0.9800000000000001,0.9800000000000001,0.9670954508586153,0.9670954508586153,4.7428429294733836e-07,4.7428971320262464e-07,50,50,2.604225797384583e-06,0.8
hidden_curvature,10,10,6,256,0.5,Greedy,1.0,1.0,0.9874399522717914,0.9874399522717914,1.7410989415910653e-06,1.741104689141626e-06,50,50,2.9759751418275553e-06,1.0
hidden_curvature,10,10,6,256,0.5,Hinge,0.3,1.0,0.3128123788926925,0.9877145255663866,3.070743478405246e-06,3.070749402704492e-06,50,50,3.160303469703501e-06,0.0
hidden_curvature,10,10,6,256,0.5,LCRC,0.8800000000000001,0.8800000000000001,0.8760868489273201,0.8760868489273201,1.5682839089742327e-06,1.5682887074340568e-06,50,50,4.11242818732036e-06,0.8
hidden_curvature,10,10,6,256,0.5,MA,0.96,0.96,0.9482984274357473,0.9482984274357473,3.7390289650954247e-07,3.7390817110127817e-07,50,50,1.4197125034563065e-06,0.8
hidden_curvature,10,10,6,256,0.5,MLE,0.96,0.96,0.9292826602227429,0.9292826602227429,3.520770722646033e-07,3.520801524153905e-07,50,50,2.970429457960222e-12,0.8
hidden_curvature,10,10,6,256,0.5,Minimax,0.0,0.0,0.0,0.0,5.004889132326218e-06,5.0048950566254635e-06,50,50,6.3206098667167865e-06,0.0
hidden_curvature,10,10,6,256,0.75,A1,1.0,1.0,0.9988517080127093,0.9988517080127093,2.778645920547967e-06,2.778651844847213e-06,50,50,4.235763889489166e-06,1.0
hidden_curvature,10,10,6,256,0.75,CVaR,0.9800000000000001,0.9800000000000001,0.9788335112935611,0.9788335112935611,4.7428429294733836e-07,4.7428971320262464e-07,50,50,2.604225797384583e-06,0.8
hidden_curvature,10,10,6,256,0.75,Greedy,1.0,1.0,0.9981886448098521,0.9981886448098521,2.306021944448039e-06,2.3060278687472846e-06,50,50,4.4074348655715246e-06,1.0
hidden_curvature,10,10,6,256,0.75,Hinge,0.76,1.0,0.7709710560390663,0.9987763496737301,4.314409455268703e-06,4.314415379567949e-06,50,50,4.74045501311221e-06,0.2
hidden_curvature,10,10,6,256,0.75,LCRC,0.9800000000000001,0.9800000000000001,0.966719352769409,0.966719352769409,1.5682839089742327e-06,1.5682887074340568e-06,50,50,4.11242818732036e-06,0.8
hidden_curvature,10,10,6,256,0.75,MA,0.96,0.96,0.9568601008934687,0.9568601008934687,3.7390289650954247e-07,3.7390817110127817e-07,50,50,1.4197125034563065e-06,0.8
hidden_curvature,10,10,6,256,0.75,MLE,0.96,0.96,0.9362480171191472,0.9362480171191472,3.520770722646033e-07,3.520801524153905e-07,50,50,2.970429457960222e-12,0.8
hidden_curvature,10,10,6,256,0.75,Minimax,0.5,0.5,0.5317585255917227,0.5317585255917227,5.004889132326218e-06,5.0048950566254635e-06,50,50,6.3206098667167865e-06,0.0
hidden_curvature,10,10,6,256,1.0,A1,0.9800000000000001,0.9800000000000001,0.9799313303928049,0.9799313303928049,3.73902896501424e-07,3.7390817109420047e-07,50,50,1.4197125032103232e-06,0.8
hidden_curvature,10,10,6,256,1.0,CVaR,1.0,1.0,0.986854509728307,0.986854509728307,4.7428429294733836e-07,4.7428971320262464e-07,50,50,2.604225797384583e-06,1.0
hidden_curvature,10,10,6,256,1.0,Greedy,1.0,1.0,0.9999650063376244,0.9999650063376244,2.5634534665060214e-06,2.563459390805267e-06,50,50,5.07569095844415e-06,1.0
hidden_curvature,10,10,6,256,1.0,Hinge,0.9400000000000001,1.0,0.9484815476912398,0.9999656332476995,4.83489484164809e-06,4.834900765947336e-06,50,50,6.320594868049548e-06,0.6
hidden_curvature,10,10,6,256,1.0,LCRC,1.0,1.0,0.9986153254080955,0.9986153254080955,1.5682839089742327e-06,1.5682887074340568e-06,50,50,4.11242818732036e-06,1.0
hidden_curvature,10,10,6,256,1.0,MA,0.9800000000000001,0.9800000000000001,0.9799313303928049,0.9799313303928049,3.7390289650954247e-07,3.7390817110127817e-07,50,50,1.4197125034563065e-06,0.8
hidden_curvature,10,10,6,256,1.0,MLE,0.96,0.96,0.9485065256721612,0.9485065256721612,3.520770722646033e-07,3.520801524153905e-07,50,50,2.970429457960222e-12,0.8
hidden_curvature,10,10,6,256,1.0,Minimax,0.7,1.0,0.7169973103071492,1.0000000000000715,5.004889132326218e-06,5.0048950566254635e-06,50,50,6.3206098667167865e-06,0.0
hidden_curvature,10,12,0,32,0.25,A1,0.3333333333333333,0.3333333333333333,0.33333333333333204,0.33333333333333204,8.264576135572712e-06,8.264582050821616e-06,50,50,1.663615381777491e-05,0.0
hidden_curvature,10,12,0,32,0.25,CVaR,0.16666666666666666,0.16666666666666666,0.16666666666666602,0.16666666666666602,6.504413359321366e-06,6.50441927457027e-06,50,50,1.1977638456509702e-05,0.0
hidden_curvature,10,12,0,32,0.25,Greedy,0.16666666666666666,0.16666666666666666,0.16666666666666602,0.16666666666666602,1.1538470266202598e-05,1.1538476181451504e-05,50,50,2.4134197882330625e-05,0.0
hidden_curvature,10,12,0,32,0.25,Hinge,0.08333333333333333,0.16666666666666666,0.08333333333333301,0.16666666666666602,6.44496183932041e-06,6.4449677545693135e-06,50,50,1.212071196009592e-05,0.0
hidden_curvature,10,12,0,32,0.25,LCRC,0.08333333333333333,0.08333333333333333,0.08333333333333301,0.08333333333333301,7.516510232187003e-06,7.516516147435906e-06,50,50,9.732159401296124e-06,0.0
hidden_curvature,10,12,0,32,0.25,MA,0.16666666666666666,0.16666666666666666,0.16666666666666602,0.16666666666666602,6.413125109957656e-06,6.4131310252065615e-06,50,50,1.224903114561623e-05,0.0
hidden_curvature,10,12,0,32,0.25,MLE,0.08333333333333333,0.08333333333333333,0.08333333333333301,0.08333333333333301,1.8152475966140207e-05,1.8152481634747576e-05,50,50,3.4243880445088144e-05,0.0
hidden_curvature,10,12,0,32,0.25,Minimax,0.08333333333333333,0.08333333333333333,0.08333333333333301,0.08333333333333301,7.516510232187003e-06,7.516516147435906e-06,50,50,9.732159401296124e-06,0.0
hidden_curvature,10,12,0,32,0.5,A1,0.5,0.5,0.49999999999999906,0.49999999999999906,7.282417192609688e-06,7.282423107858592e-06,50,50,1.519929183191326e-05,0.0
hidden_curvature,10,12,0,32,0.5,CVaR,0.25,0.25,0.24999999999999903,0.24999999999999903,6.504413359321366e-06,6.50441927457027e-06,50,50,1.1977638456509702e-05,0.0
hidden_curvature,10,12,0,32,0.5,Greedy,0.4166666666666667,0.4166666666666667,0.416666666666666,0.416666666666666,7.240385326978161e-06,7.240391242227066e-06,50,50,1.4638491556161202e-05,0.0
hidden_curvature,10,12,0,32,0.5,Hinge,0.25,0.3333333333333333,0.24999999999999903,0.33333333333333204,6.466802628609229e-06,6.466808543858133e-06,50,50,1.2044756414916062e-05,0.0
hidden_curvature,10,12,0,32,0.5,LCRC,0.25,0.25,0.24999999999999903,0.24999999999999903,7.516510232187003e-06,7.516516147435906e-06,50,50,9.732159401296124e-06,0.0
hidden_curvature,10,12,0,32,0.5,MA,0.25,0.25,0.24999999999999903,0.24999999999999903,6.413125109957656e-06,6.4131310252065615e-06,50,50,1.224903114561623e-05,0.0
hidden_curvature,10,12,0,32,0.5,MLE,0.08333333333333333,0.08333333333333333,0.08333333333333301,0.08333333333333301,1.8152475966140207e-05,1.8152481634747576e-05,50,50,3.4243880445088144e-05,0.0
hidden_curvature,10,12,0,32,0.5,Minimax,0.25,0.25,0.24999999999999903,0.24999999999999903,7.516510232187003e-06,7.516516147435906e-06,50,50,9.732159401296124e-06,0.0
hidden_curvature,10,12,0,32,0.75,A1,0.75,0.75,0.7499999999999991,0.7499999999999991,6.540515685903314e-06,6.540521601152219e-06,50,50,1.2586327979905582e-05,0.0
hidden_curvature,10,12,0,32,0.75,CVaR,0.6666666666666666,0.6666666666666666,0.6666666666666651,0.6666666666666651,6.504413359321366e-06,6.50441927457027e-06,50,50,1.1977638456509702e-05,0.0
hidden_curvature,10,12,0,32,0.75,Greedy,0.6666666666666666,0.6666666666666666,0.6666666666666651,0.6666666666666651,6.534528105077487e-06,6.534534020326392e-06,50,50,1.2216096499633592e-05,0.0
hidden_curvature,10,12,0,32,0.75,Hinge,0.4166666666666667,0.6666666666666666,0.416666666666666,0.6666666666666651,6.60748453800598e-06,6.607490453254885e-06,50,50,1.1573796136362531e-05,0.0
hidden_curvature,10,12,0,32,0.75,LCRC,0.3333333333333333,0.3333333333333333,0.33333333333333204,0.33333333333333204,7.516510232187003e-06,7.516516147435906e-06,50,50,9.732159401296124e-06,0.0
hidden_curvature,10,12,0,32,0.75,MA,0.6666666666666666,0.6666666666666666,0.6666666666666651,0.6666666666666651,6.413125109957656e-06,6.4131310252065615e-06,50,50,1.224903114561623e-05,0.0
hidden_curvature,10,12,0,32,0.75,MLE,0.08333333333333333,0.08333333333333333,0.08333333333333301,0.08333333333333301,1.8152475966140207e-05,1.8152481634747576e-05,50,50,3.4243880445088144e-05,0.0
hidden_curvature,10,12,0,32,0.75,Minimax,0.3333333333333333,0.3333333333333333,0.33333333333333204,0.33333333333333204,7.516510232187003e-06,7.516516147435906e-06,50,50,9.732159401296124e-06,0.0
hidden_curvature,10,12,0,32,1.0,A1,0.8333333333333334,0.8333333333333334,0.833333333333332,0.833333333333332,6.413125109939154e-06,6.413131025188056e-06,50,50,1.2249031145435822e-05,0.0
hidden_curvature,10,12,0,32,1.0,CVaR,0.8333333333333334,0.8333333333333334,0.833333333333332,0.833333333333332,6.504413359321366e-06,6.50441927457027e-06,50,50,1.1977638456509702e-05,0.0
hidden_curvature,10,12,0,32,1.0,Greedy,0.9166666666666666,0.9166666666666666,0.9166666666666651,0.9166666666666651,7.395725718237268e-06,7.395731633486173e-06,50,50,1.003354388821528e-05,0.0
hidden_curvature,10,12,0,32,1.0,Hinge,0.6666666666666666,0.9166666666666666,0.6666666666666651,0.9166666666666651,7.516512154429923e-06,7.516518069678828e-06,50,50,9.732164022738242e-06,0.0
hidden_curvature,10,12,0,32,1.0,LCRC,0.6666666666666666,1.0,0.6666666666666651,0.9999999999999981,7.516510232187003e-06,7.516516147435906e-06,50,50,9.732159401296124e-06,0.0
hidden_curvature,10,12,0,32,1.0,MA,0.8333333333333334,0.8333333333333334,0.833333333333332,0.833333333333332,6.413125109957656e-06,6.4131310252065615e-06,50,50,1.224903114561623e-05,0.0
hidden_curvature,10,12,0,32,1.0,MLE,0.08333333333333333,0.08333333333333333,0.08333333333333301,0.08333333333333301,1.8152475966140207e-05,1.8152481634747576e-05,50,50,3.4243880445088144e-05,0.0
hidden_curvature,10,12,0,32,1.0,Minimax,0.6666666666666666,1.0,0.6666666666666651,0.9999999999999981,7.516510232187003e-06,7.516516147435906e-06,50,50,9.732159401296124e-06,0.0
hidden_curvature,10,12,0,256,0.25,A1,0.3333333333333333,0.3333333333333333,0.333333333333276,0.333333333333276,8.264576112572593e-06,8.264582027821496e-06,50,50,1.6636095848596852e-05,0.0
hidden_curvature,10,12,0,256,0.25,CVaR,0.16666666666666666,0.16666666666666666,0.166666666666638,0.166666666666638,6.504413359336978e-06,6.504419274585883e-06,50,50,1.1977638456495821e-05,0.0
hidden_curvature,10,12,0,256,0.25,Greedy,0.16666666666666666,0.16666666666666666,0.166666666666638,0.166666666666638,1.153847026594586e-05,1.1538476181194765e-05,50,50,2.413419758291041e-05,0.0
hidden_curvature,10,12,0,256,0.25,Hinge,0.16666666666666666,0.16666666666666666,0.166666666666638,0.166666666666638,6.444958988776534e-06,6.444964904025439e-06,50,50,1.21207260980298e-05,0.0
hidden_curvature,10,12,0,256,0.25,LCRC,0.08333333333333333,0.08333333333333333,0.083333333333319,0.083333333333319,7.516510232316413e-06,7.516516147565318e-06,50,50,9.732159401296124e-06,0.0
hidden_curvature,10,12,0,256,0.25,MA,0.16666666666666666,0.16666666666666666,0.166666666666638,0.166666666666638,6.413125109935106e-06,6.413131025184009e-06,50,50,1.2249031145588481e-05,0.0
hidden_curvature,10,12,0,256,0.25,MLE,0.08333333333333333,0.08333333333333333,0.083333333333319,0.083333333333319,1.8152475966140207e-05,1.8152481634747576e-05,50,50,3.4243880445088144e-05,0.0
hidden_curvature,10,12,0,256,0.25,Minimax,0.08333333333333333,0.08333333333333333,0.083333333333319,0.083333333333319,7.516510232316413e-06,7.516516147565318e-06,50,50,9.732159401296124e-06,0.0
hidden_curvature,10,12,0,256,0.5,A1,0.5,0.5,0.499999999999914,0.499999999999914,7.2824171926386e-06,7.282423107887504e-06,50,50,1.5199291832045101e-05,0.0
hidden_curvature,10,12,0,256,0.5,CVaR,0.25,0.25,0.249999999999957,0.249999999999957,6.504413359336978e-06,6.504419274585883e-06,50,50,1.1977638456495821e-05,0.0
hidden_curvature,10,12,0,256,0.5,Greedy,0.4166666666666667,0.4166666666666667,0.416666666666595,0.416666666666595,7.240385326988569e-06,7.240391242237473e-06,50,50,1.4638491556147321e-05,0.0
hidden_curvature,10,12,0,256,0.5,Hinge,0.25,0.3333333333333333,0.249999999999957,0.333333333333276,6.466802628596506e-06,6.4668085438454116e-06,50,50,1.2044756414888301e-05,0.0
hidden_curvature,10,12,0,256,0.5,LCRC,0.25,0.25,0.249999999999957,0.249999999999957,7.516510232316413e-06,7.516516147565318e-06,50,50,9.732159401296124e-06,0.0
hidden_curvature,10,12,0,256,0.5,MA,0.25,0.25,0.249999999999957,0.249999999999957,6.413125109935106e-06,6.413131025184009e-06,50,50,1.2249031145588481e-05,0.0
hidden_curvature,10,12,0,256,0.5,MLE,0.08333333333333333,0.08333333333333333,0.083333333333319,0.083333333333319,1.8152475966140207e-05,1.8152481634747576e-05,50,50,3.4243880445088144e-05,0.0
hidden_curvature,10,12,0,256,0.5,Minimax,0.25,0.25,0.249999999999957,0.249999999999957,7.516510232316413e-06,7.516516147565318e-06,50,50,9.732159401296124e-06,0.0
hidden_curvature,10,12,0,256,0.75,A1,0.75,0.75,0.7499999999998711,0.7499999999998711,6.540515685907939e-06,6.540521601156844e-06,50,50,1.2586326112510452e-05,0.0
hidden_curvature,10,12,0,256,0.75,CVaR,0.6666666666666666,0.6666666666666666,0.666666666666552,0.666666666666552,6.504413359336978e-06,6.504419274585883e-06,50,50,1.1977638456495821e-05,0.0
hidden_curvature,10,12,0,256,0.75,Greedy,0.6666666666666666,0.6666666666666666,0.666666666666552,0.666666666666552,6.534528105080379e-06,6.534534020329284e-06,50,50,1.221609649986257e-05,0.0
hidden_curvature,10,12,0,256,0.75,Hinge,0.4166666666666667,0.6666666666666666,0.416666666666595,0.666666666666552,6.60748453799673e-06,6.6074904532456335e-06,50,50,1.157379613635559e-05,0.0
hidden_curvature,10,12,0,256,0.75,LCRC,0.3333333333333333,0.3333333333333333,0.333333333333276,0.333333333333276,7.516510232316413e-06,7.516516147565318e-06,50,50,9.732159401296124e-06,0.0
hidden_curvature,10,12,0,256,0.75,MA,0.6666666666666666,0.6666666666666666,0.666666666666552,0.666666666666552,6.413125109935106e-06,6.413131025184009e-06,50,50,1.2249031145588481e-05,0.0
hidden_curvature,10,12,0,256,0.75,MLE,0.08333333333333333,0.08333333333333333,0.083333333333319,0.083333333333319,1.8152475966140207e-05,1.8152481634747576e-05,50,50,3.4243880445088144e-05,0.0
hidden_curvature,10,12,0,256,0.75,Minimax,0.3333333333333333,0.3333333333333333,0.333333333333276,0.333333333333276,7.516510232316413e-06,7.516516147565318e-06,50,50,9.732159401296124e-06,0.0
hidden_curvature,10,12,0,256,1.0,A1,0.8333333333333334,0.8333333333333334,0.83333333333319,0.83333333333319,6.413125109946093e-06,6.413131025194995e-06,50,50,1.2249031145435822e-05,0.0
hidden_curvature,10,12,0,256,1.0,CVaR,0.8333333333333334,0.8333333333333334,0.83333333333319,0.83333333333319,6.504413359336978e-06,6.504419274585883e-06,50,50,1.1977638456495821e-05,0.0
hidden_curvature,10,12,0,256,1.0,Greedy,0.9166666666666666,0.9166666666666666,0.9166666666665092,0.9166666666665092,7.395725718182335e-06,7.395731633431241e-06,50,50,1.0033543916525972e-05,0.0
hidden_curvature,10,12,0,256,1.0,Hinge,0.6666666666666666,0.9166666666666666,0.666666666666552,0.9166666666665092,7.516513120931686e-06,7.51651903618059e-06,50,50,9.732164024424396e-06,0.0
hidden_curvature,10,12,0,256,1.0,LCRC,0.6666666666666666,1.0,0.666666666666552,0.999999999999828,7.516510232316413e-06,7.516516147565318e-06,50,50,9.732159401296124e-06,0.0
hidden_curvature,10,12,0,256,1.0,MA,0.8333333333333334,0.8333333333333334,0.83333333333319,0.83333333333319,6.413125109935106e-06,6.413131025184009e-06,50,50,1.2249031145588481e-05,0.0
hidden_curvature,10,12,0,256,1.0,MLE,0.08333333333333333,0.08333333333333333,0.083333333333319,0.083333333333319,1.8152475966140207e-05,1.8152481634747576e-05,50,50,3.4243880445088144e-05,0.0
hidden_curvature,10,12,0,256,1.0,Minimax,0.6666666666666666,1.0,0.666666666666552,0.999999999999828,7.516510232316413e-06,7.516516147565318e-06,50,50,9.732159401296124e-06,0.0
hidden_curvature,10,12,1,32,0.25,A1,0.46249999999999997,0.46249999999999997,0.5479743320257777,0.5479743320257777,6.631624339506769e-06,6.631630254755674e-06,50,50,1.481054761862335e-05,0.0
hidden_curvature,10,12,1,32,0.25,CVaR,0.08333333333333333,0.08333333333333333,0.1236979040833377,0.1236979040833377,5.7189373631369785e-06,5.718943278385884e-06,50,50,9.630083639514811e-06,0.0
hidden_curvature,10,12,1,32,0.25,Greedy,0.48333333333333334,0.48333333333333334,0.4975188605111614,0.4975188605111614,5.456762072054976e-06,5.456767987303881e-06,50,50,1.3444270176595808e-05,0.0
hidden_curvature,10,12,1,32,0.25,Hinge,0.020833333333333332,0.26666666666666666,0.05808580533501373,0.32219139556676274,5.501178177931784e-06,5.501184093180689e-06,50,50,1.1674044786188354e-05,0.0
hidden_curvature,10,12,1,32,0.25,LCRC,0.08333333333333333,0.08333333333333333,0.08765958959706888,0.08765958959706888,7.030268892659988e-06,7.0302748079088935e-06,50,50,9.732159401283635e-06,0.0
hidden_curvature,10,12,1,32,0.25,MA,0.24583333333333335,0.24583333333333335,0.2946588184067157,0.2946588184067157,5.36603128314077e-06,5.3660371983896745e-06,50,50,1.2442595705509916e-05,0.0
hidden_curvature,10,12,1,32,0.25,MLE,0.39999999999999997,0.39999999999999997,0.39523080659882764,0.39523080659882764,8.512258730898615e-06,8.51226346234371e-06,50,50,2.560709082669241e-05,0.0
hidden_curvature,10,12,1,32,0.25,Minimax,0.08333333333333333,0.08333333333333333,0.0873811606500895,0.0873811606500895,7.516510232316413e-06,7.516516147565318e-06,50,50,9.732159401296124e-06,0.0
hidden_curvature,10,12,1,32,0.5,A1,0.7625000000000001,0.7625000000000001,0.7822148952674879,0.7822148952674879,5.793133094851577e-06,5.793139010100481e-06,50,50,1.2259204827960547e-05,0.25
hidden_curvature,10,12,1,32,0.5,CVaR,0.4083333333333334,0.4083333333333334,0.4926889891152544,0.4926889891152544,5.7189373631369785e-06,5.718943278385884e-06,50,50,9.630083639514811e-06,0.0
hidden_curvature,10,12,1,32,0.5,Greedy,0.6666666666666666,0.6666666666666666,0.7250168282939392,0.7250168282939392,5.500963659948894e-06,5.500969575197797e-06,50,50,1.1846838259775198e-05,0.25
hidden_curvature,10,12,1,32,0.5,Hinge,0.22916666666666666,0.5875,0.2876666077324388,0.6637003906617819,5.785741342974182e-06,5.785747258223086e-06,50,50,9.714214705820733e-06,0.0
hidden_curvature,10,12,1,32,0.5,LCRC,0.25,0.25,0.2847966791955363,0.2847966791955363,7.030268892659988e-06,7.0302748079088935e-06,50,50,9.732159401283635e-06,0.0
hidden_curvature,10,12,1,32,0.5,MA,0.5458333333333333,0.5458333333333333,0.5779269910893367,0.5779269910893367,5.36603128314077e-06,5.3660371983896745e-06,50,50,1.2442595705509916e-05,0.0
hidden_curvature,10,12,1,32,0.5,MLE,0.39999999999999997,0.39999999999999997,0.4185153798709155,0.4185153798709155,8.512258730898615e-06,8.51226346234371e-06,50,50,2.560709082669241e-05,0.0
hidden_curvature,10,12,1,32,0.5,Minimax,0.25,0.25,0.29356615350435183,0.29356615350435183,7.516510232316413e-06,7.516516147565318e-06,50,50,9.732159401296124e-06,0.0
hidden_curvature,10,12,1,32,0.75,A1,0.9041666666666667,0.9041666666666667,0.9318655836764856,0.9318655836764856,6.2701934093313185e-06,6.270199324580223e-06,50,50,1.0997198703148817e-05,0.5
hidden_curvature,10,12,1,32,0.75,CVaR,0.7625000000000001,0.7625000000000001,0.81647780079012,0.81647780079012,5.7189373631369785e-06,5.718943278385884e-06,50,50,9.630083639514811e-06,0.25
hidden_curvature,10,12,1,32,0.75,Greedy,0.8833333333333333,0.8833333333333333,0.9067988436332745,0.9067988436332745,5.819312921638246e-06,5.81931883688715e-06,50,50,9.870319117054674e-06,0.5
hidden_curvature,10,12,1,32,0.75,Hinge,0.3875,0.8833333333333333,0.46313510616603076,0.8791516518145194,6.324215621143105e-06,6.324221536392009e-06,50,50,9.606152131655039e-06,0.0
hidden_curvature,10,12,1,32,0.75,LCRC,0.3875,0.3875,0.4349367364140822,0.4349367364140822,7.030268892659988e-06,7.0302748079088935e-06,50,50,9.732159401283635e-06,0.0
hidden_curvature,10,12,1,32,0.75,MA,0.7458333333333332,0.7458333333333332,0.7639922887267935,0.7639922887267935,5.36603128314077e-06,5.3660371983896745e-06,50,50,1.2442595705509916e-05,0.25
hidden_curvature,10,12,1,32,0.75,MLE,0.48333333333333334,0.48333333333333334,0.4801169021884351,0.4801169021884351,8.512258730898615e-06,8.51226346234371e-06,50,50,2.560709082669241e-05,0.0
hidden_curvature,10,12,1,32,0.75,Minimax,0.3333333333333333,0.3333333333333333,0.39656489902277775,0.39656489902277775,7.516510232316413e-06,7.516516147565318e-06,50,50,9.732159401296124e-06,0.0
hidden_curvature,10,12,1,32,1.0,A1,0.9166666666666666,0.9166666666666666,0.8969538061869503,0.8969538061869503,5.366031283010001e-06,5.3660371982589045e-06,50,50,1.2442595705510957e-05,0.75
hidden_curvature,10,12,1,32,1.0,CVaR,0.9416666666666668,0.9416666666666668,0.9296964992410718,0.9296964992410718,5.7189373631369785e-06,5.718943278385884e-06,50,50,9.630083639514811e-06,0.75
hidden_curvature,10,12,1,32,1.0,Greedy,0.9791666666666666,0.9791666666666666,0.9914180705546936,0.9914180705546936,6.435108733529073e-06,6.435114648777977e-06,50,50,9.732150414889541e-06,0.75
hidden_curvature,10,12,1,32,1.0,Hinge,0.6875,0.9791666666666666,0.691996466538091,0.9907931697288349,7.516384075333868e-06,7.516389990582771e-06,50,50,9.732156465941907e-06,0.0
hidden_curvature,10,12,1,32,1.0,LCRC,0.8416666666666667,1.0,0.8496044664999394,0.9982493675554553,7.030268892659988e-06,7.0302748079088935e-06,50,50,9.732159401283635e-06,0.25
hidden_curvature,10,12,1,32,1.0,MA,0.9166666666666666,0.9166666666666666,0.8969538061869503,0.8969538061869503,5.36603128314077e-06,5.3660371983896745e-06,50,50,1.2442595705509916e-05,0.75
hidden_curvature,10,12,1,32,1.0,MLE,0.5583333333333333,0.5583333333333333,0.5609931574882854,0.5609931574882854,8.512258730898615e-06,8.51226346234371e-06,50,50,2.560709082669241e-05,0.0
hidden_curvature,10,12,1,32,1.0,Minimax,0.6666666666666666,1.0,0.6553765593374048,0.9999999999999959,7.516510232316413e-06,7.516516147565318e-06,50,50,9.732159401296124e-06,0.0
hidden_curvature,10,12,1,256,0.25,A1,0.5541666666666667,0.5541666666666667,0.5347590700908982,0.5347590700908982,5.868830914329923e-06,5.868836829578827e-06,50,50,1.4440593129928787e-05,0.0
hidden_curvature,10,12,1,256,0.25,CVaR,0.0625,0.0625,0.08322799737056902,0.08322799737056902,5.317155200980593e-06,5.3171611162294965e-06,50,50,1.0652221280462408e-05,0.0
hidden_curvature,10,12,1,256,0.25,Greedy,0.4916666666666667,0.4916666666666667,0.4677672440881702,0.4677672440881702,5.513696777632396e-06,5.5137026928813e-06,50,50,1.4357311743418137e-05,0.0
hidden_curvature,10,12,1,256,0.25,Hinge,0.0,0.2333333333333333,0.029283473698707846,0.29421868793967065,5.1811561162553035e-06,5.181162031504208e-06,50,50,1.051536291843333e-05,0.0
hidden_curvature,10,12,1,256,0.25,LCRC,0.0625,0.0625,0.06912766787894788,0.06912766787894788,7.163369760283493e-06,7.1633756755323965e-06,50,50,9.732159401283635e-06,0.0
hidden_curvature,10,12,1,256,0.25,MA,0.23750000000000002,0.23750000000000002,0.29121090899318897,0.29121090899318897,5.072897570103749e-06,5.072903485352654e-06,50,50,1.1957670821534706e-05,0.0
hidden_curvature,10,12,1,256,0.25,MLE,0.45,0.45,0.4142156903722936,0.4142156903722936,8.947263183282189e-06,8.947267766452187e-06,50,50,2.7883245621600032e-05,0.0
hidden_curvature,10,12,1,256,0.25,Minimax,0.08333333333333333,0.08333333333333333,0.08973350739988462,0.08973350739988462,7.516510232316413e-06,7.516516147565318e-06,50,50,9.732159401296124e-06,0.0
hidden_curvature,10,12,1,256,0.5,A1,0.6583333333333333,0.6583333333333333,0.784809943693717,0.784809943693717,6.597865327234459e-06,6.597871242483362e-06,50,50,1.5660290618963938e-05,0.25
hidden_curvature,10,12,1,256,0.5,CVaR,0.5041666666666667,0.5041666666666667,0.4660984728087956,0.4660984728087956,5.317155200980593e-06,5.3171611162294965e-06,50,50,1.0652221280462408e-05,0.0
hidden_curvature,10,12,1,256,0.5,Greedy,0.6791666666666667,0.6791666666666667,0.7295597418471025,0.7295597418471025,5.7388204509107504e-06,5.738826366159655e-06,50,50,1.3625205572950773e-05,0.25
hidden_curvature,10,12,1,256,0.5,Hinge,0.2708333333333333,0.6583333333333333,0.21694328953367784,0.6729916039424894,5.70978221231423e-06,5.7097881275631335e-06,50,50,1.1090805518482871e-05,0.0
hidden_curvature,10,12,1,256,0.5,LCRC,0.26666666666666666,0.26666666666666666,0.24494986383754092,0.24494986383754092,7.163369760283493e-06,7.1633756755323965e-06,50,50,9.732159401283635e-06,0.0
hidden_curvature,10,12,1,256,0.5,MA,0.5750000000000001,0.5750000000000001,0.5444085027751653,0.5444085027751653,5.072897570103749e-06,5.072903485352654e-06,50,50,1.1957670821534706e-05,0.0
hidden_curvature,10,12,1,256,0.5,MLE,0.4708333333333334,0.4708333333333334,0.42664533941081634,0.42664533941081634,8.947263183282189e-06,8.947267766452187e-06,50,50,2.7883245621600032e-05,0.0
hidden_curvature,10,12,1,256,0.5,Minimax,0.25,0.25,0.2393228096521939,0.2393228096521939,7.516510232316413e-06,7.516516147565318e-06,50,50,9.732159401296124e-06,0.0
hidden_curvature,10,12,1,256,0.75,A1,0.8833333333333333,0.8833333333333333,0.9332567147458378,0.9332567147458378,5.922165174285954e-06,5.922171089534858e-06,50,50,1.128305130872891e-05,0.5
hidden_curvature,10,12,1,256,0.75,CVaR,0.8250000000000001,0.8250000000000001,0.8144645007695387,0.8144645007695387,5.317155200980593e-06,5.3171611162294965e-06,50,50,1.0652221280462408e-05,0.4
hidden_curvature,10,12,1,256,0.75,Greedy,0.9041666666666667,0.9041666666666667,0.9080952522053316,0.9080952522053316,5.547505269505708e-06,5.547511184754611e-06,50,50,1.1900940919293971e-05,0.6
hidden_curvature,10,12,1,256,0.75,Hinge,0.42083333333333334,0.9041666666666667,0.4198907587750589,0.8959986903165031,6.208629368537634e-06,6.208635283786537e-06,50,50,9.729423144362241e-06,0.0
hidden_curvature,10,12,1,256,0.75,LCRC,0.4291666666666667,0.4291666666666667,0.4027182440187474,0.4027182440187474,7.163369760283493e-06,7.1633756755323965e-06,50,50,9.732159401283635e-06,0.0
hidden_curvature,10,12,1,256,0.75,MA,0.7416666666666667,0.7416666666666667,0.7692445172091293,0.7692445172091293,5.072897570103749e-06,5.072903485352654e-06,50,50,1.1957670821534706e-05,0.25
hidden_curvature,10,12,1,256,0.75,MLE,0.4708333333333334,0.4708333333333334,0.4613392156106739,0.4613392156106739,8.947263183282189e-06,8.947267766452187e-06,50,50,2.7883245621600032e-05,0.0
hidden_curvature,10,12,1,256,0.75,Minimax,0.3333333333333333,0.3333333333333333,0.30817688542609956,0.30817688542609956,7.516510232316413e-06,7.516516147565318e-06,50,50,9.732159401296124e-06,0.0
hidden_curvature,10,12,1,256,1.0,A1,0.9249999999999999,0.9249999999999999,0.8972370831645713,0.8972370831645713,5.072897570129655e-06,5.0729034853785585e-06,50,50,1.1957670821604095e-05,0.6
hidden_curvature,10,12,1,256,1.0,CVaR,0.9416666666666668,0.9416666666666668,0.9329569452239302,0.9329569452239302,5.317155200980593e-06,5.3171611162294965e-06,50,50,1.0652221280462408e-05,0.75
hidden_curvature,10,12,1,256,1.0,Greedy,0.9833333333333334,0.9833333333333334,0.9910017127624435,0.9910017127624435,6.175551862095564e-06,6.175557777344468e-06,50,50,9.73215054016121e-06,0.8
hidden_curvature,10,12,1,256,1.0,Hinge,0.75,0.9833333333333334,0.7484184384278209,0.9909999705419229,7.516077052049438e-06,7.5160829672983424e-06,50,50,9.73215646593948e-06,0.0
hidden_curvature,10,12,1,256,1.0,LCRC,0.7708333333333334,0.9833333333333334,0.813083083240646,0.9989483362108503,7.163369760283493e-06,7.1633756755323965e-06,50,50,9.732159401283635e-06,0.0
hidden_curvature,10,12,1,256,1.0,MA,0.9249999999999999,0.9249999999999999,0.8972370831645713,0.8972370831645713,5.072897570103749e-06,5.072903485352654e-06,50,50,1.1957670821534706e-05,0.6
hidden_curvature,10,12,1,256,1.0,MLE,0.5333333333333333,0.5333333333333333,0.5284395405156825,0.5284395405156825,8.947263183282189e-06,8.947267766452187e-06,50,50,2.7883245621600032e-05,0.0
hidden_curvature,10,12,1,256,1.0,Minimax,0.6666666666666666,1.0,0.6910818038318092,1.0000000000000246,7.516510232316413e-06,7.516516147565318e-06,50,50,9.732159401296124e-06,0.0
hidden_curvature,10,12,3,32,0.25,A1,0.7708333333333334,0.7708333333333334,0.7840961746678298,0.7840961746678298,3.5021293256730188e-06,3.5021352409219228e-06,50,50,1.176890583541173e-05,0.25
hidden_curvature,10,12,3,32,0.25,CVaR,0.4916666666666667,0.4916666666666667,0.49645021583091037,0.49645021583091037,3.0428052278279674e-06,3.0428111430768714e-06,50,50,8.958893079039943e-06,0.0
hidden_curvature,10,12,3,32,0.25,Greedy,0.775,0.775,0.7708046820244024,0.7708046820244024,2.8909466519487955e-06,2.8909525671977004e-06,50,50,1.2191470898039936e-05,0.2
hidden_curvature,10,12,3,32,0.25,Hinge,0.0,0.7125,0.012457024677252626,0.7131695823034222,3.5991494514986224e-06,3.599155366747526e-06,50,50,9.911500718727366e-06,0.0
hidden_curvature,10,12,3,32,0.25,LCRC,0.14583333333333334,0.14583333333333334,0.1457557177828538,0.1457557177828538,5.233804728155151e-06,5.233810458230853e-06,50,50,8.750974510906422e-06,0.0
hidden_curvature,10,12,3,32,0.25,MA,0.6916666666666668,0.6916666666666668,0.67538671862347,0.67538671862347,2.592978038828414e-06,2.592983954077318e-06,50,50,1.139548189969755e-05,0.2
hidden_curvature,10,12,3,32,0.25,MLE,0.775,0.775,0.717514989592143,0.717514989592143,3.47949339812315e-06,3.479497021339518e-06,50,50,2.2265619451078066e-05,0.2
hidden_curvature,10,12,3,32,0.25,Minimax,0.08333333333333333,0.08333333333333333,0.09540859288077386,0.09540859288077386,7.516510232316413e-06,7.516516147565318e-06,50,50,9.732159401296124e-06,0.0
hidden_curvature,10,12,3,32,0.5,A1,0.9083333333333333,0.9083333333333333,0.9312631271581192,0.9312631271581192,4.524785844394497e-06,4.524791759643402e-06,50,50,9.341775273939868e-06,0.6
hidden_curvature,10,12,3,32,0.5,CVaR,0.7916666666666666,0.7916666666666666,0.8284895780004019,0.8284895780004019,3.0428052278279674e-06,3.0428111430768714e-06,50,50,8.958893079039943e-06,0.4
hidden_curvature,10,12,3,32,0.5,Greedy,0.8875000000000001,0.8875000000000001,0.9141933439646337,0.9141933439646337,3.4528332322959182e-06,3.452839147544822e-06,50,50,9.334463536198041e-06,0.6
hidden_curvature,10,12,3,32,0.5,Hinge,0.2833333333333333,0.85,0.2651755562113271,0.9007471693872856,4.856178806748734e-06,4.856184721997638e-06,50,50,6.642935966341168e-06,0.0
hidden_curvature,10,12,3,32,0.5,LCRC,0.3666666666666667,0.3666666666666667,0.4258835434973988,0.4258835434973988,5.233804728155151e-06,5.233810458230853e-06,50,50,8.750974510906422e-06,0.0
hidden_curvature,10,12,3,32,0.5,MA,0.7916666666666666,0.7916666666666666,0.8032603030771593,0.8032603030771593,2.592978038828414e-06,2.592983954077318e-06,50,50,1.139548189969755e-05,0.4
hidden_curvature,10,12,3,32,0.5,MLE,0.775,0.775,0.7277234786737147,0.7277234786737147,3.47949339812315e-06,3.479497021339518e-06,50,50,2.2265619451078066e-05,0.2
hidden_curvature,10,12,3,32,0.5,Minimax,0.25,0.25,0.26511173499747825,0.26511173499747825,7.516510232316413e-06,7.516516147565318e-06,50,50,9.732159401296124e-06,0.0
hidden_curvature,10,12,3,32,0.75,A1,0.9791666666666666,0.9791666666666666,0.9842484285723377,0.9842484285723377,4.870421702899384e-06,4.870427618148288e-06,50,50,7.299111429185171e-06,0.75
hidden_curvature,10,12,3,32,0.75,CVaR,0.8666666666666667,0.8666666666666667,0.9255793966852749,0.9255793966852749,3.0428052278279674e-06,3.0428111430768714e-06,50,50,8.958893079039943e-06,0.6
hidden_curvature,10,12,3,32,0.75,Greedy,0.9791666666666666,0.9791666666666666,0.9791348583478073,0.9791348583478073,4.442184464068284e-06,4.442190379317189e-06,50,50,7.299111426846763e-06,0.75
hidden_curvature,10,12,3,32,0.75,Hinge,0.5833333333333334,0.9791666666666666,0.5435037022045788,0.9772663834875827,5.875895226675898e-06,5.875901141924803e-06,50,50,7.2991173433577935e-06,0.0
hidden_curvature,10,12,3,32,0.75,LCRC,0.8208333333333333,0.8208333333333333,0.8064723876659436,0.8064723876659436,5.233804728155151e-06,5.233810458230853e-06,50,50,8.750974510906422e-06,0.25
hidden_curvature,10,12,3,32,0.75,MA,0.8875000000000001,0.8875000000000001,0.8915975892619579,0.8915975892619579,2.592978038828414e-06,2.592983954077318e-06,50,50,1.139548189969755e-05,0.6
hidden_curvature,10,12,3,32,0.75,MLE,0.7958333333333334,0.7958333333333334,0.7665305283063782,0.7665305283063782,3.47949339812315e-06,3.479497021339518e-06,50,50,2.2265619451078066e-05,0.2
hidden_curvature,10,12,3,32,0.75,Minimax,0.3333333333333333,0.3333333333333333,0.3524566674238319,0.3524566674238319,7.516510232316413e-06,7.516516147565318e-06,50,50,9.732159401296124e-06,0.0
hidden_curvature,10,12,3,32,1.0,A1,0.9416666666666668,0.9416666666666668,0.9446206624304453,0.9446206624304453,2.592978038814652e-06,2.5929839540635563e-06,50,50,1.139548189968749e-05,0.75
hidden_curvature,10,12,3,32,1.0,CVaR,0.9583333333333334,0.9583333333333334,0.9666262048504142,0.9666262048504142,3.0428052278279674e-06,3.0428111430768714e-06,50,50,8.958893079039943e-06,0.75
hidden_curvature,10,12,3,32,1.0,Greedy,1.0,1.0,0.9990833071323691,0.9990833071323691,5.239826804279898e-06,5.239832719528802e-06,50,50,9.46983378659425e-06,1.0
hidden_curvature,10,12,3,32,1.0,Hinge,0.9041666666666667,1.0,0.8931954818278868,0.9990884468574777,7.499051564685844e-06,7.499057479934749e-06,50,50,9.732156140757238e-06,0.5
hidden_curvature,10,12,3,32,1.0,LCRC,0.9791666666666666,1.0,0.9757358815897832,0.9977727368080606,5.233804728155151e-06,5.233810458230853e-06,50,50,8.750974510906422e-06,0.75
hidden_curvature,10,12,3,32,1.0,MA,0.9416666666666668,0.9416666666666668,0.9446206624304453,0.9446206624304453,2.592978038828414e-06,2.592983954077318e-06,50,50,1.139548189969755e-05,0.75
hidden_curvature,10,12,3,32,1.0,MLE,0.7958333333333334,0.7958333333333334,0.7772486011361585,0.7772486011361585,3.47949339812315e-06,3.479497021339518e-06,50,50,2.2265619451078066e-05,0.2
hidden_curvature,10,12,3,32,1.0,Minimax,0.6666666666666666,1.0,0.663617934795441,0.9999999999999943,7.516510232316413e-06,7.516516147565318e-06,50,50,9.732159401296124e-06,0.0
hidden_curvature,10,12,3,256,0.25,A1,0.9166666666666666,0.9166666666666666,0.8247199864622644,0.8247199864622644,2.652462995687629e-06,2.652468910936533e-06,50,50,9.545257119875773e-06,0.5
hidden_curvature,10,12,3,256,0.25,CVaR,0.6166666666666667,0.6166666666666667,0.5988222720349471,0.5988222720349471,2.2946963264702628e-06,2.2947022417191668e-06,50,50,8.135498142267449e-06,0.25
hidden_curvature,10,12,3,256,0.25,Greedy,0.8958333333333334,0.8958333333333334,0.8094096527731162,0.8094096527731162,2.144906069009624e-06,2.144911984258528e-06,50,50,1.2197473757303431e-05,0.5
hidden_curvature,10,12,3,256,0.25,Hinge,0.020833333333333332,0.8333333333333334,0.02026204378916678,0.7562748086259966,3.0542392381213177e-06,3.0542451533702217e-06,50,50,6.5690020360446135e-06,0.0
hidden_curvature,10,12,3,256,0.25,LCRC,0.15833333333333333,0.15833333333333333,0.14745292625569068,0.14745292625569068,4.746466137477449e-06,4.746471879933511e-06,50,50,8.387426530174178e-06,0.0
hidden_curvature,10,12,3,256,0.25,MA,0.75,0.75,0.7141671248198351,0.7141671248198351,1.87619727774679e-06,1.8762031929956943e-06,50,50,9.806697832299963e-06,0.25
hidden_curvature,10,12,3,256,0.25,MLE,0.7916666666666666,0.7916666666666666,0.7529079767289276,0.7529079767289276,2.6180793524913236e-06,2.618082925360827e-06,50,50,1.5887466470298683e-05,0.5
hidden_curvature,10,12,3,256,0.25,Minimax,0.08333333333333333,0.08333333333333333,0.09474477147326628,0.09474477147326628,7.516510232316413e-06,7.516516147565318e-06,50,50,9.732159401296124e-06,0.0
hidden_curvature,10,12,3,256,0.5,A1,0.9375,0.9375,0.9458704500935965,0.9458704500935965,4.301587885425656e-06,4.301593800674561e-06,50,50,7.027700968875022e-06,0.5
hidden_curvature,10,12,3,256,0.5,CVaR,0.8958333333333334,0.8958333333333334,0.8623402476485368,0.8623402476485368,2.2946963264702628e-06,2.2947022417191668e-06,50,50,8.135498142267449e-06,0.5
hidden_curvature,10,12,3,256,0.5,Greedy,0.9375,0.9375,0.9267564627383643,0.9267564627383643,3.4139126457338974e-06,3.4139185609828013e-06,50,50,6.954631122819607e-06,0.5
hidden_curvature,10,12,3,256,0.5,Hinge,0.2833333333333333,0.9375,0.278880143127248,0.920663466988563,4.679960278005171e-06,4.679966193254076e-06,50,50,5.99514328465059e-06,0.0
hidden_curvature,10,12,3,256,0.5,LCRC,0.5833333333333334,0.5833333333333334,0.5668205785112301,0.5668205785112301,4.746466137477449e-06,4.746471879933511e-06,50,50,8.387426530174178e-06,0.0
hidden_curvature,10,12,3,256,0.5,MA,0.8958333333333334,0.8958333333333334,0.8251034518756825,0.8251034518756825,1.87619727774679e-06,1.8762031929956943e-06,50,50,9.806697832299963e-06,0.5
hidden_curvature,10,12,3,256,0.5,MLE,0.8125,0.8125,0.7605464411252824,0.7605464411252824,2.6180793524913236e-06,2.618082925360827e-06,50,50,1.5887466470298683e-05,0.5
hidden_curvature,10,12,3,256,0.5,Minimax,0.25,0.25,0.239869884827712,0.239869884827712,7.516510232316413e-06,7.516516147565318e-06,50,50,9.732159401296124e-06,0.0
hidden_curvature,10,12,3,256,0.75,A1,1.0,1.0,0.9853603450548172,0.9853603450548172,4.871106773863288e-06,4.8711126891121925e-06,50,50,7.29911104618234e-06,1.0
hidden_curvature,10,12,3,256,0.75,CVaR,0.9166666666666666,0.9166666666666666,0.9244257764791999,0.9244257764791999,2.2946963264702628e-06,2.2947022417191668e-06,50,50,8.135498142267449e-06,0.5
hidden_curvature,10,12,3,256,0.75,Greedy,1.0,1.0,0.9820290824090567,0.9820290824090567,3.815042766859277e-06,3.8150486821081814e-06,50,50,7.130033721335429e-06,1.0
hidden_curvature,10,12,3,256,0.75,Hinge,0.5458333333333333,1.0,0.5657301395856322,0.982599893794527,5.980472600885817e-06,5.980478516134721e-06,50,50,7.2991173267269996e-06,0.0
hidden_curvature,10,12,3,256,0.75,LCRC,0.8041666666666667,0.8041666666666667,0.8174402839591969,0.8174402839591969,4.746466137477449e-06,4.746471879933511e-06,50,50,8.387426530174178e-06,0.5
hidden_curvature,10,12,3,256,0.75,MA,0.9375,0.9375,0.9150772954062597,0.9150772954062597,1.87619727774679e-06,1.8762031929956943e-06,50,50,9.806697832299963e-06,0.75
hidden_curvature,10,12,3,256,0.75,MLE,0.875,0.875,0.7938931727648236,0.7938931727648236,2.6180793524913236e-06,2.618082925360827e-06,50,50,1.5887466470298683e-05,0.5
hidden_curvature,10,12,3,256,0.75,Minimax,0.3333333333333333,0.3333333333333333,0.3502892774743455,0.3502892774743455,7.516510232316413e-06,7.516516147565318e-06,50,50,9.732159401296124e-06,0.0
hidden_curvature,10,12,3,256,1.0,A1,0.9375,0.9375,0.9505058859248537,0.9505058859248537,1.876197277743899e-06,1.876203192992803e-06,50,50,9.806697832284702e-06,0.75
hidden_curvature,10,12,3,256,1.0,CVaR,0.9791666666666666,0.9791666666666666,0.9691890636915238,0.9691890636915238,2.2946963264702628e-06,2.2947022417191668e-06,50,50,8.135498142267449e-06,0.75
hidden_curvature,10,12,3,256,1.0,Greedy,1.0,1.0,0.99945161066509,0.99945161066509,4.860817823093873e-06,4.860823738342777e-06,50,50,9.190661823023707e-06,1.0
hidden_curvature,10,12,3,256,1.0,Hinge,0.9375,1.0,0.9170350539665068,0.9994244115626275,7.429808786955956e-06,7.429814702204861e-06,50,50,9.73215245603093e-06,0.5
hidden_curvature,10,12,3,256,1.0,LCRC,1.0,1.0,0.9909240626755942,0.9971909806063929,4.746466137477449e-06,4.746471879933511e-06,50,50,8.387426530174178e-06,1.0
hidden_curvature,10,12,3,256,1.0,MA,0.9375,0.9375,0.9505058859248537,0.9505058859248537,1.87619727774679e-06,1.8762031929956943e-06,50,50,9.806697832299963e-06,0.75
hidden_curvature,10,12,3,256,1.0,MLE,0.8958333333333334,0.8958333333333334,0.8166285317065252,0.8166285317065252,2.6180793524913236e-06,2.618082925360827e-06,50,50,1.5887466470298683e-05,0.5
hidden_curvature,10,12,3,256,1.0,Minimax,0.6666666666666666,1.0,0.6053359205701722,0.9999999999999983,7.516510232316413e-06,7.516516147565318e-06,50,50,9.732159401296124e-06,0.0
hidden_curvature,10,12,6,32,0.25,A1,0.9583333333333334,0.9583333333333334,0.9323689363253734,0.9323689363253734,1.917529094042789e-06,1.9175347646560014e-06,50,50,2.433033194986639e-06,0.75
hidden_curvature,10,12,6,32,0.25,CVaR,0.8208333333333333,0.8208333333333333,0.8189998560504801,0.8189998560504801,9.386926359469572e-07,9.386979284945207e-07,50,50,4.114771498111256e-06,0.5
hidden_curvature,10,12,6,32,0.25,Greedy,0.9583333333333334,0.9583333333333334,0.9264958581537158,0.9264958581537158,1.2160512712435794e-06,1.2160566134766732e-06,50,50,2.4330332039678225e-06,0.75
hidden_curvature,10,12,6,32,0.25,Hinge,0.041666666666666664,0.9,0.041139303770792654,0.9028225981297591,2.613989200142292e-06,2.613995115391196e-06,50,50,3.3882822837920004e-06,0.0
hidden_curvature,10,12,6,32,0.25,LCRC,0.5083333333333333,0.5083333333333333,0.5099528313480883,0.5099528313480883,2.582132082261784e-06,2.5821369126265374e-06,50,50,7.043598177649056e-06,0.0
hidden_curvature,10,12,6,32,0.25,MA,0.9,0.9,0.8842613542870454,0.8842613542870454,7.428515884001611e-07,7.428567721931972e-07,50,50,3.638565650362218e-06,0.75
hidden_curvature,10,12,6,32,0.25,MLE,0.9166666666666666,0.9166666666666666,0.8981374792340843,0.8981374792340843,9.063205032182475e-07,9.063237066408008e-07,50,50,4.454327607987006e-06,0.75
hidden_curvature,10,12,6,32,0.25,Minimax,0.08333333333333333,0.08333333333333333,0.08643381391449217,0.08643381391449217,7.516510232316413e-06,7.516516147565318e-06,50,50,9.732159401296124e-06,0.0
hidden_curvature,10,12,6,32,0.5,A1,1.0,1.0,0.9876697502477084,0.9876697502477084,3.7291423520714797e-06,3.7291482673203837e-06,50,50,4.842297270869419e-06,1.0
hidden_curvature,10,12,6,32,0.5,CVaR,0.9791666666666666,0.9791666666666666,0.9544266604729575,0.9544266604729575,9.386926359469572e-07,9.386979284945207e-07,50,50,4.114771498111256e-06,0.75
hidden_curvature,10,12,6,32,0.5,Greedy,1.0,1.0,0.9855787778843684,0.9855787778843684,2.549494709338726e-06,2.549500503121136e-06,50,50,4.837604826865224e-06,1.0
hidden_curvature,10,12,6,32,0.5,Hinge,0.3541666666666667,1.0,0.3641218312277232,0.9869006709920054,4.401177896032367e-06,4.401183811281271e-06,50,50,4.8660782329552555e-06,0.0
hidden_curvature,10,12,6,32,0.5,LCRC,0.8291666666666666,0.8291666666666666,0.8147976373159523,0.8147976373159523,2.582132082261784e-06,2.5821369126265374e-06,50,50,7.043598177649056e-06,0.4
hidden_curvature,10,12,6,32,0.5,MA,0.9583333333333334,0.9583333333333334,0.9343867200273804,0.9343867200273804,7.428515884001611e-07,7.428567721931972e-07,50,50,3.638565650362218e-06,0.75
hidden_curvature,10,12,6,32,0.5,MLE,0.9375,0.9375,0.8993957046403427,0.8993957046403427,9.063205032182475e-07,9.063237066408008e-07,50,50,4.454327607987006e-06,0.75
hidden_curvature,10,12,6,32,0.5,Minimax,0.25,0.25,0.2522751194724571,0.2522751194724571,7.516510232316413e-06,7.516516147565318e-06,50,50,9.732159401296124e-06,0.0
hidden_curvature,10,12,6,32,0.75,A1,1.0,1.0,0.9933298697711419,0.9933298697711419,4.6318188811014615e-06,4.631824796350366e-06,50,50,7.027052624960714e-06,1.0
hidden_curvature,10,12,6,32,0.75,CVaR,0.9791666666666666,0.9791666666666666,0.9613831190049004,0.9613831190049004,9.386926359469572e-07,9.386979284945207e-07,50,50,4.114771498111256e-06,0.75
hidden_curvature,10,12,6,32,0.75,Greedy,1.0,1.0,0.9928005158920971,0.9928005158920971,4.227933277783317e-06,4.22793919303222e-06,50,50,6.883998780983154e-06,1.0
hidden_curvature,10,12,6,32,0.75,Hinge,0.725,1.0,0.7185463587094407,0.9927936377266624,5.85223994363611e-06,5.852245858885014e-06,50,50,7.299117305387993e-06,0.4
hidden_curvature,10,12,6,32,0.75,LCRC,0.9416666666666668,0.9416666666666668,0.9466025387807724,0.9466025387807724,2.582132082261784e-06,2.5821369126265374e-06,50,50,7.043598177649056e-06,0.75
hidden_curvature,10,12,6,32,0.75,MA,0.9791666666666666,0.9791666666666666,0.9617605314251968,0.9617605314251968,7.428515884001611e-07,7.428567721931972e-07,50,50,3.638565650362218e-06,0.75
hidden_curvature,10,12,6,32,0.75,MLE,0.9583333333333334,0.9583333333333334,0.9132370992730449,0.9132370992730449,9.063205032182475e-07,9.063237066408008e-07,50,50,4.454327607987006e-06,0.75
hidden_curvature,10,12,6,32,0.75,Minimax,0.3333333333333333,0.3333333333333333,0.340887501292047,0.340887501292047,7.516510232316413e-06,7.516516147565318e-06,50,50,9.732159401296124e-06,0.0
hidden_curvature,10,12,6,32,1.0,A1,1.0,1.0,0.9784415432735161,0.9784415432735161,7.42851588394928e-07,7.428567721871545e-07,50,50,3.6385656503087883e-06,1.0
hidden_curvature,10,12,6,32,1.0,CVaR,1.0,1.0,0.9871894983531794,0.9871894983531794,9.386926359469572e-07,9.386979284945207e-07,50,50,4.114771498111256e-06,1.0
hidden_curvature,10,12,6,32,1.0,Greedy,1.0,1.0,0.9999815656561376,0.9999815656561376,4.834639170111255e-06,4.8346450853601595e-06,50,50,9.172623243148231e-06,1.0
hidden_curvature,10,12,6,32,1.0,Hinge,0.9833333333333334,1.0,0.988326917811377,0.9999715181302876,7.059456177013843e-06,7.059462092262747e-06,50,50,9.731489495578594e-06,0.8
hidden_curvature,10,12,6,32,1.0,LCRC,1.0,1.0,0.9992770541774303,0.9992770541774303,2.582132082261784e-06,2.5821369126265374e-06,50,50,7.043598177649056e-06,1.0
hidden_curvature,10,12,6,32,1.0,MA,1.0,1.0,0.9784415432735161,0.9784415432735161,7.428515884001611e-07,7.428567721931972e-07,50,50,3.638565650362218e-06,1.0
hidden_curvature,10,12,6,32,1.0,MLE,0.9583333333333334,0.9583333333333334,0.9302571749357255,0.9302571749357255,9.063205032182475e-07,9.063237066408008e-07,50,50,4.454327607987006e-06,0.75
hidden_curvature,10,12,6,32,1.0,Minimax,0.6666666666666666,1.0,0.6746497430037403,1.0000000000000144,7.516510232316413e-06,7.516516147565318e-06,50,50,9.732159401296124e-06,0.0
hidden_curvature,10,12,6,256,0.25,A1,0.9833333333333334,0.9833333333333334,0.967090513921116,0.967090513921116,1.6737427312852664e-06,1.6737484094638968e-06,50,50,2.426909177930848e-06,0.8
hidden_curvature,10,12,6,256,0.25,CVaR,0.9249999999999999,0.9249999999999999,0.9050251713152391,0.9050251713152391,4.489924336276672e-07,4.4899770021471796e-07,50,50,2.8570730947145135e-06,0.75
hidden_curvature,10,12,6,256,0.25,Greedy,0.9625,0.9625,0.960755566981653,0.960755566981653,7.191890855025306e-07,7.191944064417927e-07,50,50,2.350558104445045e-06,0.75
hidden_curvature,10,12,6,256,0.25,Hinge,0.020833333333333332,0.9625,0.021418282691737997,0.9516787491815538,2.4594689049000036e-06,2.4594748201489076e-06,50,50,2.4330391173098605e-06,0.0
hidden_curvature,10,12,6,256,0.25,LCRC,0.7000000000000001,0.7000000000000001,0.6901088534491232,0.6901088534491232,1.6175249229782425e-06,1.6175292481245746e-06,50,50,5.222707894522899e-06,0.25
hidden_curvature,10,12,6,256,0.25,MA,0.9625,0.9625,0.9320648309111942,0.9320648309111942,2.442202676188112e-07,2.4422537486833033e-07,50,50,1.1443697966967072e-06,0.75
hidden_curvature,10,12,6,256,0.25,MLE,0.9625,0.9625,0.9404986243008041,0.9404986243008041,4.657385193935989e-07,4.6574158819266223e-07,50,50,2.965634682272622e-12,0.75
hidden_curvature,10,12,6,256,0.25,Minimax,0.08333333333333333,0.08333333333333333,0.06689001483632799,0.06689001483632799,7.516510232316413e-06,7.516516147565318e-06,50,50,9.732159401296124e-06,0.0
hidden_curvature,10,12,6,256,0.5,A1,1.0,1.0,0.9954150695556817,0.9954150695556817,3.8004083704170953e-06,3.8004142856659997e-06,50,50,4.806136845901531e-06,1.0
hidden_curvature,10,12,6,256,0.5,CVaR,1.0,1.0,0.981605936138735,0.981605936138735,4.489924336276672e-07,4.4899770021471796e-07,50,50,2.8570730947145135e-06,1.0
hidden_curvature,10,12,6,256,0.5,Greedy,1.0,1.0,0.9929075726870368,0.9929075726870368,2.5509201649479903e-06,2.5509260235038906e-06,50,50,4.6324055145943725e-06,1.0
hidden_curvature,10,12,6,256,0.5,Hinge,0.3458333333333334,1.0,0.3314033562907954,0.994156383467608,4.558401105939399e-06,4.558407021188302e-06,50,50,4.866078232989429e-06,0.0
hidden_curvature,10,12,6,256,0.5,LCRC,0.9208333333333334,0.9208333333333334,0.9038351232395166,0.9038351232395166,1.6175249229782425e-06,1.6175292481245746e-06,50,50,5.222707894522899e-06,0.75
hidden_curvature,10,12,6,256,0.5,MA,1.0,1.0,0.9684765163621688,0.9684765163621688,2.442202676188112e-07,2.4422537486833033e-07,50,50,1.1443697966967072e-06,1.0
hidden_curvature,10,12,6,256,0.5,MLE,0.9625,0.9625,0.9413586012607089,0.9413586012607089,4.657385193935989e-07,4.6574158819266223e-07,50,50,2.965634682272622e-12,0.75
hidden_curvature,10,12,6,256,0.5,Minimax,0.25,0.25,0.235578303281496,0.235578303281496,7.516510232316413e-06,7.516516147565318e-06,50,50,9.732159401296124e-06,0.0
hidden_curvature,10,12,6,256,0.75,A1,1.0,1.0,0.9997354936537923,0.9997354936537923,4.434741941524225e-06,4.434747856773129e-06,50,50,6.86792481287557e-06,1.0
hidden_curvature,10,12,6,256,0.75,CVaR,1.0,1.0,0.9846667870000863,0.9846667870000863,4.489924336276672e-07,4.4899770021471796e-07,50,50,2.8570730947145135e-06,1.0
hidden_curvature,10,12,6,256,0.75,Greedy,1.0,1.0,0.9996908492191876,0.9996908492191876,3.842083725020747e-06,3.842089640269652e-06,50,50,6.806115818865088e-06,1.0
hidden_curvature,10,12,6,256,0.75,Hinge,0.7166666666666667,1.0,0.6962789334380574,0.999718996238033,5.7698701496680604e-06,5.769876064916965e-06,50,50,7.299117349022186e-06,0.0
hidden_curvature,10,12,6,256,0.75,LCRC,0.9833333333333334,0.9833333333333334,0.9824125519191317,0.9824125519191317,1.6175249229782425e-06,1.6175292481245746e-06,50,50,5.222707894522899e-06,0.8
hidden_curvature,10,12,6,256,0.75,MA,1.0,1.0,0.9780237972170126,0.9780237972170126,2.442202676188112e-07,2.4422537486833033e-07,50,50,1.1443697966967072e-06,1.0
hidden_curvature,10,12,6,256,0.75,MLE,0.9625,0.9625,0.9530578716629718,0.9530578716629718,4.657385193935989e-07,4.6574158819266223e-07,50,50,2.965634682272622e-12,0.75
hidden_curvature,10,12,6,256,0.75,Minimax,0.3333333333333333,0.3333333333333333,0.31942772784978435,0.31942772784978435,7.516510232316413e-06,7.516516147565318e-06,50,50,9.732159401296124e-06,0.0
hidden_curvature,10,12,6,256,1.0,A1,1.0,1.0,0.9801482709880182,0.9801482709880182,2.442202676149659e-07,2.442253748642826e-07,50,50,1.1443697966644411e-06,1.0
hidden_curvature,10,12,6,256,1.0,CVaR,1.0,1.0,0.9918384354047154,0.9918384354047154,4.489924336276672e-07,4.4899770021471796e-07,50,50,2.8570730947145135e-06,1.0
hidden_curvature,10,12,6,256,1.0,Greedy,1.0,1.0,0.9999991096905255,0.9999991096905255,4.421791372730191e-06,4.4217972879790945e-06,50,50,8.896877022255069e-06,1.0
hidden_curvature,10,12,6,256,1.0,Hinge,1.0,1.0,0.9999991040546838,0.9999991040546838,7.146903049177801e-06,7.146908964426706e-06,50,50,9.724541058805586e-06,1.0
hidden_curvature,10,12,6,256,1.0,LCRC,1.0,1.0,0.9985635084051064,0.9985635084051064,1.6175249229782425e-06,1.6175292481245746e-06,50,50,5.222707894522899e-06,1.0
hidden_curvature,10,12,6,256,1.0,MA,1.0,1.0,0.9801482709880182,0.9801482709880182,2.442202676188112e-07,2.4422537486833033e-07,50,50,1.1443697966967072e-06,1.0
hidden_curvature,10,12,6,256,1.0,MLE,0.9833333333333334,0.9833333333333334,0.9578436720871913,0.9578436720871913,4.657385193935989e-07,4.6574158819266223e-07,50,50,2.965634682272622e-12,0.8
hidden_curvature,10,12,6,256,1.0,Minimax,0.6666666666666666,1.0,0.6686170591854976,1.0000000000000264,7.516510232316413e-06,7.516516147565318e-06,50,50,9.732159401296124e-06,0.0
simplex,3,3,0,32,0.25,A1,0.3333333333333333,0.3333333333333333,0.3333333333333341,0.3333333333333341,0.0008982373345773334,0.0008982373422283334,50,50,0.001259229699179,0.0
simplex,3,3,0,32,0.25,CVaR,0.0,0.0,0.0,0.0,0.000705010480857,0.0007050104885083334,50,50,0.000705010480859,0.0
simplex,3,3,0,32,0.25,Greedy,0.3333333333333333,0.3333333333333333,0.3333333333333341,0.3333333333333341,0.0008982373345773334,0.0008982373422283334,50,50,0.001259229699179,0.0
simplex,3,3,0,32,0.25,Hinge,0.0,0.0,0.0,0.0,0.0007050104808566668,0.0007050104885083334,50,50,0.000705010507044,0.0
simplex,3,3,0,32,0.25,LCRC,0.0,0.0,0.0,0.0,0.0007050104808569609,0.0007050104885079608,50,50,0.0007050104808570001,0.0
simplex,3,3,0,32,0.25,MA,0.0,0.0,0.0,0.0,0.0007050104808570002,0.0007050104885080001,50,50,0.0007050104808570001,0.0
simplex,3,3,0,32,0.25,MLE,0.3333333333333333,0.3333333333333333,0.3333333333333341,0.3333333333333341,0.0014779178593498782,0.0014779178657257563,50,50,0.002216876787112,0.0
simplex,3,3,0,32,0.25,Minimax,0.0,0.0,0.0,0.0,0.0007050104808569609,0.0007050104885079608,50,50,0.0007050104808570001,0.0
simplex,3,3,0,32,0.5,A1,0.3333333333333333,0.3333333333333333,0.3333333333333341,0.3333333333333341,0.0007713154556896667,0.000771315463341,50,50,0.000980720568122,0.0
simplex,3,3,0,32,0.5,CVaR,0.0,0.0,0.0,0.0,0.000705010480857,0.0007050104885083334,50,50,0.000705010480859,0.0
simplex,3,3,0,32,0.5,Greedy,0.3333333333333333,0.3333333333333333,0.3333333333333341,0.3333333333333341,0.0007713154556896667,0.000771315463341,50,50,0.000980720568122,0.0
simplex,3,3,0,32,0.5,Hinge,0.0,0.0,0.0,0.0,0.000705010480857,0.0007050104885080001,50,50,0.0007050105976660001,0.0
simplex,3,3,0,32,0.5,LCRC,0.0,0.0,0.0,0.0,0.0007050104808569609,0.0007050104885079608,50,50,0.0007050104808570001,0.0
simplex,3,3,0,32,0.5,MA,0.0,0.0,0.0,0.0,0.0007050104808570002,0.0007050104885080001,50,50,0.0007050104808570001,0.0
simplex,3,3,0,32,0.5,MLE,0.3333333333333333,0.3333333333333333,0.3333333333333341,0.3333333333333341,0.0014779178593498782,0.0014779178657257563,50,50,0.002216876787112,0.0
simplex,3,3,0,32,0.5,Minimax,0.0,0.0,0.0,0.0,0.0007050104808569609,0.0007050104885079608,50,50,0.0007050104808570001,0.0
simplex,3,3,0,32,0.75,A1,0.3333333333333333,0.3333333333333333,0.3333333333333341,0.3333333333333341,0.0007188835458766667,0.0007188835535276668,50,50,0.000813946393742,0.0
simplex,3,3,0,32,0.75,CVaR,0.0,0.0,0.0,0.0,0.000705010480857,0.0007050104885083334,50,50,0.000705010480859,0.0
simplex,3,3,0,32,0.75,Greedy,0.3333333333333333,0.3333333333333333,0.3333333333333341,0.3333333333333341,0.0007188835458766667,0.0007188835535276668,50,50,0.000813946393742,0.0
simplex,3,3,0,32,0.75,Hinge,0.0,0.0,0.0,0.0,0.000705010480857,0.0007050104885083334,50,50,0.0007050107608870001,0.0
simplex,3,3,0,32,0.75,LCRC,0.0,0.0,0.0,0.0,0.0007050104808569609,0.0007050104885079608,50,50,0.0007050104808570001,0.0
simplex,3,3,0,32,0.75,MA,0.0,0.0,0.0,0.0,0.0007050104808570002,0.0007050104885080001,50,50,0.0007050104808570001,0.0
simplex,3,3,0,32,0.75,MLE,0.3333333333333333,0.3333333333333333,0.3333333333333341,0.3333333333333341,0.0014779178593498782,0.0014779178657257563,50,50,0.002216876787112,0.0
simplex,3,3,0,32,0.75,Minimax,0.0,0.0,0.0,0.0,0.0007050104808569609,0.0007050104885079608,50,50,0.0007050104808570001,0.0
simplex,3,3,0,32,1.0,A1,0.3333333333333333,0.3333333333333333,0.3333333333333341,0.3333333333333341,0.0007050104808573334,0.000705010488509,50,50,0.000705011125902,0.0
simplex,3,3,0,32,1.0,CVaR,0.0,1.0,0.0,1.000000000000002,0.000705010480857,0.0007050104885083334,50,50,0.000705010480859,0.0
simplex,3,3,0,32,1.0,Greedy,0.6666666666666666,0.6666666666666666,0.6666666666666682,0.6666666666666682,0.0007050104808573334,0.000705010488509,50,50,0.0007050116540420001,0.0
simplex,3,3,0,32,1.0,Hinge,0.0,1.0,0.0,1.000000000000002,0.0007050104808573334,0.0007050104885083333,50,50,0.0007050104809630001,0.0
simplex,3,3,0,32,1.0,LCRC,0.0,1.0,0.0,1.000000000000002,0.0007050104808569609,0.0007050104885079608,50,50,0.0007050104808570001,0.0
simplex,3,3,0,32,1.0,MA,0.0,1.0,0.0,1.000000000000002,0.0007050104808570002,0.0007050104885080001,50,50,0.0007050104808570001,0.0
simplex,3,3,0,32,1.0,MLE,0.3333333333333333,0.3333333333333333,0.3333333333333341,0.3333333333333341,0.0014779178593498782,0.0014779178657257563,50,50,0.002216876787112,0.0
simplex,3,3,0,32,1.0,Minimax,0.0,1.0,0.0,1.000000000000002,0.0007050104808569609,0.0007050104885079608,50,50,0.0007050104808570001,0.0
simplex,3,3,0,256,0.25,A1,0.3333333333333333,0.3333333333333333,0.33333333333331505,0.33333333333331505,0.0008982373345773334,0.0008982373422286668,50,50,0.001259230170121,0.0
simplex,3,3,0,256,0.25,CVaR,0.0,0.0,0.0,0.0,0.000705010480857,0.0007050104885083334,50,50,0.000705010480859,0.0
simplex,3,3,0,256,0.25,Greedy,0.3333333333333333,0.3333333333333333,0.33333333333331505,0.33333333333331505,0.0008982373345773334,0.0008982373422286668,50,50,0.001259230170121,0.0
simplex,3,3,0,256,0.25,Hinge,0.0,0.0,0.0,0.0,0.0007050104808633334,0.000705010488515,50,50,0.0007050139598440001,0.0
simplex,3,3,0,256,0.25,LCRC,0.0,0.0,0.0,0.0,0.0007050104808570002,0.0007050104885080001,50,50,0.0007050104808570001,0.0
simplex,3,3,0,256,0.25,MA,0.0,0.0,0.0,0.0,0.0007050104808570002,0.0007050104885080001,50,50,0.0007050104808570001,0.0
simplex,3,3,0,256,0.25,MLE,0.3333333333333333,0.3333333333333333,0.33333333333331505,0.33333333333331505,0.0014779178593498782,0.0014779178657257563,50,50,0.002216876787112,0.0
simplex,3,3,0,256,0.25,Minimax,0.0,0.0,0.0,0.0,0.0007050104808570002,0.0007050104885080001,50,50,0.0007050104808570001,0.0
simplex,3,3,0,256,0.5,A1,0.3333333333333333,0.3333333333333333,0.33333333333331505,0.33333333333331505,0.0007713154556896667,0.000771315463341,50,50,0.000980720578818,0.0
simplex,3,3,0,256,0.5,CVaR,0.0,0.0,0.0,0.0,0.000705010480857,0.0007050104885083334,50,50,0.000705010480859,0.0
simplex,3,3,0,256,0.5,Greedy,0.3333333333333333,0.3333333333333333,0.33333333333331505,0.33333333333331505,0.0007713154556896667,0.000771315463341,50,50,0.000980720578818,0.0
simplex,3,3,0,256,0.5,Hinge,0.0,0.0,0.0,0.0,0.0007050104808573334,0.0007050104885083334,50,50,0.0007050105976470001,0.0
simplex,3,3,0,256,0.5,LCRC,0.0,0.0,0.0,0.0,0.0007050104808570002,0.0007050104885080001,50,50,0.0007050104808570001,0.0
simplex,3,3,0,256,0.5,MA,0.0,0.0,0.0,0.0,0.0007050104808570002,0.0007050104885080001,50,50,0.0007050104808570001,0.0
simplex,3,3,0,256,0.5,MLE,0.3333333333333333,0.3333333333333333,0.33333333333331505,0.33333333333331505,0.0014779178593498782,0.0014779178657257563,50,50,0.002216876787112,0.0
simplex,3,3,0,256,0.5,Minimax,0.0,0.0,0.0,0.0,0.0007050104808570002,0.0007050104885080001,50,50,0.0007050104808570001,0.0
simplex,3,3,0,256,0.75,A1,0.3333333333333333,0.3333333333333333,0.33333333333331505,0.33333333333331505,0.0007188835458766668,0.0007188835535276668,50,50,0.0008139463955090001,0.0
simplex,3,3,0,256,0.75,CVaR,0.0,0.0,0.0,0.0,0.000705010480857,0.0007050104885083334,50,50,0.000705010480859,0.0
simplex,3,3,0,256,0.75,Greedy,0.3333333333333333,0.3333333333333333,0.33333333333331505,0.33333333333331505,0.0007188835458766668,0.0007188835535276668,50,50,0.0008139463955090001,0.0
simplex,3,3,0,256,0.75,Hinge,0.0,0.0,0.0,0.0,0.0007050104808566667,0.0007050104885080001,50,50,0.000705010760882,0.0
simplex,3,3,0,256,0.75,LCRC,0.0,0.0,0.0,0.0,0.0007050104808570002,0.0007050104885080001,50,50,0.0007050104808570001,0.0
simplex,3,3,0,256,0.75,MA,0.0,0.0,0.0,0.0,0.0007050104808570002,0.0007050104885080001,50,50,0.0007050104808570001,0.0
simplex,3,3,0,256,0.75,MLE,0.3333333333333333,0.3333333333333333,0.33333333333331505,0.33333333333331505,0.0014779178593498782,0.0014779178657257563,50,50,0.002216876787112,0.0
simplex,3,3,0,256,0.75,Minimax,0.0,0.0,0.0,0.0,0.0007050104808570002,0.0007050104885080001,50,50,0.0007050104808570001,0.0
simplex,3,3,0,256,1.0,A1,0.3333333333333333,0.3333333333333333,0.33333333333331505,0.33333333333331505,0.0007050104808576668,0.0007050104885086668,50,50,0.000705011085651,0.0
simplex,3,3,0,256,1.0,CVaR,0.0,1.0,0.0,0.999999999999945,0.000705010480857,0.0007050104885083334,50,50,0.000705010480859,0.0
simplex,3,3,0,256,1.0,Greedy,0.6666666666666666,0.6666666666666666,0.6666666666666301,0.6666666666666301,0.0007050104808576668,0.0007050104885093334,50,50,0.0007050119421620001,0.0
simplex,3,3,0,256,1.0,Hinge,0.0,1.0,0.0,0.999999999999945,0.000705010480857,0.0007050104885080001,50,50,0.0007050104809350001,0.0
simplex,3,3,0,256,1.0,LCRC,0.0,1.0,0.0,0.999999999999945,0.0007050104808570002,0.0007050104885080001,50,50,0.0007050104808570001,0.0
simplex,3,3,0,256,1.0,MA,0.0,1.0,0.0,0.999999999999945,0.0007050104808570002,0.0007050104885080001,50,50,0.0007050104808570001,0.0
simplex,3,3,0,256,1.0,MLE,0.3333333333333333,0.3333333333333333,0.33333333333331505,0.33333333333331505,0.0014779178593498782,0.0014779178657257563,50,50,0.002216876787112,0.0
simplex,3,3,0,256,1.0,Minimax,0.0,1.0,0.0,0.999999999999945,0.0007050104808570002,0.0007050104885080001,50,50,0.0007050104808570001,0.0
simplex,3,3,1,32,0.25,A1,0.6188725490196079,0.6188725490196079,0.616592144276476,0.616592144276476,0.0005616635513433075,0.0005616635589945491,50,50,0.00134284864558215,0.5625
simplex,3,3,1,32,0.25,CVaR,0.09926470588235294,0.09926470588235294,0.08929540982701395,0.08929540982701395,0.0005840233041143437,0.0005840233117656892,50,50,0.00076453343451805,0.0625
simplex,3,3,1,32,0.25,Greedy,0.6188725490196079,0.6188725490196079,0.616592144276476,0.616592144276476,0.0005616635513433075,0.0005616635589945491,50,50,0.00134284864558215,0.5625
simplex,3,3,1,32,0.25,Hinge,0.0,0.31862745098039214,0.0,0.2848909633011452,0.0005187369944883371,0.0005187370021395944,50,50,0.0011660481920808,0.0
simplex,3,3,1,32,0.25,LCRC,0.0,0.0,0.0,0.0,0.0006989710635935492,0.0006989710712445686,50,50,0.0007050104808570001,0.0
simplex,3,3,1,32,0.25,MA,0.31862745098039214,0.31862745098039214,0.2848909633011452,0.2848909633011452,0.0005024170389333631,0.0005024170465845642,50,50,0.0012111818429437,0.25
simplex,3,3,1,32,0.25,MLE,0.6188725490196079,0.6188725490196079,0.616592144276476,0.616592144276476,0.0008449126013771749,0.0008449126066607578,50,50,0.002216876787112,0.5625
simplex,3,3,1,32,0.25,Minimax,0.0,0.0,0.0,0.0,0.0007050104808570002,0.0007050104885080001,50,50,0.0007050104808570001,0.0
simplex,3,3,1,32,0.5,A1,0.6188725490196079,0.6188725490196079,0.616592144276476,0.616592144276476,0.0005116180547278063,0.0005116180623790883,50,50,0.0012111818429437,0.5625
simplex,3,3,1,32,0.5,CVaR,0.13848039215686275,0.13848039215686275,0.1377120562747082,0.1377120562747082,0.0005840233041143437,0.0005840233117656892,50,50,0.00076453343451805,0.0625
simplex,3,3,1,32,0.5,Greedy,0.6188725490196079,0.6188725490196079,0.616592144276476,0.616592144276476,0.0005116180547278063,0.0005116180623790883,50,50,0.0012111818429437,0.5625
simplex,3,3,1,32,0.5,Hinge,0.0,0.4375,0.0,0.4113915071843808,0.0005659018368159265,0.0005659018444672659,50,50,0.0010330537268549997,0.0
simplex,3,3,1,32,0.5,LCRC,0.0,0.0,0.0,0.0,0.0006989710635935492,0.0006989710712445686,50,50,0.0007050104808570001,0.0
simplex,3,3,1,32,0.5,MA,0.4375,0.4375,0.42220379401292685,0.42220379401292685,0.0005024170389333631,0.0005024170465845642,50,50,0.0012111818429437,0.3125
simplex,3,3,1,32,0.5,MLE,0.6188725490196079,0.6188725490196079,0.616592144276476,0.616592144276476,0.0008449126013771749,0.0008449126066607578,50,50,0.002216876787112,0.5625
simplex,3,3,1,32,0.5,Minimax,0.0,0.0,0.0,0.0,0.0007050104808570002,0.0007050104885080001,50,50,0.0007050104808570001,0.0
simplex,3,3,1,32,0.75,A1,0.6188725490196079,0.6188725490196079,0.616592144276476,0.616592144276476,0.0005002694643151169,0.0005002694719662947,50,50,0.00121118184294535,0.5625
simplex,3,3,1,32,0.75,CVaR,0.23897058823529416,0.23897058823529416,0.21276699706434501,0.21276699706434501,0.0005840233041143437,0.0005840233117656892,50,50,0.00076453343451805,0.17647058823529413
simplex,3,3,1,32,0.75,Greedy,0.6188725490196079,0.6188725490196079,0.616592144276476,0.616592144276476,0.0005002694643151169,0.0005002694719662947,50,50,0.00121118184294535,0.5625
simplex,3,3,1,32,0.75,Hinge,0.0,0.5183823529411765,0.0,0.5393780837061767,0.0006177304049923518,0.0006177304126436361,50,50,0.0009319885774079999,0.0
simplex,3,3,1,32,0.75,LCRC,0.0,0.0,0.0,0.0,0.0006989710635935492,0.0006989710712445686,50,50,0.0007050104808570001,0.0
simplex,3,3,1,32,0.75,MA,0.5379901960784313,0.5379901960784313,0.5582493727642417,0.5582493727642417,0.0005024170389333631,0.0005024170465845642,50,50,0.0012111818429437,0.4375
simplex,3,3,1,32,0.75,MLE,0.6188725490196079,0.6188725490196079,0.616592144276476,0.616592144276476,0.0008449126013771749,0.0008449126066607578,50,50,0.002216876787112,0.5625
simplex,3,3,1,32,0.75,Minimax,0.0,0.0,0.0,0.0,0.0007050104808570002,0.0007050104885080001,50,50,0.0007050104808570001,0.0
simplex,3,3,1,32,1.0,A1,0.7181372549019608,0.7181372549019608,0.6777298281423899,0.6777298281423899,0.0005024170389342563,0.0005024170465854354,50,50,0.00121118184294425,0.625
simplex,3,3,1,32,1.0,CVaR,0.6372549019607843,0.9203431372549019,0.6356997990670289,0.9187880343611455,0.0005840233041143437,0.0005840233117656892,50,50,0.00076453343451805,0.5
simplex,3,3,1,32,1.0,Greedy,0.9007352941176471,0.9007352941176471,0.8789178483851,0.8789178483851,0.0005878565113935871,0.0005878565190449253,50,50,0.0010616759353767997,0.7647058823529411
simplex,3,3,1,32,1.0,Hinge,0.0,0.9007352941176471,0.0,0.8872989834658397,0.0007050104779942745,0.0007050104856455968,50,50,0.0007050104880953,0.0
simplex,3,3,1,32,1.0,LCRC,0.0392156862745098,1.0,0.038953078463129766,0.9997373921886213,0.0006989710635935492,0.0006989710712445686,50,50,0.0007050104808570001,0.0
simplex,3,3,1,32,1.0,MA,0.7181372549019608,0.7181372549019608,0.6777298281423899,0.6777298281423899,0.0005024170389333631,0.0005024170465845642,50,50,0.0012111818429437,0.625
simplex,3,3,1,32,1.0,MLE,0.6188725490196079,0.6188725490196079,0.616592144276476,0.616592144276476,0.0008449126013771749,0.0008449126066607578,50,50,0.002216876787112,0.5625
simplex,3,3,1,32,1.0,Minimax,0.0,1.0,0.0,1.000000000000001,0.0007050104808570002,0.0007050104885080001,50,50,0.0007050104808570001,0.0
simplex,3,3,1,256,0.25,A1,0.6384803921568628,0.6384803921568628,0.6279398737023876,0.6279398737023876,0.0005351763372461716,0.0005351763448974172,50,50,0.001304436871476,0.5625
simplex,3,3,1,256,0.25,CVaR,0.06004901960784314,0.06004901960784314,0.052824337613982,0.052824337613982,0.0005730901189653265,0.0005730901266166921,50,50,0.0007050104811740501,0.058823529411764705
simplex,3,3,1,256,0.25,Greedy,0.6384803921568628,0.6384803921568628,0.6279398737023876,0.6279398737023876,0.0005351763372461716,0.0005351763448974172,50,50,0.001304436871476,0.5625
simplex,3,3,1,256,0.25,Hinge,0.0,0.29901960784313725,0.0,0.26450092888123217,0.0004982019160066324,0.000498201923657951,50,50,0.0011567541531467501,0.0
simplex,3,3,1,256,0.25,LCRC,0.0,0.0,0.0,0.0,0.0007018020404355001,0.0007018020480865208,50,50,0.0007050104808570001,0.0
simplex,3,3,1,256,0.25,MA,0.29901960784313725,0.29901960784313725,0.26450092888123217,0.26450092888123217,0.0004842650460190273,0.00048426505367037234,50,50,0.00118161490435425,0.25
simplex,3,3,1,256,0.25,MLE,0.6384803921568628,0.6384803921568628,0.6279398737023876,0.6279398737023876,0.0008014444291558736,0.0008014444343644494,50,50,0.002216876787112,0.5625
simplex,3,3,1,256,0.25,Minimax,0.0,0.0,0.0,0.0,0.0007050104808570002,0.0007050104885080001,50,50,0.0007050104808570001,0.0
simplex,3,3,1,256,0.5,A1,0.6384803921568628,0.6384803921568628,0.6279398737023876,0.6279398737023876,0.0005011671056893158,0.0005011671133404204,50,50,0.0011816149043588498,0.5625
simplex,3,3,1,256,0.5,CVaR,0.14093137254901963,0.14093137254901963,0.13597759194619344,0.13597759194619344,0.0005730901189653265,0.0005730901266166921,50,50,0.0007050104811740501,0.058823529411764705
simplex,3,3,1,256,0.5,Greedy,0.6384803921568628,0.6384803921568628,0.6279398737023876,0.6279398737023876,0.0005011671056893158,0.0005011671133404204,50,50,0.0011816149043588498,0.5625
simplex,3,3,1,256,0.5,Hinge,0.0,0.49754901960784315,0.0,0.4757644862411765,0.0005344550169411582,0.0005344550245924167,50,50,0.0009952479776209,0.0
simplex,3,3,1,256,0.5,LCRC,0.0,0.0,0.0,0.0,0.0007018020404355001,0.0007018020480865208,50,50,0.0007050104808570001,0.0
simplex,3,3,1,256,0.5,MA,0.49754901960784315,0.49754901960784315,0.4757644862411765,0.4757644862411765,0.0004842650460190273,0.00048426505367037234,50,50,0.00118161490435425,0.375
simplex,3,3,1,256,0.5,MLE,0.6384803921568628,0.6384803921568628,0.6279398737023876,0.6279398737023876,0.0008014444291558736,0.0008014444343644494,50,50,0.002216876787112,0.5625
simplex,3,3,1,256,0.5,Minimax,0.0,0.0,0.0,0.0,0.0007050104808570002,0.0007050104885080001,50,50,0.0007050104808570001,0.0
simplex,3,3,1,256,0.75,A1,0.6384803921568628,0.6384803921568628,0.6279398737023876,0.6279398737023876,0.00048439971277614593,0.0004843997204274308,50,50,0.001181614904357,0.5625
simplex,3,3,1,256,0.75,CVaR,0.19975490196078435,0.19975490196078435,0.17982005990930194,0.17982005990930194,0.0005730901189653265,0.0005730901266166921,50,50,0.0007050104811740501,0.11764705882352941
simplex,3,3,1,256,0.75,Greedy,0.6384803921568628,0.6384803921568628,0.6279398737023876,0.6279398737023876,0.00048439971277614593,0.0004843997204274308,50,50,0.001181614904357,0.5625
simplex,3,3,1,256,0.75,Hinge,0.0,0.5968137254901961,0.0,0.566793269390953,0.000595259165633614,0.0005952591732849977,50,50,0.0008641711879373,0.0
simplex,3,3,1,256,0.75,LCRC,0.0,0.0,0.0,0.0,0.0007018020404355001,0.0007018020480865208,50,50,0.0007050104808570001,0.0
simplex,3,3,1,256,0.75,MA,0.5968137254901961,0.5968137254901961,0.5773915284374405,0.5773915284374405,0.0004842650460190273,0.00048426505367037234,50,50,0.00118161490435425,0.4375
simplex,3,3,1,256,0.75,MLE,0.6384803921568628,0.6384803921568628,0.6279398737023876,0.6279398737023876,0.0008014444291558736,0.0008014444343644494,50,50,0.002216876787112,0.5625
simplex,3,3,1,256,0.75,Minimax,0.0,0.0,0.0,0.0,0.0007050104808570002,0.0007050104885080001,50,50,0.0007050104808570001,0.0
simplex,3,3,1,256,1.0,A1,0.7401960784313726,0.7401960784313726,0.6937147888709706,0.6937147888709706,0.0004842650460192026,0.00048426505367052923,50,50,0.0011816149043566,0.7058823529411765
simplex,3,3,1,256,1.0,CVaR,0.7181372549019608,0.9595588235294118,0.6645127654646523,0.9059343340921044,0.0005730901189653265,0.0005730901266166921,50,50,0.0007050104811740501,0.625
simplex,3,3,1,256,1.0,Greedy,0.9203431372549019,0.9203431372549019,0.8836688192627937,0.8836688192627937,0.0005628077281552464,0.0005628077358064302,50,50,0.0010064495286758997,0.8823529411764706
simplex,3,3,1,256,1.0,Hinge,0.0,0.9203431372549019,0.0,0.8836688192627937,0.0007050104775885944,0.0007050104852398346,50,50,0.00070501048798965,0.0
simplex,3,3,1,256,1.0,LCRC,0.020833333333333332,1.0,0.020544833781606296,0.9997115004482917,0.0007018020404355001,0.0007018020480865208,50,50,0.0007050104808570001,0.0
simplex,3,3,1,256,1.0,MA,0.7401960784313726,0.7401960784313726,0.6937147888709706,0.6937147888709706,0.0004842650460190273,0.00048426505367037234,50,50,0.00118161490435425,0.7058823529411765
simplex,3,3,1,256,1.0,MLE,0.6384803921568628,0.6384803921568628,0.6279398737023876,0.6279398737023876,0.0008014444291558736,0.0008014444343644494,50,50,0.002216876787112,0.5625
simplex,3,3,1,256,1.0,Minimax,0.0,1.0,0.0,1.0000000000000164,0.0007050104808570002,0.0007050104885080001,50,50,0.0007050104808570001,0.0
simplex,3,3,3,32,0.25,A1,0.8406862745098039,0.8406862745098039,0.8646410312296172,0.8646410312296172,0.0002651868146243509,0.00026518682227559017,50,50,0.0015905039852555,0.7647058823529411
simplex,3,3,3,32,0.25,CVaR,0.6397058823529411,0.6397058823529411,0.6408120115914269,0.6408120115914269,0.00027551483519168765,0.0002755148428429707,50,50,0.00116576470599485,0.47058823529411764
simplex,3,3,3,32,0.25,Greedy,0.8406862745098039,0.8406862745098039,0.8646410312296172,0.8646410312296172,0.0002651868146243509,0.00026518682227559017,50,50,0.0015905039852555,0.7647058823529411
simplex,3,3,3,32,0.25,Hinge,0.0,0.761029411764706,0.0,0.7797718689484712,0.000332385304419266,0.0003323853120706459,50,50,0.0011675828616671499,0.0
simplex,3,3,3,32,0.25,LCRC,0.1213235294117647,0.1213235294117647,0.12031668798130692,0.12031668798130692,0.0005396425745580372,0.0005396425817451492,50,50,0.0007050104808570001,0.058823529411764705
simplex,3,3,3,32,0.25,MA,0.761029411764706,0.761029411764706,0.7797718689484712,0.7797718689484712,0.0002596903647039237,0.00025969037235522427,50,50,0.00159050398524845,0.5882352941176471
simplex,3,3,3,32,0.25,MLE,0.8406862745098039,0.8406862745098039,0.8646410312296172,0.8646410312296172,0.0003531789031237032,0.00035317890755876664,50,50,0.002216876787112,0.7647058823529411
simplex,3,3,3,32,0.25,Minimax,0.0,0.0,0.0,0.0,0.0007050104808570002,0.0007050104885080001,50,50,0.0007050104808570001,0.0
simplex,3,3,3,32,0.5,A1,0.8406862745098039,0.8406862745098039,0.8646410312296172,0.8646410312296172,0.000258975861018092,0.0002589758686693718,50,50,0.0015905039852528,0.7647058823529411
simplex,3,3,3,32,0.5,CVaR,0.7009803921568628,0.7009803921568628,0.7220938518504193,0.7220938518504193,0.00027551483519168765,0.0002755148428429707,50,50,0.00116576470599485,0.5294117647058824
simplex,3,3,3,32,0.5,Greedy,0.8406862745098039,0.8406862745098039,0.8646410312296172,0.8646410312296172,0.000258975861018092,0.0002589758686693718,50,50,0.0015905039852528,0.7647058823529411
simplex,3,3,3,32,0.5,Hinge,0.020833333333333332,0.801470588235294,0.020784409040723605,0.83162177817956,0.0004368654284425441,0.00043686543609390446,50,50,0.0008417662383862498,0.0
simplex,3,3,3,32,0.5,LCRC,0.1213235294117647,0.1213235294117647,0.12031668798130692,0.12031668798130692,0.0005396425745580372,0.0005396425817451492,50,50,0.0007050104808570001,0.058823529411764705
simplex,3,3,3,32,0.5,MA,0.801470588235294,0.801470588235294,0.83162177817956,0.83162177817956,0.0002596903647039237,0.00025969037235522427,50,50,0.00159050398524845,0.6470588235294118
simplex,3,3,3,32,0.5,MLE,0.8406862745098039,0.8406862745098039,0.8646410312296172,0.8646410312296172,0.0003531789031237032,0.00035317890755876664,50,50,0.002216876787112,0.7647058823529411
simplex,3,3,3,32,0.5,Minimax,0.0,0.0,0.0,0.0,0.0007050104808570002,0.0007050104885080001,50,50,0.0007050104808570001,0.0
simplex,3,3,3,32,0.75,A1,0.8406862745098039,0.8406862745098039,0.8646410312296172,0.8646410312296172,0.0002596903647039992,0.00025969037235523966,50,50,0.0015905039852488999,0.7647058823529411
simplex,3,3,3,32,0.75,CVaR,0.7009803921568628,0.7009803921568628,0.736264787103181,0.736264787103181,0.00027551483519168765,0.0002755148428429707,50,50,0.00116576470599485,0.5294117647058824
simplex,3,3,3,32,0.75,Greedy,0.8406862745098039,0.8406862745098039,0.8646410312296172,0.8646410312296172,0.0002596903647039992,0.00025969037235523966,50,50,0.0015905039852488999,0.7647058823529411
simplex,3,3,3,32,0.75,Hinge,0.0,0.8406862745098039,0.0,0.8646410312296172,0.0005530682464236102,0.0005530682540749302,50,50,0.0006344975482382498,0.0
simplex,3,3,3,32,0.75,LCRC,0.1213235294117647,0.1213235294117647,0.12031668798130692,0.12031668798130692,0.0005396425745580372,0.0005396425817451492,50,50,0.0007050104808570001,0.058823529411764705
simplex,3,3,3,32,0.75,MA,0.8406862745098039,0.8406862745098039,0.8646410312296172,0.8646410312296172,0.0002596903647039237,0.00025969037235522427,50,50,0.00159050398524845,0.7647058823529411
simplex,3,3,3,32,0.75,MLE,0.8406862745098039,0.8406862745098039,0.8646410312296172,0.8646410312296172,0.0003531789031237032,0.00035317890755876664,50,50,0.002216876787112,0.7647058823529411
simplex,3,3,3,32,0.75,Minimax,0.0,0.0,0.0,0.0,0.0007050104808570002,0.0007050104885080001,50,50,0.0007050104808570001,0.0
simplex,3,3,3,32,1.0,A1,0.8406862745098039,0.8406862745098039,0.8731440791149433,0.8731440791149433,0.000259690364703873,0.00025969037235513303,50,50,0.00159050398524845,0.7647058823529411
simplex,3,3,3,32,1.0,CVaR,0.9019607843137255,0.9215686274509803,0.9158125471287074,0.9354203902659628,0.00027551483519168765,0.0002755148428429707,50,50,0.00116576470599485,0.7647058823529411
simplex,3,3,3,32,1.0,Greedy,0.9607843137254902,0.9607843137254902,0.9765011349165262,0.9765011349165262,0.0004894181642584756,0.0004894181719096973,50,50,0.0007050104694560001,0.8823529411764706
simplex,3,3,3,32,1.0,Hinge,0.12009803921568629,0.9607843137254902,0.13023996632739362,0.9765011349165262,0.0007050104711247489,0.0007050104787760638,50,50,0.0007050104773473501,0.058823529411764705
simplex,3,3,3,32,1.0,LCRC,0.6397058823529411,1.0,0.6351607196541439,0.9954548373012061,0.0005396425745580372,0.0005396425817451492,50,50,0.0007050104808570001,0.5294117647058824
simplex,3,3,3,32,1.0,MA,0.8406862745098039,0.8406862745098039,0.8731440791149433,0.8731440791149433,0.0002596903647039237,0.00025969037235522427,50,50,0.00159050398524845,0.7647058823529411
simplex,3,3,3,32,1.0,MLE,0.8406862745098039,0.8406862745098039,0.8646410312296172,0.8646410312296172,0.0003531789031237032,0.00035317890755876664,50,50,0.002216876787112,0.7647058823529411
simplex,3,3,3,32,1.0,Minimax,0.0,1.0,0.0,1.0000000000000036,0.0007050104808570002,0.0007050104885080001,50,50,0.0007050104808570001,0.0
simplex,3,3,3,256,0.25,A1,0.8394607843137255,0.8394607843137255,0.8107831738414991,0.8107831738414991,0.0003055889603102419,0.0003055889679614916,50,50,0.0016987643891134992,0.7647058823529411
simplex,3,3,3,256,0.25,CVaR,0.48161764705882354,0.48161764705882354,0.5165611849589742,0.5165611849589742,0.00039086912993731754,0.000390869137588573,50,50,0.001360648427002399,0.35294117647058826
simplex,3,3,3,256,0.25,Greedy,0.8394607843137255,0.8394607843137255,0.8107831738414991,0.8107831738414991,0.0003055889603102419,0.0003055889679614916,50,50,0.0016987643891134992,0.7647058823529411
simplex,3,3,3,256,0.25,Hinge,0.0,0.6017156862745098,0.0,0.6233155799309833,0.0003623776420124081,0.0003623776496636912,50,50,0.0012023661517258997,0.0
simplex,3,3,3,256,0.25,LCRC,0.1409313725490196,0.1409313725490196,0.14011489744682057,0.14011489744682057,0.0005407286510852948,0.0005407286581973395,50,50,0.0007050104808570001,0.11764705882352941
simplex,3,3,3,256,0.25,MA,0.6017156862745098,0.6017156862745098,0.6233155799309833,0.6233155799309833,0.00032252555489159745,0.0003225255625427871,50,50,0.001655421844584499,0.5294117647058824
simplex,3,3,3,256,0.25,MLE,0.8394607843137255,0.8394607843137255,0.8107831738414991,0.8107831738414991,0.00035589566388753425,0.00035589566832728534,50,50,0.002216876787112,0.7647058823529411
simplex,3,3,3,256,0.25,Minimax,0.0,0.0,0.0,0.0,0.0007050104808570002,0.0007050104885080001,50,50,0.0007050104808570001,0.0
simplex,3,3,3,256,0.5,A1,0.8394607843137255,0.8394607843137255,0.8107831738414991,0.8107831738414991,0.0003145574039692775,0.00031455741162048675,50,50,0.0016554218445839488,0.7647058823529411
simplex,3,3,3,256,0.5,CVaR,0.5012254901960785,0.5012254901960785,0.5327753921195001,0.5327753921195001,0.00039086912993731754,0.000390869137588573,50,50,0.001360648427002399,0.35294117647058826
simplex,3,3,3,256,0.5,Greedy,0.8394607843137255,0.8394607843137255,0.8107831738414991,0.8107831738414991,0.0003145574039692775,0.00031455741162048675,50,50,0.0016554218445839488,0.7647058823529411
simplex,3,3,3,256,0.5,Hinge,0.041666666666666664,0.7414215686274509,0.04161489868381752,0.740209882632227,0.00045425002031380767,0.0004542500279650883,50,50,0.0009085829471825997,0.0
simplex,3,3,3,256,0.5,LCRC,0.1409313725490196,0.1409313725490196,0.14011489744682057,0.14011489744682057,0.0005407286510852948,0.0005407286581973395,50,50,0.0007050104808570001,0.11764705882352941
simplex,3,3,3,256,0.5,MA,0.7414215686274509,0.7414215686274509,0.740209882632227,0.740209882632227,0.00032252555489159745,0.0003225255625427871,50,50,0.001655421844584499,0.6470588235294118
simplex,3,3,3,256,0.5,MLE,0.8394607843137255,0.8394607843137255,0.8107831738414991,0.8107831738414991,0.00035589566388753425,0.00035589566832728534,50,50,0.002216876787112,0.7647058823529411
simplex,3,3,3,256,0.5,Minimax,0.0,0.0,0.0,0.0,0.0007050104808570002,0.0007050104885080001,50,50,0.0007050104808570001,0.0
simplex,3,3,3,256,0.75,A1,0.8394607843137255,0.8394607843137255,0.8107831738414991,0.8107831738414991,0.0003217605606384781,0.00032176056828970575,50,50,0.0016554218445849489,0.7647058823529411
simplex,3,3,3,256,0.75,CVaR,0.5821078431372549,0.5821078431372549,0.6087571609009802,0.6087571609009802,0.00039086912993731754,0.000390869137588573,50,50,0.001360648427002399,0.47058823529411764
simplex,3,3,3,256,0.75,Greedy,0.8394607843137255,0.8394607843137255,0.8107831738414991,0.8107831738414991,0.0003217605606384781,0.00032176056828970575,50,50,0.0016554218445849489,0.7647058823529411
simplex,3,3,3,256,0.75,Hinge,0.0196078431372549,0.8198529411764706,0.019507426419127862,0.8023295500122565,0.0005661761886038885,0.0005661761962551484,50,50,0.0007207105788617495,0.0
simplex,3,3,3,256,0.75,LCRC,0.1409313725490196,0.1409313725490196,0.14011489744682057,0.14011489744682057,0.0005407286510852948,0.0005407286581973395,50,50,0.0007050104808570001,0.11764705882352941
simplex,3,3,3,256,0.75,MA,0.8198529411764706,0.8198529411764706,0.8023295500122565,0.8023295500122565,0.00032252555489159745,0.0003225255625427871,50,50,0.001655421844584499,0.7647058823529411
simplex,3,3,3,256,0.75,MLE,0.8394607843137255,0.8394607843137255,0.8107831738414991,0.8107831738414991,0.00035589566388753425,0.00035589566832728534,50,50,0.002216876787112,0.7647058823529411
simplex,3,3,3,256,0.75,Minimax,0.0,0.0,0.0,0.0,0.0007050104808570002,0.0007050104885080001,50,50,0.0007050104808570001,0.0
simplex,3,3,3,256,1.0,A1,0.8394607843137255,0.8394607843137255,0.8275998230997804,0.8275998230997804,0.00032252555489107584,0.0003225255625423047,50,50,0.001655421844584499,0.7647058823529411
simplex,3,3,3,256,1.0,CVaR,0.8406862745098039,0.8995098039215685,0.8865584775551202,0.9420912564140718,0.00039086912993731754,0.000390869137588573,50,50,0.001360648427002399,0.7647058823529411
simplex,3,3,3,256,1.0,Greedy,0.9595588235294118,0.9595588235294118,0.9639335477614077,0.9639335477614077,0.000498651037271272,0.0004986510449225135,50,50,0.0007050104694560001,0.9375
simplex,3,3,3,256,1.0,Hinge,0.24264705882352944,0.9595588235294118,0.2415532655800404,0.9639335477614077,0.0007050104471130074,0.0007050104547643457,50,50,0.0007050104771341001,0.17647058823529413
simplex,3,3,3,256,1.0,LCRC,0.5625,1.0,0.5593982749056291,0.9968982749056287,0.0005407286510852948,0.0005407286581973395,50,50,0.0007050104808570001,0.4117647058823529
simplex,3,3,3,256,1.0,MA,0.8394607843137255,0.8394607843137255,0.8275998230997804,0.8275998230997804,0.00032252555489159745,0.0003225255625427871,50,50,0.001655421844584499,0.7647058823529411
simplex,3,3,3,256,1.0,MLE,0.8394607843137255,0.8394607843137255,0.8107831738414991,0.8107831738414991,0.00035589566388753425,0.00035589566832728534,50,50,0.002216876787112,0.7647058823529411
simplex,3,3,3,256,1.0,Minimax,0.0,1.0,0.0,1.000000000000006,0.0007050104808570002,0.0007050104885080001,50,50,0.0007050104808570001,0.0
simplex,3,3,6,32,0.25,A1,0.8602941176470589,0.8602941176470589,0.9257253706176809,0.9257253706176809,0.00022463847127262272,0.00022463847881202766,50,50,0.0014605214616989,0.8235294117647058
simplex,3,3,6,32,0.25,CVaR,0.7794117647058822,0.7794117647058822,0.7980053178115992,0.7980053178115992,0.00019281495038650062,0.00019281495799986596,50,50,0.0008904118208874997,0.75
simplex,3,3,6,32,0.25,Greedy,0.8602941176470589,0.8602941176470589,0.9257253706176809,0.9257253706176809,0.00022463847127262272,0.00022463847881202766,50,50,0.0014605214616989,0.8235294117647058
simplex,3,3,6,32,0.25,Hinge,0.07965686274509803,0.8394607843137255,0.0796448728747133,0.8915310012057057,0.0003002606702909706,0.0003002606779421912,50,50,0.0011414272295069,0.058823529411764705
simplex,3,3,6,32,0.25,LCRC,0.4375,0.4375,0.4361155074310179,0.4361155074310179,0.00033768407883528486,0.0003376840848128467,50,50,0.0007050104808570001,0.3125
simplex,3,3,6,32,0.25,MA,0.8394607843137255,0.8394607843137255,0.8915310012057057,0.8915310012057057,0.0002102806349057687,0.00021028064244517513,50,50,0.00146052146169845,0.8125
simplex,3,3,6,32,0.25,MLE,0.8602941176470589,0.8602941176470589,0.9257253706176809,0.9257253706176809,0.0003097107309024019,0.00030971073526245816,50,50,0.002216876787112,0.8235294117647058
simplex,3,3,6,32,0.25,Minimax,0.0,0.0,0.0,0.0,0.0007050104808570002,0.0007050104885080001,50,50,0.0007050104808570001,0.0
simplex,3,3,6,32,0.5,A1,0.8602941176470589,0.8602941176470589,0.9257253706176809,0.9257253706176809,0.00021340425729389004,0.0002134042648332968,50,50,0.0014605214617068,0.8235294117647058
simplex,3,3,6,32,0.5,CVaR,0.8186274509803922,0.8186274509803922,0.8614640269389514,0.8614640269389514,0.00019281495038650062,0.00019281495799986596,50,50,0.0008904118208874997,0.75
simplex,3,3,6,32,0.5,Greedy,0.8602941176470589,0.8602941176470589,0.9257253706176809,0.9257253706176809,0.00021340425729389004,0.0002134042648332968,50,50,0.0014605214617068,0.8235294117647058
simplex,3,3,6,32,0.5,Hinge,0.11887254901960785,0.8602941176470589,0.11879255765908397,0.9166067296986617,0.0004175874027585724,0.0004175874104098346,50,50,0.0008107836954131501,0.0625
simplex,3,3,6,32,0.5,LCRC,0.4375,0.4375,0.4361155074310179,0.4361155074310179,0.00033768407883528486,0.0003376840848128467,50,50,0.0007050104808570001,0.3125
simplex,3,3,6,32,0.5,MA,0.8602941176470589,0.8602941176470589,0.9166067296986617,0.9166067296986617,0.0002102806349057687,0.00021028064244517513,50,50,0.00146052146169845,0.8235294117647058
simplex,3,3,6,32,0.5,MLE,0.8602941176470589,0.8602941176470589,0.9257253706176809,0.9257253706176809,0.0003097107309024019,0.00030971073526245816,50,50,0.002216876787112,0.8235294117647058
simplex,3,3,6,32,0.5,Minimax,0.0,0.0,0.0,0.0,0.0007050104808570002,0.0007050104885080001,50,50,0.0007050104808570001,0.0
simplex,3,3,6,32,0.75,A1,0.8602941176470589,0.8602941176470589,0.9257253706176809,0.9257253706176809,0.00021028063491037796,0.00021028064244978266,50,50,0.0014605214616989,0.8235294117647058
simplex,3,3,6,32,0.75,CVaR,0.8186274509803922,0.8186274509803922,0.8761189206573888,0.8761189206573888,0.00019281495038650062,0.00019281495799986596,50,50,0.0008904118208874997,0.75
simplex,3,3,6,32,0.75,Greedy,0.8602941176470589,0.8602941176470589,0.9257253706176809,0.9257253706176809,0.00021028063491037796,0.00021028064244978266,50,50,0.0014605214616989,0.8235294117647058
simplex,3,3,6,32,0.75,Hinge,0.178921568627451,0.8602941176470589,0.17883335339052395,0.9257253706176809,0.0005433944805004989,0.000543394488151717,50,50,0.0005947219161043,0.058823529411764705
simplex,3,3,6,32,0.75,LCRC,0.4375,0.4375,0.4361155074310179,0.4361155074310179,0.00033768407883528486,0.0003376840848128467,50,50,0.0007050104808570001,0.3125
simplex,3,3,6,32,0.75,MA,0.8602941176470589,0.8602941176470589,0.9257253706176809,0.9257253706176809,0.0002102806349057687,0.00021028064244517513,50,50,0.00146052146169845,0.8235294117647058
simplex,3,3,6,32,0.75,MLE,0.8602941176470589,0.8602941176470589,0.9257253706176809,0.9257253706176809,0.0003097107309024019,0.00030971073526245816,50,50,0.002216876787112,0.8235294117647058
simplex,3,3,6,32,0.75,Minimax,0.0,0.0,0.0,0.0,0.0007050104808570002,0.0007050104885080001,50,50,0.0007050104808570001,0.0
simplex,3,3,6,32,1.0,A1,0.8602941176470589,0.8602941176470589,0.9257253706176809,0.9257253706176809,0.00021028063490599914,0.00021028064244538354,50,50,0.0014605214616989,0.8235294117647058
simplex,3,3,6,32,1.0,CVaR,0.8995098039215685,0.9203431372549019,0.9375542318452313,0.9583875651785623,0.00019281495038650062,0.00019281495799986596,50,50,0.0008904118208874997,0.875
simplex,3,3,6,32,1.0,Greedy,0.9791666666666666,0.9791666666666666,0.9843979701545781,0.9843979701545781,0.0004607674869855233,0.00046076749463670714,50,50,0.0007050104694560001,0.9375
simplex,3,3,6,32,1.0,Hinge,0.5796568627450981,0.9791666666666666,0.5961779047640073,0.984392195125522,0.0007050044668516251,0.0007050044745029252,50,50,0.000705010477107,0.47058823529411764
simplex,3,3,6,32,1.0,LCRC,0.8198529411764706,1.0,0.8173633135507158,0.9975103723742436,0.00033768407883528486,0.0003376840848128467,50,50,0.0007050104808570001,0.8125
simplex,3,3,6,32,1.0,MA,0.8602941176470589,0.8602941176470589,0.9257253706176809,0.9257253706176809,0.0002102806349057687,0.00021028064244517513,50,50,0.00146052146169845,0.8235294117647058
simplex,3,3,6,32,1.0,MLE,0.8602941176470589,0.8602941176470589,0.9257253706176809,0.9257253706176809,0.0003097107309024019,0.00030971073526245816,50,50,0.002216876787112,0.8235294117647058
simplex,3,3,6,32,1.0,Minimax,0.0,1.0,0.0,1.000000000000014,0.0007050104808570002,0.0007050104885080001,50,50,0.0007050104808570001,0.0
simplex,3,3,6,256,0.25,A1,0.9203431372549019,0.9203431372549019,0.9138724208966987,0.9138724208966987,0.00011861129868848487,0.00011861130633975843,50,50,0.0011354782738661002,0.8823529411764706
simplex,3,3,6,256,0.25,CVaR,0.7990196078431372,0.7990196078431372,0.7795569617491763,0.7795569617491763,0.00012076529345254673,0.00012076530110379141,50,50,0.00055835841310685,0.75
simplex,3,3,6,256,0.25,Greedy,0.9203431372549019,0.9203431372549019,0.9138724208966987,0.9138724208966987,0.00011861129868848487,0.00011861130633975843,50,50,0.0011354782738661002,0.8823529411764706
simplex,3,3,6,256,0.25,Hinge,0.06004901960784314,0.8590686274509803,0.06003111479567411,0.842384273083332,0.0002444996951190993,0.0002444997027703223,50,50,0.0007163527702253495,0.058823529411764705
simplex,3,3,6,256,0.25,LCRC,0.5416666666666666,0.5416666666666666,0.5392671191050423,0.5392671191050423,0.0002712285636898711,0.00027122856926891617,50,50,0.0007050104808570001,0.4117647058823529
simplex,3,3,6,256,0.25,MA,0.8590686274509803,0.8590686274509803,0.842384273083332,0.842384273083332,0.00010556521817991058,0.00010556522583116579,50,50,0.0007163527016671496,0.8125
simplex,3,3,6,256,0.25,MLE,0.9203431372549019,0.9203431372549019,0.9138724208966987,0.9138724208966987,0.00017658945347466643,0.00017658945760501294,50,50,0.002216876787112,0.8823529411764706
simplex,3,3,6,256,0.25,Minimax,0.0,0.0,0.0,0.0,0.0007050104808570002,0.0007050104885080001,50,50,0.0007050104808570001,0.0
simplex,3,3,6,256,0.5,A1,0.9203431372549019,0.9203431372549019,0.9138724208966987,0.9138724208966987,0.00010912119864949127,0.0001091212063008065,50,50,0.0007979624534599501,0.8823529411764706
simplex,3,3,6,256,0.5,CVaR,0.8186274509803922,0.8186274509803922,0.795955912584819,0.795955912584819,0.00012076529345254673,0.00012076530110379141,50,50,0.00055835841310685,0.75
simplex,3,3,6,256,0.5,Greedy,0.9203431372549019,0.9203431372549019,0.9138724208966987,0.9138724208966987,0.00010912119864949127,0.0001091212063008065,50,50,0.0007979624534599501,0.8823529411764706
simplex,3,3,6,256,0.5,Hinge,0.16053921568627452,0.9203431372549019,0.16044175131023006,0.9035319930722464,0.0003915138973891667,0.00039151390504052453,50,50,0.0007123548331119495,0.11764705882352941
simplex,3,3,6,256,0.5,LCRC,0.5416666666666666,0.5416666666666666,0.5392671191050423,0.5392671191050423,0.0002712285636898711,0.00027122856926891617,50,50,0.0007050104808570001,0.4117647058823529
simplex,3,3,6,256,0.5,MA,0.9203431372549019,0.9203431372549019,0.9035319930722464,0.9035319930722464,0.00010556521817991058,0.00010556522583116579,50,50,0.0007163527016671496,0.8823529411764706
simplex,3,3,6,256,0.5,MLE,0.9203431372549019,0.9203431372549019,0.9138724208966987,0.9138724208966987,0.00017658945347466643,0.00017658945760501294,50,50,0.002216876787112,0.8823529411764706
simplex,3,3,6,256,0.5,Minimax,0.0,0.0,0.0,0.0,0.0007050104808570002,0.0007050104885080001,50,50,0.0007050104808570001,0.0
simplex,3,3,6,256,0.75,A1,0.9203431372549019,0.9203431372549019,0.9138724208966987,0.9138724208966987,0.00010556521818130142,0.00010556522583259459,50,50,0.0007163527017005495,0.8823529411764706
simplex,3,3,6,256,0.75,CVaR,0.8590686274509803,0.8590686274509803,0.842384273083332,0.842384273083332,0.00012076529345254673,0.00012076530110379141,50,50,0.00055835841310685,0.8125
simplex,3,3,6,256,0.75,Greedy,0.9203431372549019,0.9203431372549019,0.9138724208966987,0.9138724208966987,0.00010556521818130142,0.00010556522583259459,50,50,0.0007163527017005495,0.8823529411764706
simplex,3,3,6,256,0.75,Hinge,0.18014705882352944,0.9203431372549019,0.17996663904823826,0.9138724208966987,0.0005418868369013199,0.0005418868445526422,50,50,0.00057371399179995,0.17647058823529413
simplex,3,3,6,256,0.75,LCRC,0.5416666666666666,0.5416666666666666,0.5392671191050423,0.5392671191050423,0.0002712285636898711,0.00027122856926891617,50,50,0.0007050104808570001,0.4117647058823529
simplex,3,3,6,256,0.75,MA,0.9203431372549019,0.9203431372549019,0.9138724208966987,0.9138724208966987,0.00010556521817991058,0.00010556522583116579,50,50,0.0007163527016671496,0.8823529411764706
simplex,3,3,6,256,0.75,MLE,0.9203431372549019,0.9203431372549019,0.9138724208966987,0.9138724208966987,0.00017658945347466643,0.00017658945760501294,50,50,0.002216876787112,0.8823529411764706
simplex,3,3,6,256,0.75,Minimax,0.0,0.0,0.0,0.0,0.0007050104808570002,0.0007050104885080001,50,50,0.0007050104808570001,0.0
simplex,3,3,6,256,1.0,A1,0.9399509803921569,0.9399509803921569,0.9231397494922241,0.9231397494922241,0.00010556521818029292,0.0001055652258316094,50,50,0.0007163527016762495,0.9375
simplex,3,3,6,256,1.0,CVaR,0.9803921568627452,0.9803921568627452,0.9678783623285504,0.9678783623285504,0.00012076529345254673,0.00012076530110379141,50,50,0.00055835841310685,0.9411764705882353
simplex,3,3,6,256,1.0,Greedy,0.9803921568627452,0.9803921568627452,0.9908640592486867,0.9908640592486867,0.0004471321461454278,0.0004471321537968089,50,50,0.0006634299684214998,0.9411764705882353
simplex,3,3,6,256,1.0,Hinge,0.5404411764705882,0.9803921568627452,0.5400087649239296,0.9908640592486867,0.0007050100062678996,0.0007050100139191399,50,50,0.0007050104771051001,0.47058823529411764
simplex,3,3,6,256,1.0,LCRC,0.8786764705882352,1.0,0.8751322564550815,0.9964557858668449,0.0002712285636898711,0.00027122856926891617,50,50,0.0007050104808570001,0.8125
simplex,3,3,6,256,1.0,MA,0.9399509803921569,0.9399509803921569,0.9231397494922241,0.9231397494922241,0.00010556521817991058,0.00010556522583116579,50,50,0.0007163527016671496,0.9375
simplex,3,3,6,256,1.0,MLE,0.9203431372549019,0.9203431372549019,0.9138724208966987,0.9138724208966987,0.00017658945347466643,0.00017658945760501294,50,50,0.002216876787112,0.8823529411764706
simplex,3,3,6,256,1.0,Minimax,0.0,1.0,0.0,0.9999999999999855,0.0007050104808570002,0.0007050104885080001,50,50,0.0007050104808570001,0.0
simplex,3,6,0,32,0.25,A1,0.5,0.5,0.5,0.5,0.000734034088753,0.0007340340964151668,50,50,0.0016720007646330002,0.0
simplex,3,6,0,32,0.25,CVaR,0.0,0.0,0.0,0.0,0.0006831033163206667,0.0006831033239823335,50,50,0.000705013024013,0.0
simplex,3,6,0,32,0.25,Greedy,0.3333333333333333,0.3333333333333333,0.33333333333333304,0.33333333333333304,0.0007208739843078334,0.0007208739919698333,50,50,0.001485781526142,0.0
simplex,3,6,0,32,0.25,Hinge,0.0,0.0,0.0,0.0,0.0005977006179175,0.0005977006255793333,50,50,0.001241197422998,0.0
simplex,3,6,0,32,0.25,LCRC,0.0,0.0,0.0,0.0,0.0006831043366485371,0.0006831043443103705,50,50,0.0007050104808570001,0.0
simplex,3,6,0,32,0.25,MA,0.0,0.0,0.0,0.0,0.0005977006179171667,0.0005977006255791668,50,50,0.0012411965890380002,0.0
simplex,3,6,0,32,0.25,MLE,0.3333333333333333,0.3333333333333333,0.33333333333333304,0.33333333333333304,0.001206339278155746,0.0012063392851800728,50,50,0.002216876787112,0.0
simplex,3,6,0,32,0.25,Minimax,0.0,0.0,0.0,0.0,0.0006831043366485371,0.0006831043443103705,50,50,0.0007050104808570001,0.0
simplex,3,6,0,32,0.5,A1,0.5,0.5,0.5,0.5,0.0006278041449836667,0.0006278041526456668,50,50,0.0013218772933320001,0.0
simplex,3,6,0,32,0.5,CVaR,0.0,0.0,0.0,0.0,0.0006831033163206667,0.0006831033239823335,50,50,0.000705013024013,0.0
simplex,3,6,0,32,0.5,Greedy,0.5,0.5,0.5,0.5,0.0006278041449965001,0.0006278041526583334,50,50,0.001321883696946,0.0
simplex,3,6,0,32,0.5,Hinge,0.16666666666666666,0.16666666666666666,0.16666666666666602,0.16666666666666602,0.0006072732385848334,0.0006072732462466667,50,50,0.001046794584321,0.0
simplex,3,6,0,32,0.5,LCRC,0.0,0.0,0.0,0.0,0.0006831043366485371,0.0006831043443103705,50,50,0.0007050104808570001,0.0
simplex,3,6,0,32,0.5,MA,0.16666666666666666,0.16666666666666666,0.16666666666666602,0.16666666666666602,0.0005977006179171667,0.0005977006255791668,50,50,0.0012411965890380002,0.0
simplex,3,6,0,32,0.5,MLE,0.3333333333333333,0.3333333333333333,0.33333333333333304,0.33333333333333304,0.001206339278155746,0.0012063392851800728,50,50,0.002216876787112,0.0
simplex,3,6,0,32,0.5,Minimax,0.0,0.0,0.0,0.0,0.0006831043366485371,0.0006831043443103705,50,50,0.0007050104808570001,0.0
simplex,3,6,0,32,0.75,A1,0.6666666666666666,0.6666666666666666,0.6666666666666671,0.6666666666666671,0.0005977465579883334,0.0005977465656503333,50,50,0.001243498093512,0.0
simplex,3,6,0,32,0.75,CVaR,0.0,0.0,0.0,0.0,0.0006831033163206667,0.0006831033239823335,50,50,0.000705013024013,0.0
simplex,3,6,0,32,0.75,Greedy,0.5,0.5,0.5,0.5,0.0005991048133655001,0.0005991048210275,50,50,0.001251919339387,0.0
simplex,3,6,0,32,0.75,Hinge,0.16666666666666666,0.16666666666666666,0.16666666666666602,0.16666666666666602,0.0006072724401295001,0.0006072724477916668,50,50,0.00104680339388,0.0
simplex,3,6,0,32,0.75,LCRC,0.0,0.0,0.0,0.0,0.0006831043366485371,0.0006831043443103705,50,50,0.0007050104808570001,0.0
simplex,3,6,0,32,0.75,MA,0.3333333333333333,0.3333333333333333,0.33333333333333304,0.33333333333333304,0.0005977006179171667,0.0005977006255791668,50,50,0.0012411965890380002,0.0
simplex,3,6,0,32,0.75,MLE,0.3333333333333333,0.3333333333333333,0.33333333333333304,0.33333333333333304,0.001206339278155746,0.0012063392851800728,50,50,0.002216876787112,0.0
simplex,3,6,0,32,0.75,Minimax,0.0,0.0,0.0,0.0,0.0006831043366485371,0.0006831043443103705,50,50,0.0007050104808570001,0.0
simplex,3,6,0,32,1.0,A1,0.8333333333333334,0.8333333333333334,0.833333333333333,0.833333333333333,0.0005977006179171667,0.0005977006255793333,50,50,0.001241196589039,0.0
simplex,3,6,0,32,1.0,CVaR,0.6666666666666666,0.6666666666666666,0.6666666666666671,0.6666666666666671,0.0006831033163206667,0.0006831033239823335,50,50,0.000705013024013,0.0
simplex,3,6,0,32,1.0,Greedy,0.8333333333333334,0.8333333333333334,0.833333333333333,0.833333333333333,0.0006831043412503334,0.0006831043489121668,50,50,0.000705010503771,0.0
simplex,3,6,0,32,1.0,Hinge,0.5,1.0,0.5,1.0,0.0006831043365646667,0.0006831043442268335,50,50,0.0007050104819730001,0.0
simplex,3,6,0,32,1.0,LCRC,0.5,1.0,0.5,1.0,0.0006831043366485371,0.0006831043443103705,50,50,0.0007050104808570001,0.0
simplex,3,6,0,32,1.0,MA,0.8333333333333334,0.8333333333333334,0.833333333333333,0.833333333333333,0.0005977006179171667,0.0005977006255791668,50,50,0.0012411965890380002,0.0
simplex,3,6,0,32,1.0,MLE,0.5,0.5,0.5,0.5,0.001206339278155746,0.0012063392851800728,50,50,0.002216876787112,0.0
simplex,3,6,0,32,1.0,Minimax,0.5,1.0,0.5,1.0,0.0006831043366485371,0.0006831043443103705,50,50,0.0007050104808570001,0.0
simplex,3,6,0,256,0.25,A1,0.5,0.5,0.5,0.5,0.000734034088753,0.0007340340964151668,50,50,0.0016720007646330002,0.0
simplex,3,6,0,256,0.25,CVaR,0.0,0.0,0.0,0.0,0.0006831033163206667,0.0006831033239823335,50,50,0.000705013024013,0.0
simplex,3,6,0,256,0.25,Greedy,0.3333333333333333,0.3333333333333333,0.33333333333333304,0.33333333333333304,0.0007208739843078334,0.0007208739919698333,50,50,0.001485781526142,0.0
simplex,3,6,0,256,0.25,Hinge,0.0,0.0,0.0,0.0,0.0005977006179175,0.0005977006255793333,50,50,0.001241197422998,0.0
simplex,3,6,0,256,0.25,LCRC,0.0,0.0,0.0,0.0,0.0006831043366485001,0.0006831043443103333,50,50,0.0007050104808570001,0.0
simplex,3,6,0,256,0.25,MA,0.0,0.0,0.0,0.0,0.0005977006179171667,0.0005977006255791668,50,50,0.0012411965890380002,0.0
simplex,3,6,0,256,0.25,MLE,0.3333333333333333,0.3333333333333333,0.33333333333333304,0.33333333333333304,0.001206339278155746,0.0012063392851800728,50,50,0.002216876787112,0.0
simplex,3,6,0,256,0.25,Minimax,0.0,0.0,0.0,0.0,0.0006831043366485001,0.0006831043443103333,50,50,0.0007050104808570001,0.0
simplex,3,6,0,256,0.5,A1,0.5,0.5,0.5,0.5,0.0006278041449836667,0.0006278041526456668,50,50,0.0013218772933320001,0.0
simplex,3,6,0,256,0.5,CVaR,0.0,0.0,0.0,0.0,0.0006831033163206667,0.0006831033239823335,50,50,0.000705013024013,0.0
simplex,3,6,0,256,0.5,Greedy,0.5,0.5,0.5,0.5,0.0006278041449965001,0.0006278041526583334,50,50,0.001321883696946,0.0
simplex,3,6,0,256,0.5,Hinge,0.16666666666666666,0.16666666666666666,0.16666666666666602,0.16666666666666602,0.0006072732385848334,0.0006072732462466667,50,50,0.001046794584321,0.0
simplex,3,6,0,256,0.5,LCRC,0.0,0.0,0.0,0.0,0.0006831043366485001,0.0006831043443103333,50,50,0.0007050104808570001,0.0
simplex,3,6,0,256,0.5,MA,0.16666666666666666,0.16666666666666666,0.16666666666666602,0.16666666666666602,0.0005977006179171667,0.0005977006255791668,50,50,0.0012411965890380002,0.0
simplex,3,6,0,256,0.5,MLE,0.3333333333333333,0.3333333333333333,0.33333333333333304,0.33333333333333304,0.001206339278155746,0.0012063392851800728,50,50,0.002216876787112,0.0
simplex,3,6,0,256,0.5,Minimax,0.0,0.0,0.0,0.0,0.0006831043366485001,0.0006831043443103333,50,50,0.0007050104808570001,0.0
simplex,3,6,0,256,0.75,A1,0.6666666666666666,0.6666666666666666,0.6666666666666671,0.6666666666666671,0.0005977465579883334,0.0005977465656503333,50,50,0.001243498093512,0.0
simplex,3,6,0,256,0.75,CVaR,0.0,0.0,0.0,0.0,0.0006831033163206667,0.0006831033239823335,50,50,0.000705013024013,0.0
simplex,3,6,0,256,0.75,Greedy,0.5,0.5,0.5,0.5,0.0005991048133655001,0.0005991048210275,50,50,0.001251919339387,0.0
simplex,3,6,0,256,0.75,Hinge,0.16666666666666666,0.16666666666666666,0.16666666666666602,0.16666666666666602,0.0006072724401295001,0.0006072724477916668,50,50,0.00104680339388,0.0
simplex,3,6,0,256,0.75,LCRC,0.0,0.0,0.0,0.0,0.0006831043366485001,0.0006831043443103333,50,50,0.0007050104808570001,0.0
simplex,3,6,0,256,0.75,MA,0.3333333333333333,0.3333333333333333,0.33333333333333304,0.33333333333333304,0.0005977006179171667,0.0005977006255791668,50,50,0.0012411965890380002,0.0
simplex,3,6,0,256,0.75,MLE,0.3333333333333333,0.3333333333333333,0.33333333333333304,0.33333333333333304,0.001206339278155746,0.0012063392851800728,50,50,0.002216876787112,0.0
simplex,3,6,0,256,0.75,Minimax,0.0,0.0,0.0,0.0,0.0006831043366485001,0.0006831043443103333,50,50,0.0007050104808570001,0.0
simplex,3,6,0,256,1.0,A1,0.8333333333333334,0.8333333333333334,0.833333333333333,0.833333333333333,0.0005977006179171667,0.0005977006255793333,50,50,0.001241196589039,0.0
simplex,3,6,0,256,1.0,CVaR,0.6666666666666666,0.6666666666666666,0.6666666666666671,0.6666666666666671,0.0006831033163206667,0.0006831033239823335,50,50,0.000705013024013,0.0
simplex,3,6,0,256,1.0,Greedy,0.8333333333333334,0.8333333333333334,0.833333333333333,0.833333333333333,0.0006831043412503334,0.0006831043489121668,50,50,0.000705010503771,0.0
simplex,3,6,0,256,1.0,Hinge,0.5,1.0,0.5,1.0,0.0006831043365646667,0.0006831043442268335,50,50,0.0007050104819730001,0.0
simplex,3,6,0,256,1.0,LCRC,0.5,1.0,0.5,1.0,0.0006831043366485001,0.0006831043443103333,50,50,0.0007050104808570001,0.0
simplex,3,6,0,256,1.0,MA,0.8333333333333334,0.8333333333333334,0.833333333333333,0.833333333333333,0.0005977006179171667,0.0005977006255791668,50,50,0.0012411965890380002,0.0
simplex,3,6,0,256,1.0,MLE,0.5,0.5,0.5,0.5,0.001206339278155746,0.0012063392851800728,50,50,0.002216876787112,0.0
simplex,3,6,0,256,1.0,Minimax,0.5,1.0,0.5,1.0,0.0006831043366485001,0.0006831043443103333,50,50,0.0007050104808570001,0.0
simplex,3,6,1,32,0.25,A1,1.0,1.0,1.000000000002118,1.000000000002118,4.316666573421605e-05,4.31666727586464e-05,50,50,0.000117114189491,1.0
simplex,3,6,1,32,0.25,CVaR,1.0,1.0,1.000000000002118,1.000000000002118,6.261314011957072e-10,6.312376607788252e-10,50,50,1.870716493518332e-09,1.0
simplex,3,6,1,32,0.25,Greedy,1.0,1.0,1.000000000002118,1.000000000002118,4.133561610989634e-05,4.133562313432389e-05,50,50,0.000117114189491,1.0
simplex,3,6,1,32,0.25,Hinge,1.0,1.0,1.000000000002118,1.000000000002118,2.8905303230626926e-05,2.8905310892687728e-05,50,50,4.4851234776599476e-05,1.0
simplex,3,6,1,32,0.25,LCRC,1.0,1.0,1.000000000002118,1.000000000002118,6.26127961977918e-10,6.312342037961827e-10,50,50,1.870716498375557e-09,1.0
simplex,3,6,1,32,0.25,MA,1.0,1.0,1.000000000002118,1.000000000002118,6.679240939911202e-10,6.730303358736339e-10,50,50,2.2945004708729834e-09,1.0
simplex,3,6,1,32,0.25,MLE,1.0,1.0,1.000000000002118,1.000000000002118,1.5619644128453403e-09,1.566592447779791e-09,50,50,7.482875957753876e-09,1.0
simplex,3,6,1,32,0.25,Minimax,0.0,0.0,0.0,0.0,0.0006831043366485001,0.0006831043443103333,50,50,0.0007050104808570001,0.0
simplex,3,6,1,32,0.5,A1,1.0,1.0,1.000000000002118,1.000000000002118,3.046672635218906e-05,3.0466732737952507e-05,50,50,6.413803289891245e-05,1.0
simplex,3,6,1,32,0.5,CVaR,1.0,1.0,1.000000000002118,1.000000000002118,6.261314011957072e-10,6.312376607788252e-10,50,50,1.870716493518332e-09,1.0
simplex,3,6,1,32,0.5,Greedy,1.0,1.0,1.000000000002118,1.000000000002118,2.9825933662268165e-05,2.982594004803161e-05,50,50,6.413803289891245e-05,1.0
simplex,3,6,1,32,0.5,Hinge,1.0,1.0,1.000000000002118,1.000000000002118,0.00017224255558233106,0.00017224256324451157,50,50,0.00020844346432500002,1.0
simplex,3,6,1,32,0.5,LCRC,1.0,1.0,1.000000000002118,1.000000000002118,6.26127961977918e-10,6.312342037961827e-10,50,50,1.870716498375557e-09,1.0
simplex,3,6,1,32,0.5,MA,1.0,1.0,1.000000000002118,1.000000000002118,6.679240939911202e-10,6.730303358736339e-10,50,50,2.2945004708729834e-09,1.0
simplex,3,6,1,32,0.5,MLE,1.0,1.0,1.000000000002118,1.000000000002118,1.5619644128453403e-09,1.566592447779791e-09,50,50,7.482875957753876e-09,1.0
simplex,3,6,1,32,0.5,Minimax,0.0,0.0,0.0,0.0,0.0006831043366485001,0.0006831043443103333,50,50,0.0007050104808570001,0.0
simplex,3,6,1,32,0.75,A1,1.0,1.0,1.000000000002118,1.000000000002118,0.00013446902310938684,0.00013446902949510914,50,50,0.00040315199880625003,1.0
simplex,3,6,1,32,0.75,CVaR,1.0,1.0,1.000000000002118,1.000000000002118,6.261314011957072e-10,6.312376607788252e-10,50,50,1.870716493518332e-09,1.0
simplex,3,6,1,32,0.75,Greedy,1.0,1.0,1.000000000002118,1.000000000002118,5.034145359776542e-06,5.0341517455373854e-06,50,50,1.2960047373403165e-05,1.0
simplex,3,6,1,32,0.75,Hinge,1.0,1.0,1.000000000002118,1.000000000002118,0.00028442921812567133,0.00028442922578776625,50,50,0.00033816500876500004,1.0
simplex,3,6,1,32,0.75,LCRC,1.0,1.0,1.000000000002118,1.000000000002118,6.26127961977918e-10,6.312342037961827e-10,50,50,1.870716498375557e-09,1.0
simplex,3,6,1,32,0.75,MA,1.0,1.0,1.000000000002118,1.000000000002118,6.679240939911202e-10,6.730303358736339e-10,50,50,2.2945004708729834e-09,1.0
simplex,3,6,1,32,0.75,MLE,1.0,1.0,1.000000000002118,1.000000000002118,1.5619644128453403e-09,1.566592447779791e-09,50,50,7.482875957753876e-09,1.0
simplex,3,6,1,32,0.75,Minimax,0.0,0.0,0.0,0.0,0.0006831043366485001,0.0006831043443103333,50,50,0.0007050104808570001,0.0
simplex,3,6,1,32,1.0,A1,1.0,1.0,1.000000000002118,1.000000000002118,6.679240911641634e-10,6.730303319544436e-10,50,50,2.2945004861385495e-09,1.0
simplex,3,6,1,32,1.0,CVaR,1.0,1.0,1.000000000002118,1.000000000002118,6.261314011957072e-10,6.312376607788252e-10,50,50,1.870716493518332e-09,1.0
simplex,3,6,1,32,1.0,Greedy,1.0,1.0,1.000000000002118,1.000000000002118,0.00036955735845001984,0.0003695573661119767,50,50,0.0005177221007460001,1.0
simplex,3,6,1,32,1.0,Hinge,1.0,1.0,1.000000000002118,1.000000000002118,0.00037136823434774776,0.00037136824200980327,50,50,0.000427739770512,1.0
simplex,3,6,1,32,1.0,LCRC,1.0,1.0,1.000000000002118,1.000000000002118,6.26127961977918e-10,6.312342037961827e-10,50,50,1.870716498375557e-09,1.0
simplex,3,6,1,32,1.0,MA,1.0,1.0,1.000000000002118,1.000000000002118,6.679240939911202e-10,6.730303358736339e-10,50,50,2.2945004708729834e-09,1.0
simplex,3,6,1,32,1.0,MLE,1.0,1.0,1.000000000002118,1.000000000002118,1.5619644128453403e-09,1.566592447779791e-09,50,50,7.482875957753876e-09,1.0
simplex,3,6,1,32,1.0,Minimax,0.5,1.0,0.4998915190556903,1.000000000002118,0.0006831043366485001,0.0006831043443103333,50,50,0.0007050104808570001,0.0
simplex,3,6,1,256,0.25,A1,1.0,1.0,0.9999999999973985,0.9999999999973985,4.316660297901053e-05,4.316661000344087e-05,50,50,0.000117114189491,1.0
simplex,3,6,1,256,0.25,CVaR,1.0,1.0,0.9999999999973985,0.9999999999973985,6.26142663502381e-10,6.312489166284726e-10,50,50,1.870716478252765e-09,1.0
simplex,3,6,1,256,0.25,Greedy,1.0,1.0,0.9999999999973985,0.9999999999973985,4.316660297901053e-05,4.316661000344087e-05,50,50,0.000117114189491,1.0
simplex,3,6,1,256,0.25,Hinge,1.0,1.0,0.9999999999973985,0.9999999999973985,2.870154392982903e-05,2.870155159188983e-05,50,50,4.4851234776599476e-05,1.0
simplex,3,6,1,256,0.25,LCRC,1.0,1.0,0.9999999999973985,0.9999999999973985,6.26127961977918e-10,6.312342037961827e-10,50,50,1.870716498375557e-09,1.0
simplex,3,6,1,256,0.25,MA,1.0,1.0,0.9999999999973985,0.9999999999973985,6.050194057812242e-10,6.101256455435203e-10,50,50,2.0144734352856016e-09,1.0
simplex,3,6,1,256,0.25,MLE,1.0,1.0,0.9999999999973985,0.9999999999973985,1.0945246054980262e-09,1.0989135371351304e-09,50,50,7.482875957753876e-09,1.0
simplex,3,6,1,256,0.25,Minimax,0.0,0.0,0.0,0.0,0.0006831043366485001,0.0006831043443103333,50,50,0.0007050104808570001,0.0
simplex,3,6,1,256,0.5,A1,1.0,1.0,0.9999999999973985,0.9999999999973985,3.046670949548611e-05,3.046671588125071e-05,50,50,6.41380053374635e-05,1.0
simplex,3,6,1,256,0.5,CVaR,1.0,1.0,0.9999999999973985,0.9999999999973985,6.26142663502381e-10,6.312489166284726e-10,50,50,1.870716478252765e-09,1.0
simplex,3,6,1,256,0.5,Greedy,1.0,1.0,0.9999999999973985,0.9999999999973985,3.046670949548611e-05,3.046671588125071e-05,50,50,6.41380053374635e-05,1.0
simplex,3,6,1,256,0.5,Hinge,1.0,1.0,0.9999999999973985,0.9999999999973985,0.0001701041887889433,0.0001701041964512173,50,50,0.00020844346432500002,1.0
simplex,3,6,1,256,0.5,LCRC,1.0,1.0,0.9999999999973985,0.9999999999973985,6.26127961977918e-10,6.312342037961827e-10,50,50,1.870716498375557e-09,1.0
simplex,3,6,1,256,0.5,MA,1.0,1.0,0.9999999999973985,0.9999999999973985,6.050194057812242e-10,6.101256455435203e-10,50,50,2.0144734352856016e-09,1.0
simplex,3,6,1,256,0.5,MLE,1.0,1.0,0.9999999999973985,0.9999999999973985,1.0945246054980262e-09,1.0989135371351304e-09,50,50,7.482875957753876e-09,1.0
simplex,3,6,1,256,0.5,Minimax,0.0,0.0,0.0,0.0,0.0006831043366485001,0.0006831043443103333,50,50,0.0007050104808570001,0.0
simplex,3,6,1,256,0.75,A1,1.0,1.0,0.9999999999973985,0.9999999999973985,0.00013446899917378776,0.0001344690055595303,50,50,0.0004031519575354,1.0
simplex,3,6,1,256,0.75,CVaR,1.0,1.0,0.9999999999973985,0.9999999999973985,6.26142663502381e-10,6.312489166284726e-10,50,50,1.870716478252765e-09,1.0
simplex,3,6,1,256,0.75,Greedy,1.0,1.0,0.9999999999973985,0.9999999999973985,4.670974061220302e-06,4.670980446980568e-06,50,50,1.2959989314265118e-05,1.0
simplex,3,6,1,256,0.75,Hinge,1.0,1.0,0.9999999999973985,0.9999999999973985,0.00028182934610302546,0.00028182935376502085,50,50,0.00033816500876500004,1.0
simplex,3,6,1,256,0.75,LCRC,1.0,1.0,0.9999999999973985,0.9999999999973985,6.26127961977918e-10,6.312342037961827e-10,50,50,1.870716498375557e-09,1.0
simplex,3,6,1,256,0.75,MA,1.0,1.0,0.9999999999973985,0.9999999999973985,6.050194057812242e-10,6.101256455435203e-10,50,50,2.0144734352856016e-09,1.0
simplex,3,6,1,256,0.75,MLE,1.0,1.0,0.9999999999973985,0.9999999999973985,1.0945246054980262e-09,1.0989135371351304e-09,50,50,7.482875957753876e-09,1.0
simplex,3,6,1,256,0.75,Minimax,0.0,0.0,0.0,0.0,0.0006831043366485001,0.0006831043443103333,50,50,0.0007050104808570001,0.0
simplex,3,6,1,256,1.0,A1,1.0,1.0,0.9999999999973985,0.9999999999973985,6.050194116921338e-10,6.101256527394101e-10,50,50,2.0144734019789107e-09,1.0
simplex,3,6,1,256,1.0,CVaR,1.0,1.0,0.9999999999973985,0.9999999999973985,6.26142663502381e-10,6.312489166284726e-10,50,50,1.870716478252765e-09,1.0
simplex,3,6,1,256,1.0,Greedy,1.0,1.0,0.9999999999973985,0.9999999999973985,0.0003695573270236657,0.00036955733468562254,50,50,0.0005177221007460001,1.0
simplex,3,6,1,256,1.0,Hinge,1.0,1.0,0.9999999999973985,0.9999999999973985,0.00036971374472298844,0.0003697137523850232,50,50,0.000427739770512,1.0
simplex,3,6,1,256,1.0,LCRC,1.0,1.0,0.9999999999973985,0.9999999999973985,6.26127961977918e-10,6.312342037961827e-10,50,50,1.870716498375557e-09,1.0
simplex,3,6,1,256,1.0,MA,1.0,1.0,0.9999999999973985,0.9999999999973985,6.050194057812242e-10,6.101256455435203e-10,50,50,2.0144734352856016e-09,1.0
simplex,3,6,1,256,1.0,MLE,1.0,1.0,0.9999999999973985,0.9999999999973985,1.0945246054980262e-09,1.0989135371351304e-09,50,50,7.482875957753876e-09,1.0
simplex,3,6,1,256,1.0,Minimax,0.5,1.0,0.5011834679778043,0.9999999999973985,0.0006831043366485001,0.0006831043443103333,50,50,0.0007050104808570001,0.0
simplex,3,6,3,32,0.25,A1,1.0,1.0,0.9999999999999621,0.9999999999999621,4.316662279555301e-05,4.316662982000187e-05,50,50,0.000117114189491,1.0
simplex,3,6,3,32,0.25,CVaR,1.0,1.0,0.9999999999999621,0.9999999999999621,6.261444117823997e-10,6.312506703696578e-10,50,50,1.8708111483578534e-09,1.0
simplex,3,6,3,32,0.25,Greedy,1.0,1.0,0.9999999999999621,0.9999999999999621,4.316662279555301e-05,4.316662982000187e-05,50,50,0.000117114189491,1.0
simplex,3,6,3,32,0.25,Hinge,1.0,1.0,0.9999999999999621,0.9999999999999621,3.162357536150485e-05,3.162358302356017e-05,50,50,4.4851234776599476e-05,1.0
simplex,3,6,3,32,0.25,LCRC,1.0,1.0,0.9999999999999621,0.9999999999999621,6.26127961977918e-10,6.312342037961827e-10,50,50,1.870716498375557e-09,1.0
simplex,3,6,3,32,0.25,MA,1.0,1.0,0.9999999999999621,0.9999999999999621,6.249854337441163e-10,6.300916761084977e-10,50,50,2.1397052650529157e-09,1.0
simplex,3,6,3,32,0.25,MLE,1.0,1.0,0.9999999999999621,0.9999999999999621,1.0945237676265873e-09,1.0989126986854503e-09,50,50,7.482855876594918e-09,1.0
simplex,3,6,3,32,0.25,Minimax,0.0,0.0,0.0,0.0,0.0006831043366485001,0.0006831043443103333,50,50,0.0007050104808570001,0.0
simplex,3,6,3,32,0.5,A1,1.0,1.0,0.9999999999999621,0.9999999999999621,3.0466715179172563e-05,3.046672156493687e-05,50,50,6.413797204083416e-05,1.0
simplex,3,6,3,32,0.5,CVaR,1.0,1.0,0.9999999999999621,0.9999999999999621,6.261444117823997e-10,6.312506703696578e-10,50,50,1.8708111483578534e-09,1.0
simplex,3,6,3,32,0.5,Greedy,1.0,1.0,0.9999999999999621,0.9999999999999621,3.0466715179172563e-05,3.046672156493687e-05,50,50,6.413797204083416e-05,1.0
simplex,3,6,3,32,0.5,Hinge,1.0,1.0,0.9999999999999621,0.9999999999999621,0.00017500161510257178,0.00017500162276477317,50,50,0.00020844346432500002,1.0
simplex,3,6,3,32,0.5,LCRC,1.0,1.0,0.9999999999999621,0.9999999999999621,6.26127961977918e-10,6.312342037961827e-10,50,50,1.870716498375557e-09,1.0
simplex,3,6,3,32,0.5,MA,1.0,1.0,0.9999999999999621,0.9999999999999621,6.249854337441163e-10,6.300916761084977e-10,50,50,2.1397052650529157e-09,1.0
simplex,3,6,3,32,0.5,MLE,1.0,1.0,0.9999999999999621,0.9999999999999621,1.0945237676265873e-09,1.0989126986854503e-09,50,50,7.482855876594918e-09,1.0
simplex,3,6,3,32,0.5,Minimax,0.0,0.0,0.0,0.0,0.0006831043366485001,0.0006831043443103333,50,50,0.0007050104808570001,0.0
simplex,3,6,3,32,0.75,A1,1.0,1.0,0.9999999999999621,0.9999999999999621,0.00013446900685525894,0.0001344690132410012,50,50,0.00040315190944825003,1.0
simplex,3,6,3,32,0.75,CVaR,1.0,1.0,0.9999999999999621,0.9999999999999621,6.261444117823997e-10,6.312506703696578e-10,50,50,1.8708111483578534e-09,1.0
simplex,3,6,3,32,0.75,Greedy,1.0,1.0,0.9999999999999621,0.9999999999999621,4.67098063872283e-06,4.6709870244828064e-06,50,50,1.2959946152511772e-05,1.0
simplex,3,6,3,32,0.75,Hinge,1.0,1.0,0.9999999999999621,0.9999999999999621,0.0002873577602512407,0.0002873577679132963,50,50,0.00033816500876500004,1.0
simplex,3,6,3,32,0.75,LCRC,1.0,1.0,0.9999999999999621,0.9999999999999621,6.26127961977918e-10,6.312342037961827e-10,50,50,1.870716498375557e-09,1.0
simplex,3,6,3,32,0.75,MA,1.0,1.0,0.9999999999999621,0.9999999999999621,6.249854337441163e-10,6.300916761084977e-10,50,50,2.1397052650529157e-09,1.0
simplex,3,6,3,32,0.75,MLE,1.0,1.0,0.9999999999999621,0.9999999999999621,1.0945237676265873e-09,1.0989126986854503e-09,50,50,7.482855876594918e-09,1.0
simplex,3,6,3,32,0.75,Minimax,0.0,0.0,0.0,0.0,0.0006831043366485001,0.0006831043443103333,50,50,0.0007050104808570001,0.0
simplex,3,6,3,32,1.0,A1,1.0,1.0,0.9999999999999621,0.9999999999999621,6.24985433968988e-10,6.300916742452761e-10,50,50,2.1397053052985e-09,1.0
simplex,3,6,3,32,1.0,CVaR,1.0,1.0,0.9999999999999621,0.9999999999999621,6.261444117823997e-10,6.312506703696578e-10,50,50,1.8708111483578534e-09,1.0
simplex,3,6,3,32,1.0,Greedy,1.0,1.0,0.9999999999999621,0.9999999999999621,0.00036955733714162404,0.0003695573448036017,50,50,0.0005177221007460001,1.0
simplex,3,6,3,32,1.0,Hinge,1.0,1.0,0.9999999999999621,0.9999999999999621,0.0003718988330636991,0.00037189884072573383,50,50,0.000427739770512,1.0
simplex,3,6,3,32,1.0,LCRC,1.0,1.0,0.9999999999999621,0.9999999999999621,6.26127961977918e-10,6.312342037961827e-10,50,50,1.870716498375557e-09,1.0
simplex,3,6,3,32,1.0,MA,1.0,1.0,0.9999999999999621,0.9999999999999621,6.249854337441163e-10,6.300916761084977e-10,50,50,2.1397052650529157e-09,1.0
simplex,3,6,3,32,1.0,MLE,1.0,1.0,0.9999999999999621,0.9999999999999621,1.0945237676265873e-09,1.0989126986854503e-09,50,50,7.482855876594918e-09,1.0
simplex,3,6,3,32,1.0,Minimax,0.5,1.0,0.49911216220368454,0.9999999999999621,0.0006831043366485001,0.0006831043443103333,50,50,0.0007050104808570001,0.0
simplex,3,6,3,256,0.25,A1,1.0,1.0,1.0000000000016491,1.0000000000016491,4.316665636144059e-05,4.316666338587093e-05,50,50,0.000117114189491,1.0
simplex,3,6,3,256,0.25,CVaR,1.0,1.0,1.0000000000016491,1.0000000000016491,6.261501024463891e-10,6.312563618046353e-10,50,50,1.8707315502242134e-09,1.0
simplex,3,6,3,256,0.25,Greedy,1.0,1.0,1.0000000000016491,1.0000000000016491,4.316665636144059e-05,4.316666338587093e-05,50,50,0.000117114189491,1.0
simplex,3,6,3,256,0.25,Hinge,1.0,1.0,1.0000000000002431,1.0000000000002431,3.156113790394058e-05,3.1561145566014414e-05,50,50,4.4851234776599476e-05,1.0
simplex,3,6,3,256,0.25,LCRC,1.0,1.0,1.0000000000016491,1.0000000000016491,6.26127961977918e-10,6.312342037961827e-10,50,50,1.870716498375557e-09,1.0
simplex,3,6,3,256,0.25,MA,1.0,1.0,1.0000000000016491,1.0000000000016491,6.584755772728671e-10,6.635818167460427e-10,50,50,2.099722411219584e-09,1.0
simplex,3,6,3,256,0.25,MLE,1.0,1.0,1.0000000000016491,1.0000000000016491,1.4061508644390892e-09,1.4106991980816774e-09,50,50,7.482875957753876e-09,1.0
simplex,3,6,3,256,0.25,Minimax,0.0,0.0,0.0,0.0,0.0006831043366485001,0.0006831043443103333,50,50,0.0007050104808570001,0.0
simplex,3,6,3,256,0.5,A1,1.0,1.0,1.0000000000016491,1.0000000000016491,3.046672425590334e-05,3.0466730641667942e-05,50,50,6.4138016501622e-05,1.0
simplex,3,6,3,256,0.5,CVaR,1.0,1.0,1.0000000000016491,1.0000000000016491,6.261501024463891e-10,6.312563618046353e-10,50,50,1.8707315502242134e-09,1.0
simplex,3,6,3,256,0.5,Greedy,1.0,1.0,1.0000000000016491,1.0000000000016491,3.046672425590334e-05,3.0466730641667942e-05,50,50,6.4138016501622e-05,1.0
simplex,3,6,3,256,0.5,Hinge,1.0,1.0,1.0000000000016491,1.0000000000016491,0.00017240697517383104,0.00017240698283609726,50,50,0.00020844346432500002,1.0
simplex,3,6,3,256,0.5,LCRC,1.0,1.0,1.0000000000016491,1.0000000000016491,6.26127961977918e-10,6.312342037961827e-10,50,50,1.870716498375557e-09,1.0
simplex,3,6,3,256,0.5,MA,1.0,1.0,1.0000000000016491,1.0000000000016491,6.584755772728671e-10,6.635818167460427e-10,50,50,2.099722411219584e-09,1.0
simplex,3,6,3,256,0.5,MLE,1.0,1.0,1.0000000000016491,1.0000000000016491,1.4061508644390892e-09,1.4106991980816774e-09,50,50,7.482875957753876e-09,1.0
simplex,3,6,3,256,0.5,Minimax,0.0,0.0,0.0,0.0,0.0006831043366485001,0.0006831043443103333,50,50,0.0007050104808570001,0.0
simplex,3,6,3,256,0.75,A1,1.0,1.0,1.0000000000016491,1.0000000000016491,0.00013446901952105729,0.0001344690259068412,50,50,0.00040315197971445,1.0
simplex,3,6,3,256,0.75,CVaR,1.0,1.0,1.0000000000016491,1.0000000000016491,6.261501024463891e-10,6.312563618046353e-10,50,50,1.8707315502242134e-09,1.0
simplex,3,6,3,256,0.75,Greedy,1.0,1.0,1.0000000000016491,1.0000000000016491,4.670991807169528e-06,4.670998192929504e-06,50,50,1.2960007303068621e-05,1.0
simplex,3,6,3,256,0.75,Hinge,1.0,1.0,1.0000000000016491,1.0000000000016491,0.0002852156560405139,0.00028521566370248843,50,50,0.00033816500876500004,1.0
simplex,3,6,3,256,0.75,LCRC,1.0,1.0,1.0000000000016491,1.0000000000016491,6.26127961977918e-10,6.312342037961827e-10,50,50,1.870716498375557e-09,1.0
simplex,3,6,3,256,0.75,MA,1.0,1.0,1.0000000000016491,1.0000000000016491,6.584755772728671e-10,6.635818167460427e-10,50,50,2.099722411219584e-09,1.0
simplex,3,6,3,256,0.75,MLE,1.0,1.0,1.0000000000016491,1.0000000000016491,1.4061508644390892e-09,1.4106991980816774e-09,50,50,7.482875957753876e-09,1.0
simplex,3,6,3,256,0.75,Minimax,0.0,0.0,0.0,0.0,0.0006831043366485001,0.0006831043443103333,50,50,0.0007050104808570001,0.0
simplex,3,6,3,256,1.0,A1,1.0,1.0,1.0000000000016491,1.0000000000016491,6.584755721971948e-10,6.635818123771094e-10,50,50,2.0997223890151236e-09,1.0
simplex,3,6,3,256,1.0,CVaR,1.0,1.0,1.0000000000016491,1.0000000000016491,6.261501024463891e-10,6.312563618046353e-10,50,50,1.8707315502242134e-09,1.0
simplex,3,6,3,256,1.0,Greedy,1.0,1.0,1.0000000000016491,1.0000000000016491,0.0003695573535365407,0.00036955736119845587,50,50,0.0005177221007460001,1.0
simplex,3,6,3,256,1.0,Hinge,1.0,1.0,1.0000000000016491,1.0000000000016491,0.00037138581889156714,0.0003713858265535857,50,50,0.000427739770512,1.0
simplex,3,6,3,256,1.0,LCRC,1.0,1.0,1.0000000000016491,1.0000000000016491,6.26127961977918e-10,6.312342037961827e-10,50,50,1.870716498375557e-09,1.0
simplex,3,6,3,256,1.0,MA,1.0,1.0,1.0000000000016491,1.0000000000016491,6.584755772728671e-10,6.635818167460427e-10,50,50,2.099722411219584e-09,1.0
simplex,3,6,3,256,1.0,MLE,1.0,1.0,1.0000000000016491,1.0000000000016491,1.4061508644390892e-09,1.4106991980816774e-09,50,50,7.482875957753876e-09,1.0
simplex,3,6,3,256,1.0,Minimax,0.5,1.0,0.49880740250924277,1.0000000000016491,0.0006831043366485001,0.0006831043443103333,50,50,0.0007050104808570001,0.0
simplex,3,6,6,32,0.25,A1,1.0,1.0,0.9999999999994884,0.9999999999994884,4.3166608398769535e-05,4.3166615423199875e-05,50,50,0.000117114189491,1.0
simplex,3,6,6,32,0.25,CVaR,1.0,1.0,0.9999999999994884,0.9999999999994884,6.261391791817815e-10,6.312454359379425e-10,50,50,1.870718165097873e-09,1.0
simplex,3,6,6,32,0.25,Greedy,1.0,1.0,0.9999999999994884,0.9999999999994884,4.3166608398769535e-05,4.3166615423199875e-05,50,50,0.000117114189491,1.0
simplex,3,6,6,32,0.25,Hinge,1.0,1.0,0.9999999999994884,0.9999999999994884,2.8876180511503395e-05,2.8876188173564197e-05,50,50,4.4851234776599476e-05,1.0
simplex,3,6,6,32,0.25,LCRC,1.0,1.0,0.9999999999994884,0.9999999999994884,6.26127961977918e-10,6.312342037961827e-10,50,50,1.870716498375557e-09,1.0
simplex,3,6,6,32,0.25,MA,1.0,1.0,0.9999999999994884,0.9999999999994884,6.104391325949099e-10,6.155453725820775e-10,50,50,2.1110906585353188e-09,1.0
simplex,3,6,6,32,0.25,MLE,1.0,1.0,0.9999999999994884,0.9999999999994884,7.828983465569631e-10,7.871278761885833e-10,50,50,7.482875957753876e-09,1.0
simplex,3,6,6,32,0.25,Minimax,0.0,0.0,0.0,0.0,0.0006831043366485001,0.0006831043443103333,50,50,0.0007050104808570001,0.0
simplex,3,6,6,32,0.5,A1,1.0,1.0,0.9999999999994884,0.9999999999994884,3.046671136004914e-05,3.046671774581316e-05,50,50,6.413802325355849e-05,1.0
simplex,3,6,6,32,0.5,CVaR,1.0,1.0,0.9999999999994884,0.9999999999994884,6.261391791817815e-10,6.312454359379425e-10,50,50,1.870718165097873e-09,1.0
simplex,3,6,6,32,0.5,Greedy,1.0,1.0,0.9999999999994884,0.9999999999994884,3.046671136004914e-05,3.046671774581316e-05,50,50,6.413802325355849e-05,1.0
simplex,3,6,6,32,0.5,Hinge,1.0,1.0,0.9999999999994884,0.9999999999994884,0.0001721940521333148,0.00017219405979545602,50,50,0.00020844346432500002,1.0
simplex,3,6,6,32,0.5,LCRC,1.0,1.0,0.9999999999994884,0.9999999999994884,6.26127961977918e-10,6.312342037961827e-10,50,50,1.870716498375557e-09,1.0
simplex,3,6,6,32,0.5,MA,1.0,1.0,0.9999999999994884,0.9999999999994884,6.104391325949099e-10,6.155453725820775e-10,50,50,2.1110906585353188e-09,1.0
simplex,3,6,6,32,0.5,MLE,1.0,1.0,0.9999999999994884,0.9999999999994884,7.828983465569631e-10,7.871278761885833e-10,50,50,7.482875957753876e-09,1.0
simplex,3,6,6,32,0.5,Minimax,0.0,0.0,0.0,0.0,0.0006831043366485001,0.0006831043443103333,50,50,0.0007050104808570001,0.0
simplex,3,6,6,32,0.75,A1,1.0,1.0,0.9999999999994884,0.9999999999994884,0.00013446900127859462,0.00013446900766433714,50,50,0.0004031519832178,1.0
simplex,3,6,6,32,0.75,CVaR,1.0,1.0,0.9999999999994884,0.9999999999994884,6.261391791817815e-10,6.312454359379425e-10,50,50,1.870718165097873e-09,1.0
simplex,3,6,6,32,0.75,Greedy,1.0,1.0,0.9999999999994884,0.9999999999994884,4.670975867369989e-06,4.670982253130255e-06,50,50,1.2960011715011646e-05,1.0
simplex,3,6,6,32,0.75,Hinge,1.0,1.0,0.9999999999994884,0.9999999999994884,0.0002843978028559514,0.00028439781051800464,50,50,0.00033816500876500004,1.0
simplex,3,6,6,32,0.75,LCRC,1.0,1.0,0.9999999999994884,0.9999999999994884,6.26127961977918e-10,6.312342037961827e-10,50,50,1.870716498375557e-09,1.0
simplex,3,6,6,32,0.75,MA,1.0,1.0,0.9999999999994884,0.9999999999994884,6.104391325949099e-10,6.155453725820775e-10,50,50,2.1110906585353188e-09,1.0
simplex,3,6,6,32,0.75,MLE,1.0,1.0,0.9999999999994884,0.9999999999994884,7.828983465569631e-10,7.871278761885833e-10,50,50,7.482875957753876e-09,1.0
simplex,3,6,6,32,0.75,Minimax,0.0,0.0,0.0,0.0,0.0006831043366485001,0.0006831043443103333,50,50,0.0007050104808570001,0.0
simplex,3,6,6,32,1.0,A1,1.0,1.0,0.9999999999994884,0.9999999999994884,6.104391298000776e-10,6.155453687271364e-10,50,50,2.111090664086434e-09,1.0
simplex,3,6,6,32,1.0,CVaR,1.0,1.0,0.9999999999994884,0.9999999999994884,6.261391791817815e-10,6.312454359379425e-10,50,50,1.870718165097873e-09,1.0
simplex,3,6,6,32,1.0,Greedy,1.0,1.0,0.9999999999994884,0.9999999999994884,0.0003695573294136449,0.0003695573370755601,50,50,0.0005177221007460001,1.0
simplex,3,6,6,32,1.0,Hinge,1.0,1.0,0.9999999999994884,0.9999999999994884,0.00037134242136712265,0.00037134242902913664,50,50,0.000427739770512,1.0
simplex,3,6,6,32,1.0,LCRC,1.0,1.0,0.9999999999994884,0.9999999999994884,6.26127961977918e-10,6.312342037961827e-10,50,50,1.870716498375557e-09,1.0
simplex,3,6,6,32,1.0,MA,1.0,1.0,0.9999999999994884,0.9999999999994884,6.104391325949099e-10,6.155453725820775e-10,50,50,2.1110906585353188e-09,1.0
simplex,3,6,6,32,1.0,MLE,1.0,1.0,0.9999999999994884,0.9999999999994884,7.828983465569631e-10,7.871278761885833e-10,50,50,7.482875957753876e-09,1.0
simplex,3,6,6,32,1.0,Minimax,0.5,1.0,0.5057245104390794,0.9999999999994884,0.0006831043366485001,0.0006831043443103333,50,50,0.0007050104808570001,0.0
simplex,3,6,6,256,0.25,A1,1.0,1.0,1.000000000001931,1.000000000001931,4.316658905916557e-05,4.3166596083595914e-05,50,50,0.000117114189491,1.0
simplex,3,6,6,256,0.25,CVaR,1.0,1.0,1.000000000001931,1.000000000001931,6.261164061496074e-10,6.312226639016283e-10,50,50,1.8707166461739974e-09,1.0
simplex,3,6,6,256,0.25,Greedy,1.0,1.0,1.000000000001931,1.000000000001931,4.316658905916557e-05,4.3166596083595914e-05,50,50,0.000117114189491,1.0
simplex,3,6,6,256,0.25,Hinge,1.0,1.0,1.000000000001931,1.000000000001931,2.8826908126960967e-05,2.8826915789021766e-05,50,50,4.4851234776599476e-05,1.0
simplex,3,6,6,256,0.25,LCRC,1.0,1.0,1.000000000001931,1.000000000001931,6.26127961977918e-10,6.312342037961827e-10,50,50,1.870716498375557e-09,1.0
simplex,3,6,6,256,0.25,MA,1.0,1.0,1.000000000001931,1.000000000001931,5.913236474549184e-10,5.964298875384595e-10,50,50,2.0216565914388246e-09,1.0
simplex,3,6,6,256,0.25,MLE,1.0,1.0,1.000000000001931,1.000000000001931,9.387114760274946e-10,9.430207066618568e-10,50,50,7.482875957753876e-09,1.0
simplex,3,6,6,256,0.25,Minimax,0.0,0.0,0.0,0.0,0.0006831043366485001,0.0006831043443103333,50,50,0.0007050104808570001,0.0
simplex,3,6,6,256,0.5,A1,1.0,1.0,1.000000000001931,1.000000000001931,3.0466706628752798e-05,3.0466713014516532e-05,50,50,6.413800155462557e-05,1.0
simplex,3,6,6,256,0.5,CVaR,1.0,1.0,1.000000000001931,1.000000000001931,6.261164061496074e-10,6.312226639016283e-10,50,50,1.8707166461739974e-09,1.0
simplex,3,6,6,256,0.5,Greedy,1.0,1.0,1.000000000001931,1.000000000001931,3.0466706628752798e-05,3.0466713014516532e-05,50,50,6.413800155462557e-05,1.0
simplex,3,6,6,256,0.5,Hinge,1.0,1.0,1.000000000001931,1.000000000001931,0.00017219854226207176,0.00017219854992427778,50,50,0.00020844346432500002,1.0
simplex,3,6,6,256,0.5,LCRC,1.0,1.0,1.000000000001931,1.000000000001931,6.26127961977918e-10,6.312342037961827e-10,50,50,1.870716498375557e-09,1.0
simplex,3,6,6,256,0.5,MA,1.0,1.0,1.000000000001931,1.000000000001931,5.913236474549184e-10,5.964298875384595e-10,50,50,2.0216565914388246e-09,1.0
simplex,3,6,6,256,0.5,MLE,1.0,1.0,1.000000000001931,1.000000000001931,9.387114760274946e-10,9.430207066618568e-10,50,50,7.482875957753876e-09,1.0
simplex,3,6,6,256,0.5,Minimax,0.0,0.0,0.0,0.0,0.0006831043366485001,0.0006831043443103333,50,50,0.0007050104808570001,0.0
simplex,3,6,6,256,0.75,A1,1.0,1.0,1.000000000001931,1.000000000001931,0.0001344689940279699,0.00013446900041377523,50,50,0.0004031519510051,1.0
simplex,3,6,6,256,0.75,CVaR,1.0,1.0,1.000000000001931,1.000000000001931,6.261164061496074e-10,6.312226639016283e-10,50,50,1.8707166461739974e-09,1.0
simplex,3,6,6,256,0.75,Greedy,1.0,1.0,1.000000000001931,1.000000000001931,4.670969424851306e-06,4.670975810611861e-06,50,50,1.2959983618848758e-05,1.0
simplex,3,6,6,256,0.75,Hinge,1.0,1.0,1.000000000001931,1.000000000001931,0.0002843698148913704,0.0002843698225534792,50,50,0.00033816500876500004,1.0
simplex,3,6,6,256,0.75,LCRC,1.0,1.0,1.000000000001931,1.000000000001931,6.26127961977918e-10,6.312342037961827e-10,50,50,1.870716498375557e-09,1.0
simplex,3,6,6,256,0.75,MA,1.0,1.0,1.000000000001931,1.000000000001931,5.913236474549184e-10,5.964298875384595e-10,50,50,2.0216565914388246e-09,1.0
simplex,3,6,6,256,0.75,MLE,1.0,1.0,1.000000000001931,1.000000000001931,9.387114760274946e-10,9.430207066618568e-10,50,50,7.482875957753876e-09,1.0
simplex,3,6,6,256,0.75,Minimax,0.0,0.0,0.0,0.0,0.0006831043366485001,0.0006831043443103333,50,50,0.0007050104808570001,0.0
simplex,3,6,6,256,1.0,A1,1.0,1.0,1.000000000001931,1.000000000001931,5.913236520808476e-10,5.96429893320871e-10,50,50,2.0216565789488155e-09,1.0
simplex,3,6,6,256,1.0,CVaR,1.0,1.0,1.000000000001931,1.000000000001931,6.261164061496074e-10,6.312226639016283e-10,50,50,1.8707166461739974e-09,1.0
simplex,3,6,6,256,1.0,Greedy,1.0,1.0,1.000000000001931,1.000000000001931,0.00036955731999860315,0.0003695573276605184,50,50,0.0005177221007460001,1.0
simplex,3,6,6,256,1.0,Hinge,1.0,1.0,1.000000000001931,1.000000000001931,0.00037132055175701623,0.0003713205594191088,50,50,0.000427739770512,1.0
simplex,3,6,6,256,1.0,LCRC,1.0,1.0,1.000000000001931,1.000000000001931,6.26127961977918e-10,6.312342037961827e-10,50,50,1.870716498375557e-09,1.0
simplex,3,6,6,256,1.0,MA,1.0,1.0,1.000000000001931,1.000000000001931,5.913236474549184e-10,5.964298875384595e-10,50,50,2.0216565914388246e-09,1.0
simplex,3,6,6,256,1.0,MLE,1.0,1.0,1.000000000001931,1.000000000001931,9.387114760274946e-10,9.430207066618568e-10,50,50,7.482875957753876e-09,1.0
simplex,3,6,6,256,1.0,Minimax,0.5,1.0,0.5020143597530841,1.000000000001931,0.0006831043366485001,0.0006831043443103333,50,50,0.0007050104808570001,0.0
simplex,6,6,0,32,0.25,A1,0.16666666666666666,0.16666666666666666,0.16666666666666602,0.16666666666666602,0.0006875708925131668,0.0006875708988088334,50,50,0.0007979898933480001,0.0
simplex,6,6,0,32,0.25,CVaR,0.0,0.0,0.0,0.0,0.0005419514722703333,0.0005419514785658334,50,50,0.0005419514722800001,0.0
simplex,6,6,0,32,0.25,Greedy,0.16666666666666666,0.16666666666666666,0.16666666666666602,0.16666666666666602,0.0006875708925131668,0.0006875708988088334,50,50,0.0007979898933480001,0.0
simplex,6,6,0,32,0.25,Hinge,0.0,0.0,0.0,0.0,0.0005419514722708334,0.0005419514785661668,50,50,0.000541952330522,0.0
simplex,6,6,0,32,0.25,LCRC,0.0,0.0,0.0,0.0,0.0005419514722699445,0.000541951478565926,50,50,0.0005419514722700001,0.0
simplex,6,6,0,32,0.25,MA,0.0,0.0,0.0,0.0,0.0005419514722700001,0.000541951478566,50,50,0.0005419514722700001,0.0
simplex,6,6,0,32,0.25,MLE,0.16666666666666666,0.16666666666666666,0.16666666666666602,0.16666666666666602,0.0011244291232962876,0.0011244291290675751,50,50,0.001349314947326,0.0
simplex,6,6,0,32,0.25,Minimax,0.0,0.0,0.0,0.0,0.0005419514722699445,0.000541951478565926,50,50,0.0005419514722700001,0.0
simplex,6,6,0,32,0.5,A1,0.16666666666666666,0.16666666666666666,0.16666666666666602,0.16666666666666602,0.0005919201584018334,0.0005919201646975,50,50,0.0006561090447160001,0.0
simplex,6,6,0,32,0.5,CVaR,0.0,0.0,0.0,0.0,0.0005419514722703333,0.0005419514785658334,50,50,0.0005419514722800001,0.0
simplex,6,6,0,32,0.5,Greedy,0.16666666666666666,0.16666666666666666,0.16666666666666602,0.16666666666666602,0.0005919201584018334,0.0005919201646975,50,50,0.0006561090447160001,0.0
simplex,6,6,0,32,0.5,Hinge,0.0,0.0,0.0,0.0,0.0005419514722708334,0.0005419514785663334,50,50,0.000541951834381,0.0
simplex,6,6,0,32,0.5,LCRC,0.0,0.0,0.0,0.0,0.0005419514722699445,0.000541951478565926,50,50,0.0005419514722700001,0.0
simplex,6,6,0,32,0.5,MA,0.0,0.0,0.0,0.0,0.0005419514722700001,0.000541951478566,50,50,0.0005419514722700001,0.0
simplex,6,6,0,32,0.5,MLE,0.16666666666666666,0.16666666666666666,0.16666666666666602,0.16666666666666602,0.0011244291232962876,0.0011244291290675751,50,50,0.001349314947326,0.0
simplex,6,6,0,32,0.5,Minimax,0.0,0.0,0.0,0.0,0.0005419514722699445,0.000541951478565926,50,50,0.0005419514722700001,0.0
simplex,6,6,0,32,0.75,A1,0.3333333333333333,0.3333333333333333,0.33333333333333304,0.33333333333333304,0.0005782684681388334,0.0005782684744343333,50,50,0.000664170928868,0.0
simplex,6,6,0,32,0.75,CVaR,0.0,0.0,0.0,0.0,0.0005419514722703333,0.0005419514785658334,50,50,0.0005419514722800001,0.0
simplex,6,6,0,32,0.75,Greedy,0.3333333333333333,0.3333333333333333,0.33333333333333304,0.33333333333333304,0.0005782684681388334,0.0005782684744343333,50,50,0.000664170928868,0.0
simplex,6,6,0,32,0.75,Hinge,0.0,0.0,0.0,0.0,0.0005419514722780001,0.0005419514785735001,50,50,0.000541953410337,0.0
simplex,6,6,0,32,0.75,LCRC,0.0,0.0,0.0,0.0,0.0005419514722699445,0.000541951478565926,50,50,0.0005419514722700001,0.0
simplex,6,6,0,32,0.75,MA,0.0,0.0,0.0,0.0,0.0005419514722700001,0.000541951478566,50,50,0.0005419514722700001,0.0
simplex,6,6,0,32,0.75,MLE,0.16666666666666666,0.16666666666666666,0.16666666666666602,0.16666666666666602,0.0011244291232962876,0.0011244291290675751,50,50,0.001349314947326,0.0
simplex,6,6,0,32,0.75,Minimax,0.0,0.0,0.0,0.0,0.0005419514722699445,0.000541951478565926,50,50,0.0005419514722700001,0.0
simplex,6,6,0,32,1.0,A1,0.16666666666666666,0.16666666666666666,0.16666666666666602,0.16666666666666602,0.0005419514722708334,0.0005419514785668333,50,50,0.00054195170743,0.0
simplex,6,6,0,32,1.0,CVaR,0.0,1.0,0.0,1.0,0.0005419514722703333,0.0005419514785658334,50,50,0.0005419514722800001,0.0
simplex,6,6,0,32,1.0,Greedy,0.8333333333333334,0.8333333333333334,0.833333333333333,0.833333333333333,0.0005419514722713334,0.0005419514785666667,50,50,0.000541952833346,0.0
simplex,6,6,0,32,1.0,Hinge,0.0,1.0,0.0,1.0,0.0005419514722703333,0.0005419514785658334,50,50,0.000541951472625,0.0
simplex,6,6,0,32,1.0,LCRC,0.0,1.0,0.0,1.0,0.0005419514722699445,0.000541951478565926,50,50,0.0005419514722700001,0.0
simplex,6,6,0,32,1.0,MA,0.0,1.0,0.0,1.0,0.0005419514722700001,0.000541951478566,50,50,0.0005419514722700001,0.0
simplex,6,6,0,32,1.0,MLE,0.16666666666666666,0.16666666666666666,0.16666666666666602,0.16666666666666602,0.0011244291232962876,0.0011244291290675751,50,50,0.001349314947326,0.0
simplex,6,6,0,32,1.0,Minimax,0.0,1.0,0.0,1.0,0.0005419514722699445,0.000541951478565926,50,50,0.0005419514722700001,0.0
simplex,6,6,0,256,0.25,A1,0.16666666666666666,0.16666666666666666,0.16666666666666602,0.16666666666666602,0.0006875708925131668,0.0006875708988088334,50,50,0.0007979898933480001,0.0
simplex,6,6,0,256,0.25,CVaR,0.0,0.0,0.0,0.0,0.0005419514722703333,0.0005419514785658334,50,50,0.0005419514722800001,0.0
simplex,6,6,0,256,0.25,Greedy,0.16666666666666666,0.16666666666666666,0.16666666666666602,0.16666666666666602,0.0006875708925131668,0.0006875708988088334,50,50,0.0007979898933480001,0.0
simplex,6,6,0,256,0.25,Hinge,0.0,0.0,0.0,0.0,0.0005419514722708334,0.0005419514785661668,50,50,0.000541952330522,0.0
simplex,6,6,0,256,0.25,LCRC,0.0,0.0,0.0,0.0,0.0005419514722700001,0.000541951478566,50,50,0.0005419514722700001,0.0
simplex,6,6,0,256,0.25,MA,0.0,0.0,0.0,0.0,0.0005419514722700001,0.000541951478566,50,50,0.0005419514722700001,0.0
simplex,6,6,0,256,0.25,MLE,0.16666666666666666,0.16666666666666666,0.16666666666666602,0.16666666666666602,0.0011244291232962876,0.0011244291290675751,50,50,0.001349314947326,0.0
simplex,6,6,0,256,0.25,Minimax,0.0,0.0,0.0,0.0,0.0005419514722700001,0.000541951478566,50,50,0.0005419514722700001,0.0
simplex,6,6,0,256,0.5,A1,0.16666666666666666,0.16666666666666666,0.16666666666666602,0.16666666666666602,0.0005919201584018334,0.0005919201646975,50,50,0.0006561090447160001,0.0
simplex,6,6,0,256,0.5,CVaR,0.0,0.0,0.0,0.0,0.0005419514722703333,0.0005419514785658334,50,50,0.0005419514722800001,0.0
simplex,6,6,0,256,0.5,Greedy,0.16666666666666666,0.16666666666666666,0.16666666666666602,0.16666666666666602,0.0005919201584018334,0.0005919201646975,50,50,0.0006561090447160001,0.0
simplex,6,6,0,256,0.5,Hinge,0.0,0.0,0.0,0.0,0.0005419514722708334,0.0005419514785663334,50,50,0.000541951834381,0.0
simplex,6,6,0,256,0.5,LCRC,0.0,0.0,0.0,0.0,0.0005419514722700001,0.000541951478566,50,50,0.0005419514722700001,0.0
simplex,6,6,0,256,0.5,MA,0.0,0.0,0.0,0.0,0.0005419514722700001,0.000541951478566,50,50,0.0005419514722700001,0.0
simplex,6,6,0,256,0.5,MLE,0.16666666666666666,0.16666666666666666,0.16666666666666602,0.16666666666666602,0.0011244291232962876,0.0011244291290675751,50,50,0.001349314947326,0.0
simplex,6,6,0,256,0.5,Minimax,0.0,0.0,0.0,0.0,0.0005419514722700001,0.000541951478566,50,50,0.0005419514722700001,0.0
simplex,6,6,0,256,0.75,A1,0.3333333333333333,0.3333333333333333,0.33333333333333304,0.33333333333333304,0.0005782684681388334,0.0005782684744343333,50,50,0.000664170928868,0.0
simplex,6,6,0,256,0.75,CVaR,0.0,0.0,0.0,0.0,0.0005419514722703333,0.0005419514785658334,50,50,0.0005419514722800001,0.0
simplex,6,6,0,256,0.75,Greedy,0.3333333333333333,0.3333333333333333,0.33333333333333304,0.33333333333333304,0.0005782684681388334,0.0005782684744343333,50,50,0.000664170928868,0.0
simplex,6,6,0,256,0.75,Hinge,0.0,0.0,0.0,0.0,0.0005419514722780001,0.0005419514785735001,50,50,0.000541953410337,0.0
simplex,6,6,0,256,0.75,LCRC,0.0,0.0,0.0,0.0,0.0005419514722700001,0.000541951478566,50,50,0.0005419514722700001,0.0
simplex,6,6,0,256,0.75,MA,0.0,0.0,0.0,0.0,0.0005419514722700001,0.000541951478566,50,50,0.0005419514722700001,0.0
simplex,6,6,0,256,0.75,MLE,0.16666666666666666,0.16666666666666666,0.16666666666666602,0.16666666666666602,0.0011244291232962876,0.0011244291290675751,50,50,0.001349314947326,0.0
simplex,6,6,0,256,0.75,Minimax,0.0,0.0,0.0,0.0,0.0005419514722700001,0.000541951478566,50,50,0.0005419514722700001,0.0
simplex,6,6,0,256,1.0,A1,0.16666666666666666,0.16666666666666666,0.16666666666666602,0.16666666666666602,0.0005419514722708334,0.0005419514785668333,50,50,0.00054195170743,0.0
simplex,6,6,0,256,1.0,CVaR,0.0,1.0,0.0,1.0,0.0005419514722703333,0.0005419514785658334,50,50,0.0005419514722800001,0.0
simplex,6,6,0,256,1.0,Greedy,0.8333333333333334,0.8333333333333334,0.833333333333333,0.833333333333333,0.0005419514722713334,0.0005419514785666667,50,50,0.000541952833346,0.0
simplex,6,6,0,256,1.0,Hinge,0.0,1.0,0.0,1.0,0.0005419514722703333,0.0005419514785658334,50,50,0.000541951472625,0.0
simplex,6,6,0,256,1.0,LCRC,0.0,1.0,0.0,1.0,0.0005419514722700001,0.000541951478566,50,50,0.0005419514722700001,0.0
simplex,6,6,0,256,1.0,MA,0.0,1.0,0.0,1.0,0.0005419514722700001,0.000541951478566,50,50,0.0005419514722700001,0.0
simplex,6,6,0,256,1.0,MLE,0.16666666666666666,0.16666666666666666,0.16666666666666602,0.16666666666666602,0.0011244291232962876,0.0011244291290675751,50,50,0.001349314947326,0.0
simplex,6,6,0,256,1.0,Minimax,0.0,1.0,0.0,1.0,0.0005419514722700001,0.000541951478566,50,50,0.0005419514722700001,0.0
simplex,6,6,1,32,0.25,A1,0.4791666666666667,0.4791666666666667,0.4354653771794305,0.4354653771794305,0.0004744750007017061,0.0004744750069974051,50,50,0.00086637311802905,0.2222222222222222
simplex,6,6,1,32,0.25,CVaR,0.0,0.0,0.0,0.0,0.0005024784883921968,0.0005024784946874954,50,50,0.00060323279956155,0.0
simplex,6,6,1,32,0.25,Greedy,0.4791666666666667,0.4791666666666667,0.4354653771794305,0.4354653771794305,0.0004744750007017061,0.0004744750069974051,50,50,0.00086637311802905,0.2222222222222222
simplex,6,6,1,32,0.25,Hinge,0.0,0.0787037037037037,0.0,0.04984103485130517,0.00044777757834723616,0.0004477775846425695,50,50,0.0007361973369822499,0.0
simplex,6,6,1,32,0.25,LCRC,0.0,0.0,0.0,0.0,0.0005407542093414213,0.0005407542156373796,50,50,0.0005419514722700001,0.0
simplex,6,6,1,32,0.25,MA,0.0787037037037037,0.0787037037037037,0.04984103485130517,0.04984103485130517,0.0004465418998268079,0.0004465419061222477,50,50,0.0007361980027621998,0.0
simplex,6,6,1,32,0.25,MLE,0.4791666666666667,0.4791666666666667,0.4354653771794305,0.4354653771794305,0.0007027682032405767,0.0007027682080280286,50,50,0.001349314947326,0.2222222222222222
simplex,6,6,1,32,0.25,Minimax,0.0,0.0,0.0,0.0,0.0005419514722700001,0.000541951478566,50,50,0.0005419514722700001,0.0
simplex,6,6,1,32,0.5,A1,0.4791666666666667,0.4791666666666667,0.4354653771794305,0.4354653771794305,0.00044440958272073386,0.0004444095890162385,50,50,0.00075658467802905,0.2222222222222222
simplex,6,6,1,32,0.5,CVaR,0.0,0.0,0.0,0.0,0.0005024784883921968,0.0005024784946874954,50,50,0.00060323279956155,0.0
simplex,6,6,1,32,0.5,Greedy,0.4791666666666667,0.4791666666666667,0.4354653771794305,0.4354653771794305,0.00044440958272073386,0.0004444095890162385,50,50,0.00075658467802905,0.2222222222222222
simplex,6,6,1,32,0.5,Hinge,0.0,0.2800925925925926,0.0,0.2351968075079256,0.000466675428228301,0.00046667543452384724,50,50,0.0007350472779780999,0.0
simplex,6,6,1,32,0.5,LCRC,0.0,0.0,0.0,0.0,0.0005407542093414213,0.0005407542156373796,50,50,0.0005419514722700001,0.0
simplex,6,6,1,32,0.5,MA,0.2800925925925926,0.2800925925925926,0.2351968075079256,0.2351968075079256,0.0004465418998268079,0.0004465419061222477,50,50,0.0007361980027621998,0.1111111111111111
simplex,6,6,1,32,0.5,MLE,0.4791666666666667,0.4791666666666667,0.4354653771794305,0.4354653771794305,0.0007027682032405767,0.0007027682080280286,50,50,0.001349314947326,0.2222222222222222
simplex,6,6,1,32,0.5,Minimax,0.0,0.0,0.0,0.0,0.0005419514722700001,0.000541951478566,50,50,0.0005419514722700001,0.0
simplex,6,6,1,32,0.75,A1,0.6365740740740741,0.6365740740740741,0.6586289588450683,0.6586289588450683,0.00047697747762651387,0.00047697748392197455,50,50,0.0007452998883592499,0.375
simplex,6,6,1,32,0.75,CVaR,0.0787037037037037,0.0787037037037037,0.06275235929874434,0.06275235929874434,0.0005024784883921968,0.0005024784946874954,50,50,0.00060323279956155,0.0
simplex,6,6,1,32,0.75,Greedy,0.6365740740740741,0.6365740740740741,0.6586289588450683,0.6586289588450683,0.00047697747762651387,0.00047697748392197455,50,50,0.0007452998883592499,0.375
simplex,6,6,1,32,0.75,Hinge,0.0,0.4976851851851852,0.0,0.4599323078706803,0.0004902300757504329,0.000490230082045926,50,50,0.0006962261585396,0.0
simplex,6,6,1,32,0.75,LCRC,0.0,0.0,0.0,0.0,0.0005407542093414213,0.0005407542156373796,50,50,0.0005419514722700001,0.0
simplex,6,6,1,32,0.75,MA,0.4398148148148148,0.4398148148148148,0.41206552365293286,0.41206552365293286,0.0004465418998268079,0.0004465419061222477,50,50,0.0007361980027621998,0.2222222222222222
simplex,6,6,1,32,0.75,MLE,0.4791666666666667,0.4791666666666667,0.4354653771794305,0.4354653771794305,0.0007027682032405767,0.0007027682080280286,50,50,0.001349314947326,0.2222222222222222
simplex,6,6,1,32,0.75,Minimax,0.0,0.0,0.0,0.0,0.0005419514722700001,0.000541951478566,50,50,0.0005419514722700001,0.0
simplex,6,6,1,32,1.0,A1,0.5995370370370371,0.5995370370370371,0.5977670771346298,0.5977670771346298,0.0004465418998267408,0.00044654190612216667,50,50,0.0007361980027621998,0.3333333333333333
simplex,6,6,1,32,1.0,CVaR,0.8634259259259259,0.9004629629629629,0.8483388471139838,0.8853758841510203,0.0005024784883921968,0.0005024784946874954,50,50,0.00060323279956155,0.625
simplex,6,6,1,32,1.0,Greedy,0.9814814814814815,0.9814814814814815,0.9652486770171316,0.9652486770171316,0.000505854999723426,0.0005058550060190694,50,50,0.000541951462852,0.8888888888888888
simplex,6,6,1,32,1.0,Hinge,0.0,0.9814814814814815,0.0,0.9647925688481455,0.000541951469288426,0.0005419514755838078,50,50,0.0005419514691752,0.0
simplex,6,6,1,32,1.0,LCRC,0.06018518518518518,1.0,0.05976428453247978,0.9995790993472914,0.0005407542093414213,0.0005407542156373796,50,50,0.0005419514722700001,0.0
simplex,6,6,1,32,1.0,MA,0.5995370370370371,0.5995370370370371,0.5977670771346298,0.5977670771346298,0.0004465418998268079,0.0004465419061222477,50,50,0.0007361980027621998,0.3333333333333333
simplex,6,6,1,32,1.0,MLE,0.4791666666666667,0.4791666666666667,0.4354653771794305,0.4354653771794305,0.0007027682032405767,0.0007027682080280286,50,50,0.001349314947326,0.2222222222222222
simplex,6,6,1,32,1.0,Minimax,0.0,1.0,0.0,0.9999999999999964,0.0005419514722700001,0.000541951478566,50,50,0.0005419514722700001,0.0
simplex,6,6,1,256,0.25,A1,0.47453703703703703,0.47453703703703703,0.42174085663813776,0.42174085663813776,0.0004679260826275547,0.0004679260889232508,50,50,0.00086850891193255,0.25
simplex,6,6,1,256,0.25,CVaR,0.0,0.0,0.0,0.0,0.0005023713779106876,0.0005023713842061482,50,50,0.000604005161586,0.0
simplex,6,6,1,256,0.25,Greedy,0.47453703703703703,0.47453703703703703,0.42174085663813776,0.42174085663813776,0.0004679260826275547,0.0004679260889232508,50,50,0.00086850891193255,0.25
simplex,6,6,1,256,0.25,Hinge,0.0,0.0787037037037037,0.0,0.05345834314039907,0.00044116688902677087,0.0004411668953221667,50,50,0.0007588907590984499,0.0
simplex,6,6,1,256,0.25,LCRC,0.0,0.0,0.0,0.0,0.0005400174321547362,0.0005400174384506945,50,50,0.0005419514722700001,0.0
simplex,6,6,1,256,0.25,MA,0.0787037037037037,0.0787037037037037,0.05345834314039907,0.05345834314039907,0.00043810527860746267,0.00043810528490289494,50,50,0.00075889133264245,0.0
simplex,6,6,1,256,0.25,MLE,0.47453703703703703,0.47453703703703703,0.42174085663813776,0.42174085663813776,0.0007090150316858473,0.0007090150364878748,50,50,0.001349314947326,0.25
simplex,6,6,1,256,0.25,Minimax,0.0,0.0,0.0,0.0,0.0005419514722700001,0.000541951478566,50,50,0.0005419514722700001,0.0
simplex,6,6,1,256,0.5,A1,0.47453703703703703,0.47453703703703703,0.42174085663813776,0.42174085663813776,0.00043855047724875143,0.0004385504835442693,50,50,0.00077420700492385,0.25
simplex,6,6,1,256,0.5,CVaR,0.0,0.0,0.0,0.0,0.0005023713779106876,0.0005023713842061482,50,50,0.000604005161586,0.0
simplex,6,6,1,256,0.5,Greedy,0.47453703703703703,0.47453703703703703,0.42174085663813776,0.42174085663813776,0.00043855047724875143,0.0004385504835442693,50,50,0.00077420700492385,0.25
simplex,6,6,1,256,0.5,Hinge,0.0,0.23148148148148148,0.0,0.23145733854928188,0.00045456499177495835,0.00045456499807043524,50,50,0.0007405552730335499,0.0
simplex,6,6,1,256,0.5,LCRC,0.0,0.0,0.0,0.0,0.0005400174321547362,0.0005400174384506945,50,50,0.0005419514722700001,0.0
simplex,6,6,1,256,0.5,MA,0.23148148148148148,0.23148148148148148,0.23145733854928188,0.23145733854928188,0.00043810527860746267,0.00043810528490289494,50,50,0.00075889133264245,0.0
simplex,6,6,1,256,0.5,MLE,0.47453703703703703,0.47453703703703703,0.42174085663813776,0.42174085663813776,0.0007090150316858473,0.0007090150364878748,50,50,0.001349314947326,0.25
simplex,6,6,1,256,0.5,Minimax,0.0,0.0,0.0,0.0,0.0005419514722700001,0.000541951478566,50,50,0.0005419514722700001,0.0
simplex,6,6,1,256,0.75,A1,0.6805555555555555,0.6805555555555555,0.6451211005158438,0.6451211005158438,0.0004740300347177292,0.00047403004101341436,50,50,0.00076592958749085,0.5
simplex,6,6,1,256,0.75,CVaR,0.0625,0.0625,0.06645041915725551,0.06645041915725551,0.0005023713779106876,0.0005023713842061482,50,50,0.000604005161586,0.0
simplex,6,6,1,256,0.75,Greedy,0.6805555555555555,0.6805555555555555,0.6451211005158438,0.6451211005158438,0.0004740300347177292,0.00047403004101341436,50,50,0.00076592958749085,0.5
simplex,6,6,1,256,0.75,Hinge,0.0,0.4976851851851852,0.0,0.41287851877580306,0.0004786552260731158,0.00047865523236846993,50,50,0.0006624477328266,0.0
simplex,6,6,1,256,0.75,LCRC,0.0,0.0,0.0,0.0,0.0005400174321547362,0.0005400174384506945,50,50,0.0005419514722700001,0.0
simplex,6,6,1,256,0.75,MA,0.4166666666666667,0.4166666666666667,0.36935222769548237,0.36935222769548237,0.00043810527860746267,0.00043810528490289494,50,50,0.00075889133264245,0.125
simplex,6,6,1,256,0.75,MLE,0.47453703703703703,0.47453703703703703,0.42174085663813776,0.42174085663813776,0.0007090150316858473,0.0007090150364878748,50,50,0.001349314947326,0.25
simplex,6,6,1,256,0.75,Minimax,0.0,0.0,0.0,0.0,0.0005419514722700001,0.000541951478566,50,50,0.0005419514722700001,0.0
simplex,6,6,1,256,1.0,A1,0.7199074074074074,0.7199074074074074,0.6360279978494437,0.6360279978494437,0.0004381052786067321,0.00043810528490231246,50,50,0.00075889133264245,0.5
simplex,6,6,1,256,1.0,CVaR,0.861111111111111,0.9004629629629629,0.8581932016102782,0.8975450534621353,0.0005023713779106876,0.0005023713842061482,50,50,0.000604005161586,0.5
simplex,6,6,1,256,1.0,Greedy,1.0,1.0,0.9642308539403799,0.9642308539403799,0.0005005291664078171,0.0005005291727033981,50,50,0.000541951462852,1.0
simplex,6,6,1,256,1.0,Hinge,0.018518518518518517,1.0,0.015114705869630742,0.9637990197633028,0.000541951468875882,0.0005419514751712038,50,50,0.00054195146915155,0.0
simplex,6,6,1,256,1.0,LCRC,0.09722222222222221,1.0,0.09674012180026835,0.9995178995780402,0.0005400174321547362,0.0005400174384506945,50,50,0.0005419514722700001,0.0
simplex,6,6,1,256,1.0,MA,0.7199074074074074,0.7199074074074074,0.6360279978494437,0.6360279978494437,0.00043810527860746267,0.00043810528490289494,50,50,0.00075889133264245,0.5
simplex,6,6,1,256,1.0,MLE,0.47453703703703703,0.47453703703703703,0.42174085663813776,0.42174085663813776,0.0007090150316858473,0.0007090150364878748,50,50,0.001349314947326,0.25
simplex,6,6,1,256,1.0,Minimax,0.0,1.0,0.0,0.9999999999999923,0.0005419514722700001,0.000541951478566,50,50,0.0005419514722700001,0.0
simplex,6,6,3,32,0.25,A1,0.6828703703703703,0.6828703703703703,0.666745227502216,0.666745227502216,0.00032131808025078374,0.00032131808654633235,50,50,0.0009175199750711501,0.5
simplex,6,6,3,32,0.25,CVaR,0.2199074074074074,0.2199074074074074,0.21770831493084963,0.21770831493084963,0.00036691760560041386,0.00036691761189568345,50,50,0.0006641131585431,0.125
simplex,6,6,3,32,0.25,Greedy,0.6828703703703703,0.6828703703703703,0.666745227502216,0.666745227502216,0.00032131808025078374,0.00032131808654633235,50,50,0.0009175199750711501,0.5
simplex,6,6,3,32,0.25,Hinge,0.0,0.39814814814814814,0.0,0.4287124425929767,0.000343832951431875,0.0003438329577273751,50,50,0.0008111417678878,0.0
simplex,6,6,3,32,0.25,LCRC,0.020833333333333332,0.020833333333333332,0.020730545209720896,0.020730545209720896,0.00048594961178552226,0.000485949618015475,50,50,0.0005419514722700001,0.0
simplex,6,6,3,32,0.25,MA,0.39814814814814814,0.39814814814814814,0.4287124425929767,0.4287124425929767,0.0003318854392131159,0.0003318854455085001,50,50,0.0009175199750689501,0.25
simplex,6,6,3,32,0.25,MLE,0.6828703703703703,0.6828703703703703,0.666745227502216,0.666745227502216,0.00042790775164870725,0.0004279077557948451,50,50,0.001349314947326,0.5
simplex,6,6,3,32,0.25,Minimax,0.0,0.0,0.0,0.0,0.0005419514722700001,0.000541951478566,50,50,0.0005419514722700001,0.0
simplex,6,6,3,32,0.5,A1,0.6828703703703703,0.6828703703703703,0.666745227502216,0.666745227502216,0.0003340316024729619,0.000334031608768404,50,50,0.0009175199750700501,0.5
simplex,6,6,3,32,0.5,CVaR,0.23842592592592593,0.23842592592592593,0.2470300892267223,0.2470300892267223,0.00036691760560041386,0.00036691761189568345,50,50,0.0006641131585431,0.125
simplex,6,6,3,32,0.5,Greedy,0.6828703703703703,0.6828703703703703,0.666745227502216,0.666745227502216,0.0003340316024729619,0.000334031608768404,50,50,0.0009175199750700501,0.5
simplex,6,6,3,32,0.5,Hinge,0.0,0.6018518518518519,0.0,0.6097361354223834,0.0003731291942966135,0.00037312920059200463,50,50,0.0006995390814467999,0.0
simplex,6,6,3,32,0.5,LCRC,0.020833333333333332,0.020833333333333332,0.020730545209720896,0.020730545209720896,0.00048594961178552226,0.000485949618015475,50,50,0.0005419514722700001,0.0
simplex,6,6,3,32,0.5,MA,0.6018518518518519,0.6018518518518519,0.6097361354223834,0.6097361354223834,0.0003318854392131159,0.0003318854455085001,50,50,0.0009175199750689501,0.375
simplex,6,6,3,32,0.5,MLE,0.6828703703703703,0.6828703703703703,0.666745227502216,0.666745227502216,0.00042790775164870725,0.0004279077557948451,50,50,0.001349314947326,0.5
simplex,6,6,3,32,0.5,Minimax,0.0,0.0,0.0,0.0,0.0005419514722700001,0.000541951478566,50,50,0.0005419514722700001,0.0
simplex,6,6,3,32,0.75,A1,0.8055555555555555,0.8055555555555555,0.8678183478971029,0.8678183478971029,0.00040063765048963196,0.00040063765678506716,50,50,0.0008239630657917,0.6666666666666666
simplex,6,6,3,32,0.75,CVaR,0.6203703703703703,0.6203703703703703,0.6845101488824169,0.6845101488824169,0.00036691760560041386,0.00036691761189568345,50,50,0.0006641131585431,0.5
simplex,6,6,3,32,0.75,Greedy,0.8055555555555555,0.8055555555555555,0.8678183478971029,0.8678183478971029,0.00040063765048963196,0.00040063765678506716,50,50,0.0008239630657917,0.6666666666666666
simplex,6,6,3,32,0.75,Hinge,0.020833333333333332,0.7638888888888888,0.020730545209720896,0.8193060651154651,0.00043689176286751397,0.0004368917691628704,50,50,0.0005516162379913001,0.0
simplex,6,6,3,32,0.75,LCRC,0.08101851851851852,0.08101851851851852,0.08061398188846315,0.08061398188846315,0.00048594961178552226,0.000485949618015475,50,50,0.0005419514722700001,0.0
simplex,6,6,3,32,0.75,MA,0.7013888888888888,0.7013888888888888,0.6765924252151648,0.6765924252151648,0.0003318854392131159,0.0003318854455085001,50,50,0.0009175199750689501,0.5
simplex,6,6,3,32,0.75,MLE,0.6828703703703703,0.6828703703703703,0.666745227502216,0.666745227502216,0.00042790775164870725,0.0004279077557948451,50,50,0.001349314947326,0.5
simplex,6,6,3,32,0.75,Minimax,0.0,0.0,0.0,0.0,0.0005419514722700001,0.000541951478566,50,50,0.0005419514722700001,0.0
simplex,6,6,3,32,1.0,A1,0.7407407407407408,0.7407407407407408,0.7709702210694437,0.7709702210694437,0.00033188543921283583,0.0003318854455083196,50,50,0.0009175199750689501,0.625
simplex,6,6,3,32,1.0,CVaR,0.8217592592592592,0.8217592592592592,0.8919957686062951,0.8919957686062951,0.00036691760560041386,0.00036691761189568345,50,50,0.0006641131585431,0.625
simplex,6,6,3,32,1.0,Greedy,1.0,1.0,0.9933780885806209,0.9933780885806209,0.0004817783405303056,0.00048177834682592825,50,50,0.000541951462852,1.0
simplex,6,6,3,32,1.0,Hinge,0.30092592592592593,1.0,0.29707124211302766,0.9933565960278975,0.0005419514519569862,0.0005419514582523658,50,50,0.00054195146915475,0.1111111111111111
simplex,6,6,3,32,1.0,LCRC,0.7777777777777778,1.0,0.7740440524298212,0.9962662746520389,0.00048594961178552226,0.000485949618015475,50,50,0.0005419514722700001,0.625
simplex,6,6,3,32,1.0,MA,0.7407407407407408,0.7407407407407408,0.7709702210694437,0.7709702210694437,0.0003318854392131159,0.0003318854455085001,50,50,0.0009175199750689501,0.625
simplex,6,6,3,32,1.0,MLE,0.6828703703703703,0.6828703703703703,0.666745227502216,0.666745227502216,0.00042790775164870725,0.0004279077557948451,50,50,0.001349314947326,0.5
simplex,6,6,3,32,1.0,Minimax,0.0,1.0,0.0,0.9999999999999573,0.0005419514722700001,0.000541951478566,50,50,0.0005419514722700001,0.0
simplex,6,6,3,256,0.25,A1,0.6967592592592592,0.6967592592592592,0.6420934335535178,0.6420934335535178,0.00028949403708832276,0.00028949404338395713,50,50,0.0008715885774094,0.5
simplex,6,6,3,256,0.25,CVaR,0.2824074074074074,0.2824074074074074,0.27276976241417517,0.27276976241417517,0.000328259283917591,0.0003282592902130586,50,50,0.0005892331902225997,0.2222222222222222
simplex,6,6,3,256,0.25,Greedy,0.6967592592592592,0.6967592592592592,0.6420934335535178,0.6420934335535178,0.00028949403708832276,0.00028949404338395713,50,50,0.0008715885774094,0.5
simplex,6,6,3,256,0.25,Hinge,0.0,0.3796296296296296,0.0,0.38522797374821116,0.0003273376538366366,0.00032733766013213664,50,50,0.0007393584339175499,0.0
simplex,6,6,3,256,0.25,LCRC,0.0,0.0,0.0,0.0,0.0005029493214605717,0.0005029493277560324,50,50,0.0005419514722700001,0.0
simplex,6,6,3,256,0.25,MA,0.3796296296296296,0.3796296296296296,0.38522797374821116,0.38522797374821116,0.0002991619655018048,0.00029916197179727947,50,50,0.0007912223875431,0.2222222222222222
simplex,6,6,3,256,0.25,MLE,0.6967592592592592,0.6967592592592592,0.6420934335535178,0.6420934335535178,0.00040916726631289735,0.0004091672704153086,50,50,0.001349314947326,0.5
simplex,6,6,3,256,0.25,Minimax,0.0,0.0,0.0,0.0,0.0005419514722700001,0.000541951478566,50,50,0.0005419514722700001,0.0
simplex,6,6,3,256,0.5,A1,0.6967592592592592,0.6967592592592592,0.6420934335535178,0.6420934335535178,0.0002938790378552495,0.00029387904415073806,50,50,0.0007963594407232501,0.5
simplex,6,6,3,256,0.5,CVaR,0.32175925925925924,0.32175925925925924,0.31813657534460954,0.31813657534460954,0.000328259283917591,0.0003282592902130586,50,50,0.0005892331902225997,0.2222222222222222
simplex,6,6,3,256,0.5,Greedy,0.6967592592592592,0.6967592592592592,0.6420934335535178,0.6420934335535178,0.0002938790378552495,0.00029387904415073806,50,50,0.0007963594407232501,0.5
simplex,6,6,3,256,0.5,Hinge,0.0,0.5625,0.0,0.5479700043922543,0.00036588594728520144,0.00036588595358057874,50,50,0.0006681100793809999,0.0
simplex,6,6,3,256,0.5,LCRC,0.0,0.0,0.0,0.0,0.0005029493214605717,0.0005029493277560324,50,50,0.0005419514722700001,0.0
simplex,6,6,3,256,0.5,MA,0.5625,0.5625,0.5479700043922543,0.5479700043922543,0.0002991619655018048,0.00029916197179727947,50,50,0.0007912223875431,0.375
simplex,6,6,3,256,0.5,MLE,0.6967592592592592,0.6967592592592592,0.6420934335535178,0.6420934335535178,0.00040916726631289735,0.0004091672704153086,50,50,0.001349314947326,0.5
simplex,6,6,3,256,0.5,Minimax,0.0,0.0,0.0,0.0,0.0005419514722700001,0.000541951478566,50,50,0.0005419514722700001,0.0
simplex,6,6,3,256,0.75,A1,0.875,0.875,0.8442667888974068,0.8442667888974068,0.00037105538288527315,0.00037105538918079167,50,50,0.0007443458236292998,0.625
simplex,6,6,3,256,0.75,CVaR,0.5995370370370371,0.5995370370370371,0.583407042762576,0.583407042762576,0.000328259283917591,0.0003282592902130586,50,50,0.0005892331902225997,0.5
simplex,6,6,3,256,0.75,Greedy,0.875,0.875,0.8442667888974068,0.8442667888974068,0.00037105538288527315,0.00037105538918079167,50,50,0.0007443458236292998,0.625
simplex,6,6,3,256,0.75,Hinge,0.0,0.8171296296296297,0.0,0.7745123210448074,0.00043116216651999307,0.0004311621728154144,50,50,0.00054671786737665,0.0
simplex,6,6,3,256,0.75,LCRC,0.041666666666666664,0.041666666666666664,0.04134229891340898,0.04134229891340898,0.0005029493214605717,0.0005029493277560324,50,50,0.0005419514722700001,0.0
simplex,6,6,3,256,0.75,MA,0.6944444444444445,0.6944444444444445,0.6681775262671387,0.6681775262671387,0.0002991619655018048,0.00029916197179727947,50,50,0.0007912223875431,0.5
simplex,6,6,3,256,0.75,MLE,0.6967592592592592,0.6967592592592592,0.6420934335535178,0.6420934335535178,0.00040916726631289735,0.0004091672704153086,50,50,0.001349314947326,0.5
simplex,6,6,3,256,0.75,Minimax,0.0,0.0,0.0,0.0,0.0005419514722700001,0.000541951478566,50,50,0.0005419514722700001,0.0
simplex,6,6,3,256,1.0,A1,0.7754629629629629,0.7754629629629629,0.7699822666324575,0.7699822666324575,0.0002991619655016902,0.0002991619717970838,50,50,0.0007912223875431,0.5
simplex,6,6,3,256,1.0,CVaR,0.9375,0.9375,0.8963554458688695,0.8963554458688695,0.000328259283917591,0.0003282592902130586,50,50,0.0005892331902225997,0.875
simplex,6,6,3,256,1.0,Greedy,1.0,1.0,0.9932195432229672,0.9932195432229672,0.000482214276440419,0.00048221428273613893,50,50,0.000541951462852,1.0
simplex,6,6,3,256,1.0,Hinge,0.26157407407407407,1.0,0.257291225337051,0.992977760843878,0.00054195145080797,0.0005419514571034121,50,50,0.000541951469148,0.1111111111111111
simplex,6,6,3,256,1.0,LCRC,0.7777777777777778,1.0,0.7735793653597316,0.9958015875819513,0.0005029493214605717,0.0005029493277560324,50,50,0.0005419514722700001,0.625
simplex,6,6,3,256,1.0,MA,0.7754629629629629,0.7754629629629629,0.7699822666324575,0.7699822666324575,0.0002991619655018048,0.00029916197179727947,50,50,0.0007912223875431,0.5
simplex,6,6,3,256,1.0,MLE,0.6967592592592592,0.6967592592592592,0.6420934335535178,0.6420934335535178,0.00040916726631289735,0.0004091672704153086,50,50,0.001349314947326,0.5
simplex,6,6,3,256,1.0,Minimax,0.0,1.0,0.0,1.0000000000000078,0.0005419514722700001,0.000541951478566,50,50,0.0005419514722700001,0.0
simplex,6,6,6,32,0.25,A1,0.8796296296296297,0.8796296296296297,0.8567825698925606,0.8567825698925606,0.00012807940902436312,0.00012807941531988915,50,50,0.0008322058729125,0.75
simplex,6,6,6,32,0.25,CVaR,0.638888888888889,0.638888888888889,0.629382089550783,0.629382089550783,0.0001543323776594871,0.00015433238395485196,50,50,0.0005092111829140999,0.5
simplex,6,6,6,32,0.25,Greedy,0.8796296296296297,0.8796296296296297,0.8567825698925606,0.8567825698925606,0.00012807940902436312,0.00012807941531988915,50,50,0.0008322058729125,0.75
simplex,6,6,6,32,0.25,Hinge,0.020833333333333332,0.7800925925925926,0.020830691800861795,0.7820302634424778,0.00020711535456040972,0.0002071153608557732,50,50,0.0006378695786723501,0.0
simplex,6,6,6,32,0.25,LCRC,0.24074074074074073,0.24074074074074073,0.25790712069907157,0.25790712069907157,0.0003520252659967397,0.00035202527153433815,50,50,0.0005220584882250001,0.2222222222222222
simplex,6,6,6,32,0.25,MA,0.7800925925925926,0.7800925925925926,0.7820302634424778,0.7820302634424778,0.00013212756851299084,0.00013212757480841504,50,50,0.0008067793021477998,0.625
simplex,6,6,6,32,0.25,MLE,0.8796296296296297,0.8796296296296297,0.8567825698925606,0.8567825698925606,0.000162417542724741,0.00016241754625142646,50,50,0.001349314947326,0.75
simplex,6,6,6,32,0.25,Minimax,0.0,0.0,0.0,0.0,0.0005419514722700001,0.000541951478566,50,50,0.0005419514722700001,0.0
simplex,6,6,6,32,0.5,A1,0.8796296296296297,0.8796296296296297,0.8567825698925606,0.8567825698925606,0.0001317251850140523,0.00013172519130945798,50,50,0.0008067793021483498,0.75
simplex,6,6,6,32,0.5,CVaR,0.7592592592592592,0.7592592592592592,0.7385025564431597,0.7385025564431597,0.0001543323776594871,0.00015433238395485196,50,50,0.0005092111829140999,0.625
simplex,6,6,6,32,0.5,Greedy,0.8796296296296297,0.8796296296296297,0.8567825698925606,0.8567825698925606,0.0001317251850140523,0.00013172519130945798,50,50,0.0008067793021483498,0.75
simplex,6,6,6,32,0.5,Hinge,0.0787037037037037,0.8379629629629629,0.07858149253020262,0.8270322272993673,0.0003000834109276968,0.0003000834172230949,50,50,0.00042404257358555,0.0
simplex,6,6,6,32,0.5,LCRC,0.24074074074074073,0.24074074074074073,0.25790712069907157,0.25790712069907157,0.0003520252659967397,0.00035202527153433815,50,50,0.0005220584882250001,0.2222222222222222
simplex,6,6,6,32,0.5,MA,0.8379629629629629,0.8379629629629629,0.8270322272993673,0.8270322272993673,0.00013212756851299084,0.00013212757480841504,50,50,0.0008067793021477998,0.625
simplex,6,6,6,32,0.5,MLE,0.8796296296296297,0.8796296296296297,0.8567825698925606,0.8567825698925606,0.000162417542724741,0.00016241754625142646,50,50,0.001349314947326,0.75
simplex,6,6,6,32,0.5,Minimax,0.0,0.0,0.0,0.0,0.0005419514722700001,0.000541951478566,50,50,0.0005419514722700001,0.0
simplex,6,6,6,32,0.75,A1,0.9583333333333334,0.9583333333333334,0.952883357012834,0.952883357012834,0.00030973992168339124,0.00030973992797875234,50,50,0.000406463595565,0.75
simplex,6,6,6,32,0.75,CVaR,0.8819444444444443,0.8819444444444443,0.8653898580017745,0.8653898580017745,0.0001543323776594871,0.00015433238395485196,50,50,0.0005092111829140999,0.75
simplex,6,6,6,32,0.75,Greedy,0.9583333333333334,0.9583333333333334,0.952883357012834,0.952883357012834,0.00030973992168339124,0.00030973992797875234,50,50,0.000406463595565,0.75
simplex,6,6,6,32,0.75,Hinge,0.13888888888888887,0.9583333333333334,0.13857492723643636,0.939589921795155,0.00041341646399926626,0.0004134164702946505,50,50,0.00040646360186100003,0.0
simplex,6,6,6,32,0.75,LCRC,0.39814814814814814,0.39814814814814814,0.4142986114524028,0.4142986114524028,0.0003520252659967397,0.00035202527153433815,50,50,0.0005220584882250001,0.3333333333333333
simplex,6,6,6,32,0.75,MA,0.8796296296296297,0.8796296296296297,0.8650161858510668,0.8650161858510668,0.00013212756851299084,0.00013212757480841504,50,50,0.0008067793021477998,0.75
simplex,6,6,6,32,0.75,MLE,0.8796296296296297,0.8796296296296297,0.8567825698925606,0.8567825698925606,0.000162417542724741,0.00016241754625142646,50,50,0.001349314947326,0.75
simplex,6,6,6,32,0.75,Minimax,0.0,0.0,0.0,0.0,0.0005419514722700001,0.000541951478566,50,50,0.0005419514722700001,0.0
simplex,6,6,6,32,1.0,A1,0.9004629629629629,0.9004629629629629,0.8846404897548393,0.8846404897548393,0.00013212756851298222,0.00013212757480836934,50,50,0.0008067793021483498,0.75
simplex,6,6,6,32,1.0,CVaR,0.9398148148148149,0.9398148148148149,0.9358297354343862,0.9358297354343862,0.0001543323776594871,0.00015433238395485196,50,50,0.0005092111829140999,0.75
simplex,6,6,6,32,1.0,Greedy,1.0,1.0,0.9994551621592921,0.9994551621592921,0.00046539485583754867,0.00046539486213293297,50,50,0.000541951462852,1.0
simplex,6,6,6,32,1.0,Hinge,0.8194444444444445,1.0,0.8191220626379477,0.9993181169651827,0.0005419470683597408,0.0005419470746551575,50,50,0.0005419514685818,0.625
simplex,6,6,6,32,1.0,LCRC,0.9814814814814815,0.9814814814814815,0.994738866310786,0.994738866310786,0.0003520252659967397,0.00035202527153433815,50,50,0.0005220584882250001,0.8888888888888888
simplex,6,6,6,32,1.0,MA,0.9004629629629629,0.9004629629629629,0.8846404897548393,0.8846404897548393,0.00013212756851299084,0.00013212757480841504,50,50,0.0008067793021477998,0.75
simplex,6,6,6,32,1.0,MLE,0.8796296296296297,0.8796296296296297,0.8567825698925606,0.8567825698925606,0.000162417542724741,0.00016241754625142646,50,50,0.001349314947326,0.75
simplex,6,6,6,32,1.0,Minimax,0.0,1.0,0.0,0.9999999999999742,0.0005419514722700001,0.000541951478566,50,50,0.0005419514722700001,0.0
simplex,6,6,6,256,0.25,A1,0.8402777777777778,0.8402777777777778,0.865717252270736,0.865717252270736,0.00013384960333418576,0.00013384960962962915,50,50,0.000781545204194,0.75
simplex,6,6,6,256,0.25,CVaR,0.7199074074074074,0.7199074074074074,0.6868716258727177,0.6868716258727177,0.00011955722379699989,0.00011955723009243528,50,50,0.00045733956002780003,0.625
simplex,6,6,6,256,0.25,Greedy,0.8402777777777778,0.8402777777777778,0.865717252270736,0.865717252270736,0.00013384960333418576,0.00013384960962962915,50,50,0.000781545204194,0.75
simplex,6,6,6,256,0.25,Hinge,0.020833333333333332,0.8032407407407408,0.020830166925762544,0.7803102127229318,0.00021552606993558104,0.00021552607623114123,50,50,0.000653348943591,0.0
simplex,6,6,6,256,0.25,LCRC,0.27777777777777773,0.27777777777777773,0.27667346468878223,0.27667346468878223,0.0003191905282818308,0.00031919053370293933,50,50,0.0005220584882250001,0.0
simplex,6,6,6,256,0.25,MA,0.8032407407407408,0.8032407407407408,0.7937100419340455,0.7937100419340455,0.0001222833064866607,0.0001222833127820786,50,50,0.0007319001273081,0.6666666666666666
simplex,6,6,6,256,0.25,MLE,0.8402777777777778,0.8402777777777778,0.865717252270736,0.865717252270736,0.0002155155845095338,0.00021551558816010927,50,50,0.001349314947326,0.75
simplex,6,6,6,256,0.25,Minimax,0.0,0.0,0.0,0.0,0.0005419514722700001,0.000541951478566,50,50,0.0005419514722700001,0.0
simplex,6,6,6,256,0.5,A1,0.8402777777777778,0.8402777777777778,0.865717252270736,0.865717252270736,0.00012376751171258108,0.00012376751800798744,50,50,0.0007319001273085499,0.75
simplex,6,6,6,256,0.5,CVaR,0.7824074074074074,0.7824074074074074,0.7500080820786619,0.7500080820786619,0.00011955722379699989,0.00011955723009243528,50,50,0.00045733956002780003,0.6666666666666666
simplex,6,6,6,256,0.5,Greedy,0.8402777777777778,0.8402777777777778,0.865717252270736,0.865717252270736,0.00012376751171258108,0.00012376751800798744,50,50,0.0007319001273085499,0.75
simplex,6,6,6,256,0.5,Hinge,0.041666666666666664,0.8402777777777778,0.04163737356292325,0.8569570926956636,0.0003103904114089213,0.0003103904177043588,50,50,0.0005736414844904998,0.0
simplex,6,6,6,256,0.5,LCRC,0.27777777777777773,0.27777777777777773,0.27667346468878223,0.27667346468878223,0.0003191905282818308,0.00031919053370293933,50,50,0.0005220584882250001,0.0
simplex,6,6,6,256,0.5,MA,0.8402777777777778,0.8402777777777778,0.8569570926956636,0.8569570926956636,0.0001222833064866607,0.0001222833127820786,50,50,0.0007319001273081,0.75
simplex,6,6,6,256,0.5,MLE,0.8402777777777778,0.8402777777777778,0.865717252270736,0.865717252270736,0.0002155155845095338,0.00021551558816010927,50,50,0.001349314947326,0.75
simplex,6,6,6,256,0.5,Minimax,0.0,0.0,0.0,0.0,0.0005419514722700001,0.000541951478566,50,50,0.0005419514722700001,0.0
simplex,6,6,6,256,0.75,A1,0.9398148148148149,0.9398148148148149,0.9525623273486387,0.9525623273486387,0.0003156635836846435,0.00031566358998008333,50,50,0.0005571551902037493,0.875
simplex,6,6,6,256,0.75,CVaR,0.8634259259259259,0.8634259259259259,0.8405339816267464,0.8405339816267464,0.00011955722379699989,0.00011955723009243528,50,50,0.00045733956002780003,0.7777777777777778
simplex,6,6,6,256,0.75,Greedy,0.9398148148148149,0.9398148148148149,0.9525623273486387,0.9525623273486387,0.0003156635836846435,0.00031566358998008333,50,50,0.0005571551902037493,0.875
simplex,6,6,6,256,0.75,Hinge,0.2222222222222222,0.9212962962962963,0.22195019366748073,0.9332567502124723,0.0004142460748621922,0.00041424608115763194,50,50,0.00047191574998694977,0.1111111111111111
simplex,6,6,6,256,0.75,LCRC,0.4375,0.4375,0.43537934112230725,0.43537934112230725,0.0003191905282818308,0.00031919053370293933,50,50,0.0005220584882250001,0.25
simplex,6,6,6,256,0.75,MA,0.8611111111111112,0.8611111111111112,0.8739689708497758,0.8739689708497758,0.0001222833064866607,0.0001222833127820786,50,50,0.0007319001273081,0.7777777777777778
simplex,6,6,6,256,0.75,MLE,0.8402777777777778,0.8402777777777778,0.865717252270736,0.865717252270736,0.0002155155845095338,0.00021551558816010927,50,50,0.001349314947326,0.75
simplex,6,6,6,256,0.75,Minimax,0.0,0.0,0.0,0.0,0.0005419514722700001,0.000541951478566,50,50,0.0005419514722700001,0.0
simplex,6,6,6,256,1.0,A1,0.8796296296296297,0.8796296296296297,0.8856895328150435,0.8856895328150435,0.00012228330648683845,0.00012228331278223785,50,50,0.00073190012730865,0.7777777777777778
simplex,6,6,6,256,1.0,CVaR,0.9606481481481483,0.9606481481481483,0.9350082066873532,0.9350082066873532,0.00011955722379699989,0.00011955723009243528,50,50,0.00045733956002780003,0.875
simplex,6,6,6,256,1.0,Greedy,1.0,1.0,0.9991823600410791,0.9991823600410791,0.0004679496729916945,0.00046794967928717133,50,50,0.000541951462852,1.0
simplex,6,6,6,256,1.0,Hinge,0.7453703703703703,1.0,0.7450172193203904,0.9990357170425619,0.0005419481362840694,0.000541948142579463,50,50,0.0005419514687723001,0.5555555555555556
simplex,6,6,6,256,1.0,LCRC,0.9814814814814815,1.0,0.9768157153701033,0.9953342338886197,0.0003191905282818308,0.00031919053370293933,50,50,0.0005220584882250001,0.8888888888888888
simplex,6,6,6,256,1.0,MA,0.8796296296296297,0.8796296296296297,0.8856895328150435,0.8856895328150435,0.0001222833064866607,0.0001222833127820786,50,50,0.0007319001273081,0.7777777777777778
simplex,6,6,6,256,1.0,MLE,0.8402777777777778,0.8402777777777778,0.865717252270736,0.865717252270736,0.0002155155845095338,0.00021551558816010927,50,50,0.001349314947326,0.75
simplex,6,6,6,256,1.0,Minimax,0.0,1.0,0.0,1.0000000000000233,0.0005419514722700001,0.000541951478566,50,50,0.0005419514722700001,0.0
simplex,6,10,0,32,0.25,A1,0.3,0.3,0.30000000000000204,0.30000000000000204,0.0007041248658452001,0.0007041248721521,50,50,0.0011906535236590001,0.0
simplex,6,10,0,32,0.25,CVaR,0.0,0.0,0.0,0.0,0.0005283402067192001,0.0005283402130261,50,50,0.000541951472271,0.0
simplex,6,10,0,32,0.25,Greedy,0.1,0.1,0.1,0.1,0.0006165645956719,0.0006165646019788,50,50,0.000855122736707,0.0
simplex,6,10,0,32,0.25,Hinge,0.0,0.0,0.0,0.0,0.0005128265533892001,0.0005128265596961001,50,50,0.000672846318224,0.0
simplex,6,10,0,32,0.25,LCRC,0.0,0.0,0.0,0.0,0.0005283402067189,0.0005283402130261,50,50,0.0005419514722700001,0.0
simplex,6,10,0,32,0.25,MA,0.0,0.0,0.0,0.0,0.0005128265533888,0.0005128265596958,50,50,0.0006728471063360001,0.0
simplex,6,10,0,32,0.25,MLE,0.1,0.1,0.1,0.1,0.0010055677987080725,0.001005567804700545,50,50,0.001349314947326,0.0
simplex,6,10,0,32,0.25,Minimax,0.0,0.0,0.0,0.0,0.0005283402067189,0.0005283402130261,50,50,0.0005419514722700001,0.0
simplex,6,10,0,32,0.5,A1,0.3,0.3,0.30000000000000204,0.30000000000000204,0.0005410550996496,0.0005410551059567,50,50,0.0007635175090530001,0.0
simplex,6,10,0,32,0.5,CVaR,0.0,0.0,0.0,0.0,0.0005283402067192001,0.0005283402130261,50,50,0.000541951472271,0.0
simplex,6,10,0,32,0.5,Greedy,0.2,0.2,0.200000000000001,0.200000000000001,0.000539968677843,0.0005399686841499001,50,50,0.000738901459436,0.0
simplex,6,10,0,32,0.5,Hinge,0.0,0.0,0.0,0.0,0.0005128265533907,0.0005128265596977,50,50,0.0006728485698,0.0
simplex,6,10,0,32,0.5,LCRC,0.0,0.0,0.0,0.0,0.0005283402067189,0.0005283402130261,50,50,0.0005419514722700001,0.0
simplex,6,10,0,32,0.5,MA,0.0,0.0,0.0,0.0,0.0005128265533888,0.0005128265596958,50,50,0.0006728471063360001,0.0
simplex,6,10,0,32,0.5,MLE,0.2,0.2,0.200000000000001,0.200000000000001,0.0010055677987080725,0.001005567804700545,50,50,0.001349314947326,0.0
simplex,6,10,0,32,0.5,Minimax,0.0,0.0,0.0,0.0,0.0005283402067189,0.0005283402130261,50,50,0.0005419514722700001,0.0
simplex,6,10,0,32,0.75,A1,0.5,0.5,0.500000000000004,0.500000000000004,0.0005487606110787,0.0005487606173858001,50,50,0.000827573735022,0.0
simplex,6,10,0,32,0.75,CVaR,0.0,0.0,0.0,0.0,0.0005283402067192001,0.0005283402130261,50,50,0.000541951472271,0.0
simplex,6,10,0,32,0.75,Greedy,0.3,0.3,0.30000000000000204,0.30000000000000204,0.0005578519584318001,0.0005578519647390001,50,50,0.0007351382318210001,0.0
simplex,6,10,0,32,0.75,Hinge,0.0,0.1,0.0,0.1,0.0005148286089754,0.0005148286152824001,50,50,0.000637164962838,0.0
simplex,6,10,0,32,0.75,LCRC,0.0,0.0,0.0,0.0,0.0005283402067189,0.0005283402130261,50,50,0.0005419514722700001,0.0
simplex,6,10,0,32,0.75,MA,0.2,0.2,0.200000000000001,0.200000000000001,0.0005128265533888,0.0005128265596958,50,50,0.0006728471063360001,0.0
simplex,6,10,0,32,0.75,MLE,0.2,0.2,0.200000000000001,0.200000000000001,0.0010055677987080725,0.001005567804700545,50,50,0.001349314947326,0.0
simplex,6,10,0,32,0.75,Minimax,0.0,0.0,0.0,0.0,0.0005283402067189,0.0005283402130261,50,50,0.0005419514722700001,0.0
simplex,6,10,0,32,1.0,A1,0.6,0.6,0.6000000000000051,0.6000000000000051,0.0005128265533887001,0.0005128265596958,50,50,0.000672847106337,0.0
simplex,6,10,0,32,1.0,CVaR,0.4,1.0,0.400000000000003,1.000000000000009,0.0005283402067192001,0.0005283402130261,50,50,0.000541951472271,0.0
simplex,6,10,0,32,1.0,Greedy,0.9,0.9,0.900000000000008,0.900000000000008,0.0005282211296664,0.0005282211359732001,50,50,0.000552354107742,0.0
simplex,6,10,0,32,1.0,Hinge,0.4,1.0,0.400000000000003,1.000000000000009,0.0005283402071634,0.0005283402134703,50,50,0.0005419514738210001,0.0
simplex,6,10,0,32,1.0,LCRC,0.4,1.0,0.400000000000003,1.000000000000009,0.0005283402067189,0.0005283402130261,50,50,0.0005419514722700001,0.0
simplex,6,10,0,32,1.0,MA,0.6,0.6,0.6000000000000051,0.6000000000000051,0.0005128265533888,0.0005128265596958,50,50,0.0006728471063360001,0.0
simplex,6,10,0,32,1.0,MLE,0.3,0.3,0.30000000000000204,0.30000000000000204,0.0010055677987080725,0.001005567804700545,50,50,0.001349314947326,0.0
simplex,6,10,0,32,1.0,Minimax,0.4,1.0,0.400000000000003,1.000000000000009,0.0005283402067189,0.0005283402130261,50,50,0.0005419514722700001,0.0
simplex,6,10,0,256,0.25,A1,0.3,0.3,0.300000000000037,0.300000000000037,0.000704124865863,0.0007041248721701,50,50,0.001190655052015,0.0
simplex,6,10,0,256,0.25,CVaR,0.0,0.0,0.0,0.0,0.0005283402067192001,0.0005283402130261,50,50,0.000541951472271,0.0
simplex,6,10,0,256,0.25,Greedy,0.1,0.1,0.10000000000001201,0.10000000000001201,0.0006165645956719,0.0006165646019789001,50,50,0.0008551227367290001,0.0
simplex,6,10,0,256,0.25,Hinge,0.0,0.0,0.0,0.0,0.0005128265533893001,0.0005128265596962001,50,50,0.0006728463182230001,0.0
simplex,6,10,0,256,0.25,LCRC,0.0,0.0,0.0,0.0,0.0005283402067189,0.0005283402130261,50,50,0.0005419514722700001,0.0
simplex,6,10,0,256,0.25,MA,0.0,0.0,0.0,0.0,0.0005128265533888,0.0005128265596958,50,50,0.0006728471063360001,0.0
simplex,6,10,0,256,0.25,MLE,0.1,0.1,0.10000000000001201,0.10000000000001201,0.0010055677987080725,0.001005567804700545,50,50,0.001349314947326,0.0
simplex,6,10,0,256,0.25,Minimax,0.0,0.0,0.0,0.0,0.0005283402067189,0.0005283402130261,50,50,0.0005419514722700001,0.0
simplex,6,10,0,256,0.5,A1,0.3,0.3,0.300000000000037,0.300000000000037,0.0005410550996496,0.0005410551059567,50,50,0.0007635175185840001,0.0
simplex,6,10,0,256,0.5,CVaR,0.0,0.0,0.0,0.0,0.0005283402067192001,0.0005283402130261,50,50,0.000541951472271,0.0
simplex,6,10,0,256,0.5,Greedy,0.2,0.2,0.20000000000002402,0.20000000000002402,0.000539968677843,0.00053996868415,50,50,0.000738901459436,0.0
simplex,6,10,0,256,0.5,Hinge,0.0,0.0,0.0,0.0,0.0005128265533906,0.0005128265596976001,50,50,0.0006728485697990001,0.0
simplex,6,10,0,256,0.5,LCRC,0.0,0.0,0.0,0.0,0.0005283402067189,0.0005283402130261,50,50,0.0005419514722700001,0.0
simplex,6,10,0,256,0.5,MA,0.0,0.0,0.0,0.0,0.0005128265533888,0.0005128265596958,50,50,0.0006728471063360001,0.0
simplex,6,10,0,256,0.5,MLE,0.2,0.2,0.20000000000002402,0.20000000000002402,0.0010055677987080725,0.001005567804700545,50,50,0.001349314947326,0.0
simplex,6,10,0,256,0.5,Minimax,0.0,0.0,0.0,0.0,0.0005283402067189,0.0005283402130261,50,50,0.0005419514722700001,0.0
simplex,6,10,0,256,0.75,A1,0.5,0.5,0.5000000000000611,0.5000000000000611,0.0005487606110787,0.0005487606173857001,50,50,0.000827573735022,0.0
simplex,6,10,0,256,0.75,CVaR,0.0,0.0,0.0,0.0,0.0005283402067192001,0.0005283402130261,50,50,0.000541951472271,0.0
simplex,6,10,0,256,0.75,Greedy,0.3,0.3,0.300000000000037,0.300000000000037,0.000557851958432,0.0005578519647391001,50,50,0.000735138231844,0.0
simplex,6,10,0,256,0.75,Hinge,0.0,0.1,0.0,0.10000000000001201,0.0005148286089754,0.0005148286152824001,50,50,0.000637164962838,0.0
simplex,6,10,0,256,0.75,LCRC,0.0,0.0,0.0,0.0,0.0005283402067189,0.0005283402130261,50,50,0.0005419514722700001,0.0
simplex,6,10,0,256,0.75,MA,0.2,0.2,0.20000000000002402,0.20000000000002402,0.0005128265533888,0.0005128265596958,50,50,0.0006728471063360001,0.0
simplex,6,10,0,256,0.75,MLE,0.2,0.2,0.20000000000002402,0.20000000000002402,0.0010055677987080725,0.001005567804700545,50,50,0.001349314947326,0.0
simplex,6,10,0,256,0.75,Minimax,0.0,0.0,0.0,0.0,0.0005283402067189,0.0005283402130261,50,50,0.0005419514722700001,0.0
simplex,6,10,0,256,1.0,A1,0.6,0.6,0.600000000000073,0.600000000000073,0.0005128265533887001,0.0005128265596958,50,50,0.000672847106337,0.0
simplex,6,10,0,256,1.0,CVaR,0.4,1.0,0.40000000000004904,1.000000000000123,0.0005283402067192001,0.0005283402130261,50,50,0.000541951472271,0.0
simplex,6,10,0,256,1.0,Greedy,0.9,0.9,0.9000000000001102,0.9000000000001102,0.0005282211296664,0.0005282211359733,50,50,0.000552354107736,0.0
simplex,6,10,0,256,1.0,Hinge,0.4,1.0,0.40000000000004904,1.000000000000123,0.0005283402072897,0.0005283402135965,50,50,0.000541951474289,0.0
simplex,6,10,0,256,1.0,LCRC,0.4,1.0,0.40000000000004904,1.000000000000123,0.0005283402067189,0.0005283402130261,50,50,0.0005419514722700001,0.0
simplex,6,10,0,256,1.0,MA,0.6,0.6,0.600000000000073,0.600000000000073,0.0005128265533888,0.0005128265596958,50,50,0.0006728471063360001,0.0
simplex,6,10,0,256,1.0,MLE,0.3,0.3,0.300000000000037,0.300000000000037,0.0010055677987080725,0.001005567804700545,50,50,0.001349314947326,0.0
simplex,6,10,0,256,1.0,Minimax,0.4,1.0,0.40000000000004904,1.000000000000123,0.0005283402067189,0.0005283402130261,50,50,0.0005419514722700001,0.0
simplex,6,10,1,32,0.25,A1,0.9199999999999999,0.9199999999999999,0.8895022509917409,0.8895022509917409,0.00012200224924115961,0.00012200225554818027,50,50,0.0006605946000328997,0.8
simplex,6,10,1,32,0.25,CVaR,0.72,0.72,0.7445270351034985,0.7445270351034985,0.0001277600064745594,0.0001277600127815718,50,50,0.00045924133380544974,0.4
simplex,6,10,1,32,0.25,Greedy,0.8800000000000001,0.8800000000000001,0.8746927162396266,0.8746927162396266,0.00011848444965139327,0.00011848445595836418,50,50,0.0006605946000328997,0.6
simplex,6,10,1,32,0.25,Hinge,0.15999999999999998,0.82,0.1348177805473819,0.8122503072855876,0.0001764804900006,0.00017648049630752,50,50,0.0005104871086381499,0.0
simplex,6,10,1,32,0.25,LCRC,0.22000000000000003,0.22000000000000003,0.21937733941966514,0.21937733941966514,0.00027313377392520593,0.0002731337800432535,50,50,0.00048671296666045,0.0
simplex,6,10,1,32,0.25,MA,0.76,0.76,0.7801686687912788,0.7801686687912788,0.00010958714571211371,0.00010958715201913176,50,50,0.0005424209231574497,0.6
simplex,6,10,1,32,0.25,MLE,0.74,0.74,0.7463681702565687,0.7463681702565687,0.00013651178447456213,0.00013651178844862423,50,50,0.0009571839674109,0.2
simplex,6,10,1,32,0.25,Minimax,0.0,0.0,0.0,0.0,0.0005283402067189,0.0005283402130261,50,50,0.0005419514722700001,0.0
simplex,6,10,1,32,0.5,A1,0.9400000000000001,0.9400000000000001,0.9258599947720288,0.9258599947720288,0.000194853209559048,0.00019485321586590294,50,50,0.00032333691455819976,0.8
simplex,6,10,1,32,0.5,CVaR,0.8400000000000001,0.8400000000000001,0.8285445351677956,0.8285445351677956,0.0001277600064745594,0.0001277600127815718,50,50,0.00045924133380544974,0.6
simplex,6,10,1,32,0.5,Greedy,0.9,0.9,0.9124298338286041,0.9124298338286041,0.0001531915894834313,0.00015319159579049672,50,50,0.00057885801973105,0.8
simplex,6,10,1,32,0.5,Hinge,0.36,0.8800000000000001,0.363839451524602,0.8988360346409425,0.00026543221669078003,0.00026543222299784004,50,50,0.00036493146931915,0.0
simplex,6,10,1,32,0.5,LCRC,0.45999999999999996,0.45999999999999996,0.4665263074235554,0.4665263074235554,0.00027313377392520593,0.0002731337800432535,50,50,0.00048671296666045,0.0
simplex,6,10,1,32,0.5,MA,0.9,0.9,0.8733072235942231,0.8733072235942231,0.00010958714571211371,0.00010958715201913176,50,50,0.0005424209231574497,0.8
simplex,6,10,1,32,0.5,MLE,0.8400000000000001,0.8400000000000001,0.8311277179170166,0.8311277179170166,0.00013651178447456213,0.00013651178844862423,50,50,0.0009571839674109,0.6
simplex,6,10,1,32,0.5,Minimax,0.0,0.0,0.0,0.0,0.0005283402067189,0.0005283402130261,50,50,0.0005419514722700001,0.0
simplex,6,10,1,32,0.75,A1,1.0,1.0,0.9772340510658045,0.9772340510658045,0.00029043303034313034,0.00029043303665021557,50,50,0.00040646359460045,1.0
simplex,6,10,1,32,0.75,CVaR,0.9400000000000001,0.9400000000000001,0.9289198275339915,0.9289198275339915,0.0001277600064745594,0.0001277600127815718,50,50,0.00045924133380544974,0.8
simplex,6,10,1,32,0.75,Greedy,0.9800000000000001,0.9800000000000001,0.9705496573972969,0.9705496573972969,0.00025412987236941495,0.0002541298786763754,50,50,0.00040646359552055006,0.8
simplex,6,10,1,32,0.75,Hinge,0.54,0.9800000000000001,0.572483880641695,0.9644497734834374,0.00037016954751722004,0.0003701695538242,50,50,0.00040646360185855006,0.0
simplex,6,10,1,32,0.75,LCRC,0.78,0.78,0.7764088983576285,0.7764088983576285,0.00027313377392520593,0.0002731337800432535,50,50,0.00048671296666045,0.6
simplex,6,10,1,32,0.75,MA,0.9199999999999999,0.9199999999999999,0.906685326529708,0.906685326529708,0.00010958714571211371,0.00010958715201913176,50,50,0.0005424209231574497,0.8
simplex,6,10,1,32,0.75,MLE,0.9199999999999999,0.9199999999999999,0.8730562727041373,0.8730562727041373,0.00013651178447456213,0.00013651178844862423,50,50,0.0009571839674109,0.8
simplex,6,10,1,32,0.75,Minimax,0.0,0.0,0.0,0.0,0.0005283402067189,0.0005283402130261,50,50,0.0005419514722700001,0.0
simplex,6,10,1,32,1.0,A1,0.9400000000000001,0.9400000000000001,0.9237169578212141,0.9237169578212141,0.00010958714571209149,0.00010958715201912954,50,50,0.0005424209231574497,0.8
simplex,6,10,1,32,1.0,CVaR,0.96,0.96,0.9599139722385651,0.9599139722385651,0.0001277600064745594,0.0001277600127815718,50,50,0.00045924133380544974,0.8
simplex,6,10,1,32,1.0,Greedy,1.0,1.0,0.9997074941575897,0.9997074941575897,0.00046440642846279996,0.00046440643476994005,50,50,0.00052009146265725,1.0
simplex,6,10,1,32,1.0,Hinge,0.9199999999999999,1.0,0.9159073169516976,0.999751558924239,0.0005283270009356601,0.0005283270072426801,50,50,0.00054195146497475,0.6
simplex,6,10,1,32,1.0,LCRC,1.0,1.0,0.9959126173369828,0.9959126173369828,0.00027313377392520593,0.0002731337800432535,50,50,0.00048671296666045,1.0
simplex,6,10,1,32,1.0,MA,0.9400000000000001,0.9400000000000001,0.9237169578212141,0.9237169578212141,0.00010958714571211371,0.00010958715201913176,50,50,0.0005424209231574497,0.8
simplex,6,10,1,32,1.0,MLE,0.9199999999999999,0.9199999999999999,0.8895022509917409,0.8895022509917409,0.00013651178447456213,0.00013651178844862423,50,50,0.0009571839674109,0.8
simplex,6,10,1,32,1.0,Minimax,0.4,1.0,0.3943232836142677,0.9999999999999618,0.0005283402067189,0.0005283402130261,50,50,0.0005419514722700001,0.0
simplex,6,10,1,256,0.25,A1,0.8800000000000001,0.8800000000000001,0.8738355026198066,0.8738355026198066,0.0001548495411499768,0.00015484954745699798,50,50,0.0008230038303623498,0.6
simplex,6,10,1,256,0.25,CVaR,0.6799999999999999,0.6799999999999999,0.6708193568023312,0.6708193568023312,0.00013653829215472748,0.00013653829846176202,50,50,0.0005426883710466995,0.4
simplex,6,10,1,256,0.25,Greedy,0.8800000000000001,0.8800000000000001,0.8620336679716359,0.8620336679716359,0.0001333751749219152,0.00013337518122888723,50,50,0.0008230038303623498,0.6
simplex,6,10,1,256,0.25,Hinge,0.16,0.78,0.16237861376793458,0.7945376427567439,0.00019701345272442233,0.00019701345903124133,50,50,0.0007656176285460997,0.0
simplex,6,10,1,256,0.25,LCRC,0.24000000000000005,0.24000000000000005,0.23915830477358707,0.23915830477358707,0.00029416346741617164,0.00029416347353438874,50,50,0.0005316121765884,0.2
simplex,6,10,1,256,0.25,MA,0.72,0.72,0.7517259932218422,0.7517259932218422,0.00013261119934938605,0.0001326112056563661,50,50,0.0007933481297863,0.4
simplex,6,10,1,256,0.25,MLE,0.6599999999999999,0.6599999999999999,0.7004117793322807,0.7004117793322807,0.0001768690440900502,0.0001768690483160804,50,50,0.0012212140243992493,0.4
simplex,6,10,1,256,0.25,Minimax,0.0,0.0,0.0,0.0,0.0005283402067189,0.0005283402130261,50,50,0.0005419514722700001,0.0
simplex,6,10,1,256,0.5,A1,0.9199999999999999,0.9199999999999999,0.9128307972971748,0.9128307972971748,0.00022784570570984062,0.00022784571201684654,50,50,0.0008724361437434495,0.6
simplex,6,10,1,256,0.5,CVaR,0.8800000000000001,0.8800000000000001,0.8120619430281109,0.8120619430281109,0.00013653829215472748,0.00013653829846176202,50,50,0.0005426883710466995,0.6
simplex,6,10,1,256,0.5,Greedy,0.9199999999999999,0.9199999999999999,0.8995425211815796,0.8995425211815796,0.0001710906389694971,0.0001710906452764686,50,50,0.0008104243094462999,0.6
simplex,6,10,1,256,0.5,Hinge,0.36,0.9,0.3706081916076407,0.8604544194114165,0.00029207262822992,0.0002920726345369,50,50,0.0006172164496228996,0.0
simplex,6,10,1,256,0.5,LCRC,0.42000000000000004,0.42000000000000004,0.402768484435874,0.402768484435874,0.00029416346741617164,0.00029416347353438874,50,50,0.0005316121765884,0.2
simplex,6,10,1,256,0.5,MA,0.8800000000000001,0.8800000000000001,0.8495363672688875,0.8495363672688875,0.00013261119934938605,0.0001326112056563661,50,50,0.0007933481297863,0.6
simplex,6,10,1,256,0.5,MLE,0.8400000000000001,0.8400000000000001,0.8097234956117318,0.8097234956117318,0.0001768690440900502,0.0001768690483160804,50,50,0.0012212140243992493,0.6
simplex,6,10,1,256,0.5,Minimax,0.0,0.0,0.0,0.0,0.0005283402067189,0.0005283402130261,50,50,0.0005419514722700001,0.0
simplex,6,10,1,256,0.75,A1,0.9400000000000001,0.9400000000000001,0.9619797130544097,0.9619797130544097,0.0003096014019254576,0.0003096014082325502,50,50,0.000611065929893249,0.8
simplex,6,10,1,256,0.75,CVaR,0.9,0.9,0.8915149439223955,0.8915149439223955,0.00013653829215472748,0.00013653829846176202,50,50,0.0005426883710466995,0.6
simplex,6,10,1,256,0.75,Greedy,0.9400000000000001,0.9400000000000001,0.9566298295822107,0.9566298295822107,0.0002715272031703471,0.0002715272094773727,50,50,0.0006309019577362989,0.8
simplex,6,10,1,256,0.75,Hinge,0.54,0.9199999999999999,0.5607885906015689,0.9340357345786353,0.00038749721164192,0.00038749721794894003,50,50,0.0005330009578006495,0.2
simplex,6,10,1,256,0.75,LCRC,0.7,0.7,0.7355708511956808,0.7355708511956808,0.00029416346741617164,0.00029416347353438874,50,50,0.0005316121765884,0.4
simplex,6,10,1,256,0.75,MA,0.9199999999999999,0.9199999999999999,0.8954067859557968,0.8954067859557968,0.00013261119934938605,0.0001326112056563661,50,50,0.0007933481297863,0.6
simplex,6,10,1,256,0.75,MLE,0.8800000000000001,0.8800000000000001,0.853358430379371,0.853358430379371,0.0001768690440900502,0.0001768690483160804,50,50,0.0012212140243992493,0.6
simplex,6,10,1,256,0.75,Minimax,0.0,0.0,0.0,0.0,0.0005283402067189,0.0005283402130261,50,50,0.0005419514722700001,0.0
simplex,6,10,1,256,1.0,A1,0.9199999999999999,0.9199999999999999,0.9234867673595517,0.9234867673595517,0.00013261119934944663,0.00013261120565636665,50,50,0.00079334812978675,0.6
simplex,6,10,1,256,1.0,CVaR,0.9400000000000001,0.9400000000000001,0.9513775190175016,0.9513775190175016,0.00013653829215472748,0.00013653829846176202,50,50,0.0005426883710466995,0.8
simplex,6,10,1,256,1.0,Greedy,1.0,1.0,0.9996359684728426,0.9996359684728426,0.00046876186123718004,0.00046876186754428,50,50,0.00054195146281705,1.0
simplex,6,10,1,256,1.0,Hinge,0.8400000000000001,1.0,0.8812697411092497,0.999631373916676,0.00052832808943304,0.0005283280957401801,50,50,0.0005419514683837,0.4
simplex,6,10,1,256,1.0,LCRC,0.9800000000000001,1.0,0.9842664730921389,0.9952261924150129,0.00029416346741617164,0.00029416347353438874,50,50,0.0005316121765884,0.8
simplex,6,10,1,256,1.0,MA,0.9199999999999999,0.9199999999999999,0.9234867673595517,0.9234867673595517,0.00013261119934938605,0.0001326112056563661,50,50,0.0007933481297863,0.6
simplex,6,10,1,256,1.0,MLE,0.8800000000000001,0.8800000000000001,0.8735251880285586,0.8735251880285586,0.0001768690440900502,0.0001768690483160804,50,50,0.0012212140243992493,0.6
simplex,6,10,1,256,1.0,Minimax,0.4,1.0,0.4145667655228683,0.9999999999999973,0.0005283402067189,0.0005283402130261,50,50,0.0005419514722700001,0.0
simplex,6,10,3,32,0.25,A1,0.9800000000000001,0.9800000000000001,0.9812151460078582,0.9812151460078582,5.478760958386551e-05,5.4787615113630484e-05,50,50,0.00013443245815695002,0.8
simplex,6,10,3,32,0.25,CVaR,0.9199999999999999,0.9199999999999999,0.9180365446024975,0.9180365446024975,2.071225914051735e-05,2.0712264780685185e-05,50,50,0.00014202350563854998,0.6
simplex,6,10,3,32,0.25,Greedy,0.9800000000000001,0.9800000000000001,0.9787148209738212,0.9787148209738212,3.7294259533395784e-05,3.729426506317325e-05,50,50,0.00012638420216834996,0.8
simplex,6,10,3,32,0.25,Hinge,0.66,0.9800000000000001,0.6628598352582881,0.9787148209738212,0.00013234943978720945,0.00013234944609415457,50,50,0.00013548786727775,0.2
simplex,6,10,3,32,0.25,LCRC,0.8800000000000001,0.8800000000000001,0.8793329954545916,0.8793329954545916,6.222606263493761e-05,6.222606755613065e-05,50,50,0.00026824285647729986,0.6
simplex,6,10,3,32,0.25,MA,0.9400000000000001,0.9400000000000001,0.9379143245338843,0.9379143245338843,1.7217355651306177e-05,1.72173611810694e-05,50,50,0.00010817492782860534,0.8
simplex,6,10,3,32,0.25,MLE,0.9400000000000001,0.9400000000000001,0.932840493216567,0.932840493216567,2.7887341005262902e-05,2.7887344348245802e-05,50,50,9.99622851908761e-05,0.8
simplex,6,10,3,32,0.25,Minimax,0.0,0.0,0.0,0.0,0.0005283402067189,0.0005283402130261,50,50,0.0005419514722700001,0.0
simplex,6,10,3,32,0.5,A1,1.0,1.0,0.9961656715091773,0.9961656715091773,0.00014123485080111788,0.00014123485710819392,50,50,0.0002629838160353,1.0
simplex,6,10,3,32,0.5,CVaR,1.0,1.0,0.9928159689394865,0.9928159689394865,2.071225914051735e-05,2.0712264780685185e-05,50,50,0.00014202350563854998,1.0
simplex,6,10,3,32,0.5,Greedy,1.0,1.0,0.9960463549013989,0.9960463549013989,0.00010359374687321705,0.00010359375318023602,50,50,0.000265080998901,1.0
simplex,6,10,3,32,0.5,Hinge,0.8400000000000001,1.0,0.8424822585408991,0.9960450137971268,0.00023036750604898,0.00023036751235596003,50,50,0.000270975734341,0.6
simplex,6,10,3,32,0.5,LCRC,0.9400000000000001,0.9400000000000001,0.9392648249678139,0.9392648249678139,6.222606263493761e-05,6.222606755613065e-05,50,50,0.00026824285647729986,0.6
simplex,6,10,3,32,0.5,MA,0.9800000000000001,0.9800000000000001,0.9785771772599043,0.9785771772599043,1.7217355651306177e-05,1.72173611810694e-05,50,50,0.00010817492782860534,0.8
simplex,6,10,3,32,0.5,MLE,0.9800000000000001,0.9800000000000001,0.9718743487723819,0.9718743487723819,2.7887341005262902e-05,2.7887344348245802e-05,50,50,9.99622851908761e-05,0.8
simplex,6,10,3,32,0.5,Minimax,0.0,0.0,0.0,0.0,0.0005283402067189,0.0005283402130261,50,50,0.0005419514722700001,0.0
simplex,6,10,3,32,0.75,A1,1.0,1.0,0.9995157376227699,0.9995157376227699,0.0002694552705142992,0.0002694552768213971,50,50,0.00035652456551405,1.0
simplex,6,10,3,32,0.75,CVaR,1.0,1.0,0.993126724048552,0.993126724048552,2.071225914051735e-05,2.0712264780685185e-05,50,50,0.00014202350563854998,1.0
simplex,6,10,3,32,0.75,Greedy,1.0,1.0,0.9995149929934761,0.9995149929934761,0.0001911157854825239,0.00019111579178951392,50,50,0.00036107601477105005,1.0
simplex,6,10,3,32,0.75,Hinge,0.9199999999999999,1.0,0.931039506124252,0.9992794508747265,0.00034030231350842,0.00034030231981548,50,50,0.00040646360010405003,0.8
simplex,6,10,3,32,0.75,LCRC,1.0,1.0,0.9931643270842336,0.9931643270842336,6.222606263493761e-05,6.222606755613065e-05,50,50,0.00026824285647729986,1.0
simplex,6,10,3,32,0.75,MA,1.0,1.0,0.995148404563061,0.995148404563061,1.7217355651306177e-05,1.72173611810694e-05,50,50,0.00010817492782860534,1.0
simplex,6,10,3,32,0.75,MLE,0.9800000000000001,0.9800000000000001,0.9809096128834787,0.9809096128834787,2.7887341005262902e-05,2.7887344348245802e-05,50,50,9.99622851908761e-05,0.8
simplex,6,10,3,32,0.75,Minimax,0.0,0.0,0.0,0.0,0.0005283402067189,0.0005283402130261,50,50,0.0005419514722700001,0.0
simplex,6,10,3,32,1.0,A1,1.0,1.0,0.9954641949036471,0.9954641949036471,1.7217355651302846e-05,1.7217361181065512e-05,50,50,0.00010817492782861157,1.0
simplex,6,10,3,32,1.0,CVaR,1.0,1.0,0.9970972237798994,0.9970972237798994,2.071225914051735e-05,2.0712264780685185e-05,50,50,0.00014202350563854998,1.0
simplex,6,10,3,32,1.0,Greedy,1.0,1.0,0.999999958858585,0.999999958858585,0.00045486353139754,0.0004548635377045401,50,50,0.0005104746700513,1.0
simplex,6,10,3,32,1.0,Hinge,1.0,1.0,0.999999958731134,0.999999958731134,0.0004108252873663,0.00041082529367336,50,50,0.0005390065019826,1.0
simplex,6,10,3,32,1.0,LCRC,1.0,1.0,0.9995089614180268,0.9995089614180268,6.222606263493761e-05,6.222606755613065e-05,50,50,0.00026824285647729986,1.0
simplex,6,10,3,32,1.0,MA,1.0,1.0,0.9954641949036471,0.9954641949036471,1.7217355651306177e-05,1.72173611810694e-05,50,50,0.00010817492782860534,1.0
simplex,6,10,3,32,1.0,MLE,0.9800000000000001,0.9800000000000001,0.9812151460078582,0.9812151460078582,2.7887341005262902e-05,2.7887344348245802e-05,50,50,9.99622851908761e-05,0.8
simplex,6,10,3,32,1.0,Minimax,0.4,1.0,0.41699021406928083,1.0000000000000417,0.0005283402067189,0.0005283402130261,50,50,0.0005419514722700001,0.0
simplex,6,10,3,256,0.25,A1,1.0,1.0,0.9980785857525752,0.9980785857525752,4.0248442575779097e-05,4.024844832211579e-05,50,50,0.00011576248450555,1.0
simplex,6,10,3,256,0.25,CVaR,0.9800000000000001,0.9800000000000001,0.9804740170678462,0.9804740170678462,1.4712046370654413e-05,1.471205209840166e-05,50,50,6.006998410249888e-05,0.8
simplex,6,10,3,256,0.25,Greedy,1.0,1.0,0.9978896402723656,0.9978896402723656,3.73199486872206e-05,3.731995443356812e-05,50,50,0.00011551465976665,1.0
simplex,6,10,3,256,0.25,Hinge,0.6,1.0,0.5965296823728687,0.9978557744765245,0.00012943065692426305,0.00012943066323135155,50,50,0.00013548786727540001,0.2
simplex,6,10,3,256,0.25,LCRC,0.9199999999999999,0.9199999999999999,0.9192698113725495,0.9192698113725495,5.413585360217097e-05,5.413585864928084e-05,50,50,0.00015481678132854999,0.8
simplex,6,10,3,256,0.25,MA,0.96,0.96,0.9640658379013105,0.9640658379013105,1.2697419427109283e-05,1.2697425116794754e-05,50,50,8.064690090250406e-05,0.8
simplex,6,10,3,256,0.25,MLE,0.9400000000000001,0.9400000000000001,0.9139961580864696,0.9139961580864696,1.827469707803653e-05,1.8274700421053068e-05,50,50,0.00010117679743047608,0.8
simplex,6,10,3,256,0.25,Minimax,0.0,0.0,0.0,0.0,0.0005283402067189,0.0005283402130261,50,50,0.0005419514722700001,0.0
simplex,6,10,3,256,0.5,A1,1.0,1.0,0.9995180904323817,0.9995180904323817,0.00013774462849116103,0.00013774463479825677,50,50,0.0002607487363896,1.0
simplex,6,10,3,256,0.5,CVaR,1.0,1.0,0.9973151075295738,0.9973151075295738,1.4712046370654413e-05,1.471205209840166e-05,50,50,6.006998410249888e-05,1.0
simplex,6,10,3,256,0.5,Greedy,1.0,1.0,0.9994777739744396,0.9994777739744396,6.947204591695554e-05,6.947205209930847e-05,50,50,0.00024274028427874992,1.0
simplex,6,10,3,256,0.5,Hinge,0.78,1.0,0.7734884024620018,0.9994435966222778,0.0002338149623235493,0.0002338149686305988,50,50,0.00027097573427035,0.4
simplex,6,10,3,256,0.5,LCRC,0.96,0.96,0.9579905303322109,0.9579905303322109,5.413585360217097e-05,5.413585864928084e-05,50,50,0.00015481678132854999,0.8
simplex,6,10,3,256,0.5,MA,1.0,1.0,0.9970469030300821,0.9970469030300821,1.2697419427109283e-05,1.2697425116794754e-05,50,50,8.064690090250406e-05,1.0
simplex,6,10,3,256,0.5,MLE,0.9800000000000001,0.9800000000000001,0.9857043717965064,0.9857043717965064,1.827469707803653e-05,1.8274700421053068e-05,50,50,0.00010117679743047608,0.8
simplex,6,10,3,256,0.5,Minimax,0.0,0.0,0.0,0.0,0.0005283402067189,0.0005283402130261,50,50,0.0005419514722700001,0.0
simplex,6,10,3,256,0.75,A1,1.0,1.0,0.9999580106569876,0.9999580106569876,0.00026940628220413753,0.00026940628851107015,50,50,0.00035323343085345,1.0
simplex,6,10,3,256,0.75,CVaR,1.0,1.0,0.9980134754526956,0.9980134754526956,1.4712046370654413e-05,1.471205209840166e-05,50,50,6.006998410249888e-05,1.0
simplex,6,10,3,256,0.75,Greedy,1.0,1.0,0.9999533510173328,0.9999533510173328,0.00021661430296575156,0.00021661430927275523,50,50,0.0003447704574571,1.0
simplex,6,10,3,256,0.75,Hinge,0.9400000000000001,1.0,0.9264480511789893,0.9999531336031012,0.00034034710344694005,0.00034034710975388004,50,50,0.00040646359277735,0.8
simplex,6,10,3,256,0.75,LCRC,1.0,1.0,0.9995994281321432,0.9995994281321432,5.413585360217097e-05,5.413585864928084e-05,50,50,0.00015481678132854999,1.0
simplex,6,10,3,256,0.75,MA,1.0,1.0,0.9979091415578265,0.9979091415578265,1.2697419427109283e-05,1.2697425116794754e-05,50,50,8.064690090250406e-05,1.0
simplex,6,10,3,256,0.75,MLE,0.9800000000000001,0.9800000000000001,0.9932079157118393,0.9932079157118393,1.827469707803653e-05,1.8274700421053068e-05,50,50,0.00010117679743047608,0.8
simplex,6,10,3,256,0.75,Minimax,0.0,0.0,0.0,0.0,0.0005283402067189,0.0005283402130261,50,50,0.0005419514722700001,0.0
simplex,6,10,3,256,1.0,A1,1.0,1.0,0.9992246670299834,0.9992246670299834,1.2697419427107895e-05,1.2697425116794476e-05,50,50,8.064690090250684e-05,1.0
simplex,6,10,3,256,1.0,CVaR,1.0,1.0,0.9992246670299834,0.9992246670299834,1.4712046370654413e-05,1.471205209840166e-05,50,50,6.006998410249888e-05,1.0
simplex,6,10,3,256,1.0,Greedy,1.0,1.0,0.9999999991558163,0.9999999991558163,0.0004465451982803,0.00044654520458722,50,50,0.0005067875316903,1.0
simplex,6,10,3,256,1.0,Hinge,1.0,1.0,0.9999999981700624,0.9999999981700624,0.00039085578598056,0.00039085579228748,50,50,0.00054158432100065,1.0
simplex,6,10,3,256,1.0,LCRC,1.0,1.0,0.9996426231696752,0.9996426231696752,5.413585360217097e-05,5.413585864928084e-05,50,50,0.00015481678132854999,1.0
simplex,6,10,3,256,1.0,MA,1.0,1.0,0.9992246670299834,0.9992246670299834,1.2697419427109283e-05,1.2697425116794754e-05,50,50,8.064690090250406e-05,1.0
simplex,6,10,3,256,1.0,MLE,1.0,1.0,0.9980785857525752,0.9980785857525752,1.827469707803653e-05,1.8274700421053068e-05,50,50,0.00010117679743047608,1.0
simplex,6,10,3,256,1.0,Minimax,0.4,1.0,0.3849811329410765,0.9999999999999183,0.0005283402067189,0.0005283402130261,50,50,0.0005419514722700001,0.0
simplex,6,10,6,32,0.25,A1,1.0,1.0,0.9999943999556136,0.9999943999556136,3.8344823354536884e-05,3.834482872449648e-05,50,50,0.00011470311033075002,1.0
simplex,6,10,6,32,0.25,CVaR,1.0,1.0,0.9906715427950233,0.9906715427950233,4.432962739865006e-06,4.432967492692442e-06,50,50,4.083847880727982e-06,1.0
simplex,6,10,6,32,0.25,Greedy,1.0,1.0,0.9999943992282068,0.9999943992282068,3.2463560086635034e-05,3.246356545658715e-05,50,50,0.00011468496064935001,1.0
simplex,6,10,6,32,0.25,Hinge,0.96,1.0,0.9599568428801806,0.9999941225549991,0.0001004433376054147,0.00010044334391240084,50,50,0.00013548764838010002,0.8
simplex,6,10,6,32,0.25,LCRC,1.0,1.0,0.9995811266982582,0.9995811266982582,1.3402849012286446e-05,1.3402852860256164e-05,50,50,6.913452566243079e-05,1.0
simplex,6,10,6,32,0.25,MA,0.9800000000000001,0.9800000000000001,0.9881944332609303,0.9881944332609303,4.104602808071683e-06,4.1046074690996496e-06,50,50,1.0196574997636794e-06,0.8
simplex,6,10,6,32,0.25,MLE,0.9800000000000001,0.9800000000000001,0.9812752150233948,0.9812752150233948,4.5833583375855115e-06,4.583361554311024e-06,50,50,3.164281336953678e-12,0.8
simplex,6,10,6,32,0.25,Minimax,0.0,0.0,0.0,0.0,0.0005283402067189,0.0005283402130261,50,50,0.0005419514722700001,0.0
simplex,6,10,6,32,0.5,A1,1.0,1.0,0.9999950572866243,0.9999950572866243,0.00013269423013736824,0.00013269423644440874,50,50,0.000260748728562,1.0
simplex,6,10,6,32,0.5,CVaR,1.0,1.0,0.9997836117260916,0.9997836117260916,4.432962739865006e-06,4.432967492692442e-06,50,50,4.083847880727982e-06,1.0
simplex,6,10,6,32,0.5,Greedy,1.0,1.0,0.999995056849469,0.999995056849469,8.519840138796528e-05,8.519840763174727e-05,50,50,0.000265080998901,1.0
simplex,6,10,6,32,0.5,Hinge,1.0,1.0,0.9999570986097137,0.9999950567619182,0.00017082975025928666,0.0001708297565662961,50,50,0.00027029133601535,1.0
simplex,6,10,6,32,0.5,LCRC,1.0,1.0,0.9998835990552586,0.9998835990552586,1.3402849012286446e-05,1.3402852860256164e-05,50,50,6.913452566243079e-05,1.0
simplex,6,10,6,32,0.5,MA,1.0,1.0,0.9997836117260916,0.9997836117260916,4.104602808071683e-06,4.1046074690996496e-06,50,50,1.0196574997636794e-06,1.0
simplex,6,10,6,32,0.5,MLE,1.0,1.0,0.9984116072172273,0.9984116072172273,4.5833583375855115e-06,4.583361554311024e-06,50,50,3.164281336953678e-12,1.0
simplex,6,10,6,32,0.5,Minimax,0.0,0.0,0.0,0.0,0.0005283402067189,0.0005283402130261,50,50,0.0005419514722700001,0.0
simplex,6,10,6,32,0.75,A1,1.0,1.0,0.9999999656042101,0.9999999656042101,0.00027695556425998,0.00027695557056686004,50,50,0.00033367904933600005,1.0
simplex,6,10,6,32,0.75,CVaR,1.0,1.0,0.9999559480562553,0.9999559480562553,4.432962739865006e-06,4.432967492692442e-06,50,50,4.083847880727982e-06,1.0
simplex,6,10,6,32,0.75,Greedy,1.0,1.0,0.9999999984738676,0.9999999984738676,0.00018940067042288384,0.0001894006767297818,50,50,0.0003403109888161,1.0
simplex,6,10,6,32,0.75,Hinge,1.0,1.0,0.9999999983386212,0.9999999983386212,0.00023172629419714003,0.00023172630050416005,50,50,0.00035610728811205,1.0
simplex,6,10,6,32,0.75,LCRC,1.0,1.0,0.9999560503015527,0.9999560503015527,1.3402849012286446e-05,1.3402852860256164e-05,50,50,6.913452566243079e-05,1.0
simplex,6,10,6,32,0.75,MA,1.0,1.0,0.9999559480562553,0.9999559480562553,4.104602808071683e-06,4.1046074690996496e-06,50,50,1.0196574997636794e-06,1.0
simplex,6,10,6,32,0.75,MLE,1.0,1.0,0.9999559480562553,0.9999559480562553,4.5833583375855115e-06,4.583361554311024e-06,50,50,3.164281336953678e-12,1.0
simplex,6,10,6,32,0.75,Minimax,0.0,0.0,0.0,0.0,0.0005283402067189,0.0005283402130261,50,50,0.0005419514722700001,0.0
simplex,6,10,6,32,1.0,A1,1.0,1.0,0.9999943999556136,0.9999943999556136,4.104602808071961e-06,4.104607469098541e-06,50,50,1.0196574998018434e-06,1.0
simplex,6,10,6,32,1.0,CVaR,1.0,1.0,0.9999943999556136,0.9999943999556136,4.432962739865006e-06,4.432967492692442e-06,50,50,4.083847880727982e-06,1.0
simplex,6,10,6,32,1.0,Greedy,1.0,1.0,1.000000000000014,1.000000000000014,0.00045472785300692,0.00045472785931396,50,50,0.000511549968832,1.0
simplex,6,10,6,32,1.0,Hinge,1.0,1.0,0.9999999999101149,0.9999999999101149,0.00029869778843762005,0.0002986977947446,50,50,0.00038405007468155004,1.0
simplex,6,10,6,32,1.0,LCRC,1.0,1.0,0.9999943999556136,0.9999943999556136,1.3402849012286446e-05,1.3402852860256164e-05,50,50,6.913452566243079e-05,1.0
simplex,6,10,6,32,1.0,MA,1.0,1.0,0.9999943999556136,0.9999943999556136,4.104602808071683e-06,4.1046074690996496e-06,50,50,1.0196574997636794e-06,1.0
simplex,6,10,6,32,1.0,MLE,1.0,1.0,0.9999943999556136,0.9999943999556136,4.5833583375855115e-06,4.583361554311024e-06,50,50,3.164281336953678e-12,1.0
simplex,6,10,6,32,1.0,Minimax,0.4,1.0,0.37707484129835145,1.000000000000014,0.0005283402067189,0.0005283402130261,50,50,0.0005419514722700001,0.0
simplex,6,10,6,256,0.25,A1,1.0,1.0,0.9999916293457376,0.9999916293457376,3.603181855537292e-05,3.60318239810271e-05,50,50,0.0001146850170265,1.0
simplex,6,10,6,256,0.25,CVaR,1.0,1.0,0.9954810879305478,0.9954810879305478,2.324944460317807e-06,2.3249490185792144e-06,50,50,1.0857325700214587e-05,1.0
simplex,6,10,6,256,0.25,Greedy,1.0,1.0,0.9999915801146366,0.9999915801146366,3.3571535715617315e-05,3.3571541018241865e-05,50,50,0.0001146850170265,1.0
simplex,6,10,6,256,0.25,Hinge,0.9800000000000001,1.0,0.9799917354191241,0.9999915799635515,0.00010799987336987668,0.00010799987967684773,50,50,0.0001354874964049,0.8
simplex,6,10,6,256,0.25,LCRC,1.0,1.0,0.9995688822097571,0.9995688822097571,6.7186122563622785e-06,6.7186157891044315e-06,50,50,5.459244495421494e-05,1.0
simplex,6,10,6,256,0.25,MA,1.0,1.0,0.9932138767770269,0.9932138767770269,6.939836542654842e-07,6.9398814808469e-07,50,50,2.717237853529575e-06,1.0
simplex,6,10,6,256,0.25,MLE,1.0,1.0,0.9838025929599763,0.9838025929599763,3.153511479725423e-12,6.307022959450848e-12,50,50,3.164281336953678e-12,1.0
simplex,6,10,6,256,0.25,Minimax,0.0,0.0,0.0,0.0,0.0005283402067189,0.0005283402130261,50,50,0.0005419514722700001,0.0
simplex,6,10,6,256,0.5,A1,1.0,1.0,0.999999876410732,0.999999876410732,0.0001279575691970241,0.0001279575755040532,50,50,0.000260748728562,1.0
simplex,6,10,6,256,0.5,CVaR,1.0,1.0,0.9999651919521447,0.9999651919521447,2.324944460317807e-06,2.3249490185792144e-06,50,50,1.0857325700214587e-05,1.0
simplex,6,10,6,256,0.5,Greedy,1.0,1.0,0.999999881513341,0.999999881513341,8.569052422663984e-05,8.569053041365218e-05,50,50,0.000260748728562,1.0
simplex,6,10,6,256,0.5,Hinge,1.0,1.0,0.9999997536825683,0.9999998669936346,0.00017617797874731672,0.00017617798505424644,50,50,0.00026925153896345,1.0
simplex,6,10,6,256,0.5,LCRC,1.0,1.0,0.9999388054488246,0.9999388054488246,6.7186122563622785e-06,6.7186157891044315e-06,50,50,5.459244495421494e-05,1.0
simplex,6,10,6,256,0.5,MA,1.0,1.0,0.9999651961516143,0.9999651961516143,6.939836542654842e-07,6.9398814808469e-07,50,50,2.717237853529575e-06,1.0
simplex,6,10,6,256,0.5,MLE,1.0,1.0,0.99797165008858,0.99797165008858,3.153511479725423e-12,6.307022959450848e-12,50,50,3.164281336953678e-12,1.0
simplex,6,10,6,256,0.5,Minimax,0.0,0.0,0.0,0.0,0.0005283402067189,0.0005283402130261,50,50,0.0005419514722700001,0.0
simplex,6,10,6,256,0.75,A1,1.0,1.0,0.999999934210852,0.999999934210852,0.00027268897706020053,0.0002726889833672731,50,50,0.00033367904933600005,1.0
simplex,6,10,6,256,0.75,CVaR,1.0,1.0,0.9999908602757032,0.9999908602757032,2.324944460317807e-06,2.3249490185792144e-06,50,50,1.0857325700214587e-05,1.0
simplex,6,10,6,256,0.75,Greedy,1.0,1.0,0.999999948821751,0.999999948821751,0.00015212437695932666,0.00015212438326633112,50,50,0.00033272941728170006,1.0
simplex,6,10,6,256,0.75,Hinge,1.0,1.0,0.9999999484955348,0.9999999484955348,0.00022438162573505983,0.00022438163204198933,50,50,0.0003501444385571,1.0
simplex,6,10,6,256,0.75,LCRC,1.0,1.0,0.9999908602757032,0.9999908602757032,6.7186122563622785e-06,6.7186157891044315e-06,50,50,5.459244495421494e-05,1.0
simplex,6,10,6,256,0.75,MA,1.0,1.0,0.9999675037612616,0.9999675037612616,6.939836542654842e-07,6.9398814808469e-07,50,50,2.717237853529575e-06,1.0
simplex,6,10,6,256,0.75,MLE,1.0,1.0,0.9999673096907363,0.9999673096907363,3.153511479725423e-12,6.307022959450848e-12,50,50,3.164281336953678e-12,1.0
simplex,6,10,6,256,0.75,Minimax,0.0,0.0,0.0,0.0,0.0005283402067189,0.0005283402130261,50,50,0.0005419514722700001,0.0
simplex,6,10,6,256,1.0,A1,1.0,1.0,0.9999916293457376,0.9999916293457376,6.939836542704803e-07,6.939881480891308e-07,50,50,2.717237853557331e-06,1.0
simplex,6,10,6,256,1.0,CVaR,1.0,1.0,0.9999916293457376,0.9999916293457376,2.324944460317807e-06,2.3249490185792144e-06,50,50,1.0857325700214587e-05,1.0
simplex,6,10,6,256,1.0,Greedy,1.0,1.0,0.9999999999997913,0.9999999999997913,0.00045019205195192006,0.0004501920582590401,50,50,0.0005080451730175501,1.0
simplex,6,10,6,256,1.0,Hinge,1.0,1.0,0.9999999998521275,0.9999999998521275,0.00029838727771158,0.00029838728401856003,50,50,0.00038195501432534995,1.0
simplex,6,10,6,256,1.0,LCRC,1.0,1.0,0.9999916293457376,0.9999916293457376,6.7186122563622785e-06,6.7186157891044315e-06,50,50,5.459244495421494e-05,1.0
simplex,6,10,6,256,1.0,MA,1.0,1.0,0.9999916293457376,0.9999916293457376,6.939836542654842e-07,6.9398814808469e-07,50,50,2.717237853529575e-06,1.0
simplex,6,10,6,256,1.0,MLE,1.0,1.0,0.9999916293457376,0.9999916293457376,3.153511479725423e-12,6.307022959450848e-12,50,50,3.164281336953678e-12,1.0
simplex,6,10,6,256,1.0,Minimax,0.4,1.0,0.3990215453174709,0.9999999999997977,0.0005283402067189,0.0005283402130261,50,50,0.0005419514722700001,0.0
simplex,10,10,0,32,0.25,A1,0.1,0.1,0.1,0.1,0.0005022248389065511,0.0005022248446900165,50,50,0.000547001977031,0.0
simplex,10,10,0,32,0.25,CVaR,0.0,0.0,0.0,0.0,0.0003969224135070001,0.0003969224192910001,50,50,0.00039692241350700004,0.0
simplex,10,10,0,32,0.25,Greedy,0.1,0.1,0.1,0.1,0.0005022248389065511,0.0005022248446900165,50,50,0.000547001977031,0.0
simplex,10,10,0,32,0.25,Hinge,0.0,0.0,0.0,0.0,0.00039692241350710005,0.00039692241929070005,50,50,0.000396922447011,0.0
simplex,10,10,0,32,0.25,LCRC,0.0,0.0,0.0,0.0,0.0003969224135070001,0.0003969224192910001,50,50,0.00039692241350700004,0.0
simplex,10,10,0,32,0.25,MA,0.0,0.0,0.0,0.0,0.0003969224135070001,0.0003969224192910001,50,50,0.00039692241350700004,0.0
simplex,10,10,0,32,0.25,MLE,0.1,0.1,0.1,0.1,0.0008181320877929787,0.0008181320932868575,50,50,0.0009090356527820001,0.0
simplex,10,10,0,32,0.25,Minimax,0.0,0.0,0.0,0.0,0.0003969224135070001,0.0003969224192910001,50,50,0.00039692241350700004,0.0
simplex,10,10,0,32,0.5,A1,0.1,0.1,0.1,0.1,0.00043305649410750006,0.0004330564998912,50,50,0.000459122637957,0.0
simplex,10,10,0,32,0.5,CVaR,0.0,0.0,0.0,0.0,0.0003969224135070001,0.0003969224192910001,50,50,0.00039692241350700004,0.0
simplex,10,10,0,32,0.5,Greedy,0.1,0.1,0.1,0.1,0.00043305649410750006,0.0004330564998912,50,50,0.000459122637957,0.0
simplex,10,10,0,32,0.5,Hinge,0.0,0.0,0.0,0.0,0.0003969224135071,0.0003969224192909001,50,50,0.00039692247726300003,0.0
simplex,10,10,0,32,0.5,LCRC,0.0,0.0,0.0,0.0,0.0003969224135070001,0.0003969224192910001,50,50,0.00039692241350700004,0.0
simplex,10,10,0,32,0.5,MA,0.0,0.0,0.0,0.0,0.0003969224135070001,0.0003969224192910001,50,50,0.00039692241350700004,0.0
simplex,10,10,0,32,0.5,MLE,0.1,0.1,0.1,0.1,0.0008181320877929787,0.0008181320932868575,50,50,0.0009090356527820001,0.0
simplex,10,10,0,32,0.5,Minimax,0.0,0.0,0.0,0.0,0.0003969224135070001,0.0003969224192910001,50,50,0.00039692241350700004,0.0
simplex,10,10,0,32,0.75,A1,0.2,0.2,0.200000000000001,0.200000000000001,0.0004188123344756,0.0004188123402592,50,50,0.00044909246754900006,0.0
simplex,10,10,0,32,0.75,CVaR,0.0,0.0,0.0,0.0,0.0003969224135070001,0.0003969224192910001,50,50,0.00039692241350700004,0.0
simplex,10,10,0,32,0.75,Greedy,0.2,0.2,0.200000000000001,0.200000000000001,0.0004188123344756,0.0004188123402592,50,50,0.00044909246754900006,0.0
simplex,10,10,0,32,0.75,Hinge,0.0,0.0,0.0,0.0,0.0003969224135075,0.0003969224192911,50,50,0.00039692257825100005,0.0
simplex,10,10,0,32,0.75,LCRC,0.0,0.0,0.0,0.0,0.0003969224135070001,0.0003969224192910001,50,50,0.00039692241350700004,0.0
simplex,10,10,0,32,0.75,MA,0.0,0.0,0.0,0.0,0.0003969224135070001,0.0003969224192910001,50,50,0.00039692241350700004,0.0
simplex,10,10,0,32,0.75,MLE,0.1,0.1,0.1,0.1,0.0008181320877929787,0.0008181320932868575,50,50,0.0009090356527820001,0.0
simplex,10,10,0,32,0.75,Minimax,0.0,0.0,0.0,0.0,0.0003969224135070001,0.0003969224192910001,50,50,0.00039692241350700004,0.0
simplex,10,10,0,32,1.0,A1,0.1,0.1,0.1,0.1,0.0003969224135078001,0.0003969224192917001,50,50,0.00039692252593400004,0.0
simplex,10,10,0,32,1.0,CVaR,0.0,1.0,0.0,1.000000000000009,0.0003969224135070001,0.0003969224192910001,50,50,0.00039692241350700004,0.0
simplex,10,10,0,32,1.0,Greedy,0.9,0.9,0.900000000000008,0.900000000000008,0.0003969224135074,0.00039692241929079996,50,50,0.00039692249203800004,0.0
simplex,10,10,0,32,1.0,Hinge,0.0,1.0,0.0,1.000000000000009,0.0003969224135072,0.0003969224192909001,50,50,0.00039692241352000005,0.0
simplex,10,10,0,32,1.0,LCRC,0.0,1.0,0.0,1.000000000000009,0.0003969224135070001,0.0003969224192910001,50,50,0.00039692241350700004,0.0
simplex,10,10,0,32,1.0,MA,0.0,1.0,0.0,1.000000000000009,0.0003969224135070001,0.0003969224192910001,50,50,0.00039692241350700004,0.0
simplex,10,10,0,32,1.0,MLE,0.1,0.1,0.1,0.1,0.0008181320877929787,0.0008181320932868575,50,50,0.0009090356527820001,0.0
simplex,10,10,0,32,1.0,Minimax,0.0,1.0,0.0,1.000000000000009,0.0003969224135070001,0.0003969224192910001,50,50,0.00039692241350700004,0.0
simplex,10,10,0,256,0.25,A1,0.1,0.1,0.10000000000001201,0.10000000000001201,0.0005022248389065511,0.0005022248446903165,50,50,0.000547002005865,0.0
simplex,10,10,0,256,0.25,CVaR,0.0,0.0,0.0,0.0,0.0003969224135070001,0.0003969224192910001,50,50,0.00039692241350700004,0.0
simplex,10,10,0,256,0.25,Greedy,0.1,0.1,0.10000000000001201,0.10000000000001201,0.0005022248389065511,0.0005022248446903165,50,50,0.000547002005865,0.0
simplex,10,10,0,256,0.25,Hinge,0.0,0.0,0.0,0.0,0.00039692241350720007,0.00039692241929070005,50,50,0.000396922447011,0.0
simplex,10,10,0,256,0.25,LCRC,0.0,0.0,0.0,0.0,0.0003969224135070001,0.0003969224192910001,50,50,0.00039692241350700004,0.0
simplex,10,10,0,256,0.25,MA,0.0,0.0,0.0,0.0,0.0003969224135070001,0.0003969224192910001,50,50,0.00039692241350700004,0.0
simplex,10,10,0,256,0.25,MLE,0.1,0.1,0.10000000000001201,0.10000000000001201,0.0008181320877929787,0.0008181320932868575,50,50,0.0009090356527820001,0.0
simplex,10,10,0,256,0.25,Minimax,0.0,0.0,0.0,0.0,0.0003969224135070001,0.0003969224192910001,50,50,0.00039692241350700004,0.0
simplex,10,10,0,256,0.5,A1,0.1,0.1,0.10000000000001201,0.10000000000001201,0.00043305649410750006,0.0004330564998911,50,50,0.00045912270163500006,0.0
simplex,10,10,0,256,0.5,CVaR,0.0,0.0,0.0,0.0,0.0003969224135070001,0.0003969224192910001,50,50,0.00039692241350700004,0.0
simplex,10,10,0,256,0.5,Greedy,0.1,0.1,0.10000000000001201,0.10000000000001201,0.00043305649410750006,0.0004330564998911,50,50,0.00045912270163500006,0.0
simplex,10,10,0,256,0.5,Hinge,0.0,0.0,0.0,0.0,0.0003969224135071,0.0003969224192909001,50,50,0.00039692247726300003,0.0
simplex,10,10,0,256,0.5,LCRC,0.0,0.0,0.0,0.0,0.0003969224135070001,0.0003969224192910001,50,50,0.00039692241350700004,0.0
simplex,10,10,0,256,0.5,MA,0.0,0.0,0.0,0.0,0.0003969224135070001,0.0003969224192910001,50,50,0.00039692241350700004,0.0
simplex,10,10,0,256,0.5,MLE,0.1,0.1,0.10000000000001201,0.10000000000001201,0.0008181320877929787,0.0008181320932868575,50,50,0.0009090356527820001,0.0
simplex,10,10,0,256,0.5,Minimax,0.0,0.0,0.0,0.0,0.0003969224135070001,0.0003969224192910001,50,50,0.00039692241350700004,0.0
simplex,10,10,0,256,0.75,A1,0.2,0.2,0.20000000000002402,0.20000000000002402,0.0004188123344754,0.00041881234025929997,50,50,0.00044909248444600003,0.0
simplex,10,10,0,256,0.75,CVaR,0.0,0.0,0.0,0.0,0.0003969224135070001,0.0003969224192910001,50,50,0.00039692241350700004,0.0
simplex,10,10,0,256,0.75,Greedy,0.2,0.2,0.20000000000002402,0.20000000000002402,0.0004188123344754,0.00041881234025929997,50,50,0.00044909248444600003,0.0
simplex,10,10,0,256,0.75,Hinge,0.0,0.0,0.0,0.0,0.0003969224135074,0.000396922419291,50,50,0.00039692257825100005,0.0
simplex,10,10,0,256,0.75,LCRC,0.0,0.0,0.0,0.0,0.0003969224135070001,0.0003969224192910001,50,50,0.00039692241350700004,0.0
simplex,10,10,0,256,0.75,MA,0.0,0.0,0.0,0.0,0.0003969224135070001,0.0003969224192910001,50,50,0.00039692241350700004,0.0
simplex,10,10,0,256,0.75,MLE,0.1,0.1,0.10000000000001201,0.10000000000001201,0.0008181320877929787,0.0008181320932868575,50,50,0.0009090356527820001,0.0
simplex,10,10,0,256,0.75,Minimax,0.0,0.0,0.0,0.0,0.0003969224135070001,0.0003969224192910001,50,50,0.00039692241350700004,0.0
simplex,10,10,0,256,1.0,A1,0.1,0.1,0.10000000000001201,0.10000000000001201,0.00039692241350770005,0.00039692241929170007,50,50,0.00039692253704000005,0.0
simplex,10,10,0,256,1.0,CVaR,0.0,1.0,0.0,1.000000000000123,0.0003969224135070001,0.0003969224192910001,50,50,0.00039692241350700004,0.0
simplex,10,10,0,256,1.0,Greedy,0.9,0.9,0.9000000000001102,0.9000000000001102,0.0003969224135075,0.0003969224192914,50,50,0.000396923238396,0.0
simplex,10,10,0,256,1.0,Hinge,0.0,1.0,0.0,1.000000000000123,0.0003969224135072,0.0003969224192909001,50,50,0.00039692241352000005,0.0
simplex,10,10,0,256,1.0,LCRC,0.0,1.0,0.0,1.000000000000123,0.0003969224135070001,0.0003969224192910001,50,50,0.00039692241350700004,0.0
simplex,10,10,0,256,1.0,MA,0.0,1.0,0.0,1.000000000000123,0.0003969224135070001,0.0003969224192910001,50,50,0.00039692241350700004,0.0
simplex,10,10,0,256,1.0,MLE,0.1,0.1,0.10000000000001201,0.10000000000001201,0.0008181320877929787,0.0008181320932868575,50,50,0.0009090356527820001,0.0
simplex,10,10,0,256,1.0,Minimax,0.0,1.0,0.0,1.000000000000123,0.0003969224135070001,0.0003969224192910001,50,50,0.00039692241350700004,0.0
simplex,10,10,1,32,0.25,A1,0.32,0.32,0.3117818375467346,0.3117818375467346,0.0003990494917553159,0.00039904949753898615,50,50,0.0005826617626858501,0.2
simplex,10,10,1,32,0.25,CVaR,0.0,0.0,0.0,0.0,0.00038171348318548,0.0003817134889692,50,50,0.0004329540650094,0.0
simplex,10,10,1,32,0.25,Greedy,0.32,0.32,0.3117818375467346,0.3117818375467346,0.0003990494917553159,0.00039904949753898615,50,50,0.0005826617626858501,0.2
simplex,10,10,1,32,0.25,Hinge,0.0,0.02,0.0,0.012246439231262521,0.0003655908713768393,0.0003655908771604523,50,50,0.0004918143049918999,0.0
simplex,10,10,1,32,0.25,LCRC,0.0,0.0,0.0,0.0,0.00039637181428104,0.00039637182006494007,50,50,0.00039692241350700004,0.0
simplex,10,10,1,32,0.25,MA,0.02,0.02,0.012246439231262521,0.012246439231262521,0.0003652472862332467,0.00036524729201697974,50,50,0.00049181449687845,0.0
simplex,10,10,1,32,0.25,MLE,0.32,0.32,0.3117818375467346,0.3117818375467346,0.0006181442448171375,0.000618144249674955,50,50,0.0009090356527820001,0.2
simplex,10,10,1,32,0.25,Minimax,0.0,0.0,0.0,0.0,0.0003969224135070001,0.0003969224192910001,50,50,0.00039692241350700004,0.0
simplex,10,10,1,32,0.5,A1,0.32,0.32,0.3117818375467346,0.3117818375467346,0.0003691637258413201,0.00036916373162503306,50,50,0.00051179666126395,0.2
simplex,10,10,1,32,0.5,CVaR,0.0,0.0,0.0,0.0,0.00038171348318548,0.0003817134889692,50,50,0.0004329540650094,0.0
simplex,10,10,1,32,0.5,Greedy,0.32,0.32,0.3117818375467346,0.3117818375467346,0.0003691637258413201,0.00036916373162503306,50,50,0.00051179666126395,0.2
simplex,10,10,1,32,0.5,Hinge,0.0,0.06000000000000001,0.0,0.06618820251657173,0.00036557976186070006,0.00036557976764438,50,50,0.00048977189194815,0.0
simplex,10,10,1,32,0.5,LCRC,0.0,0.0,0.0,0.0,0.00039637181428104,0.00039637182006494007,50,50,0.00039692241350700004,0.0
simplex,10,10,1,32,0.5,MA,0.06000000000000001,0.06000000000000001,0.06618820251657173,0.06618820251657173,0.0003652472862332467,0.00036524729201697974,50,50,0.00049181449687845,0.0
simplex,10,10,1,32,0.5,MLE,0.32,0.32,0.3117818375467346,0.3117818375467346,0.0006181442448171375,0.000618144249674955,50,50,0.0009090356527820001,0.2
simplex,10,10,1,32,0.5,Minimax,0.0,0.0,0.0,0.0,0.0003969224135070001,0.0003969224192910001,50,50,0.00039692241350700004,0.0
simplex,10,10,1,32,0.75,A1,0.45999999999999996,0.45999999999999996,0.5009706034230283,0.5009706034230283,0.00037380356471624005,0.00037380357049992,50,50,0.0004968342996869,0.2
simplex,10,10,1,32,0.75,CVaR,0.0,0.0,0.0,0.0,0.00038171348318548,0.0003817134889692,50,50,0.0004329540650094,0.0
simplex,10,10,1,32,0.75,Greedy,0.45999999999999996,0.45999999999999996,0.5009706034230283,0.5009706034230283,0.00037380356471624005,0.00037380357049992,50,50,0.0004968342996869,0.2
simplex,10,10,1,32,0.75,Hinge,0.0,0.34,0.0,0.3219439962593128,0.00036987881159868,0.00036987881738228005,50,50,0.0004715946708092,0.0
simplex,10,10,1,32,0.75,LCRC,0.0,0.0,0.0,0.0,0.00039637181428104,0.00039637182006494007,50,50,0.00039692241350700004,0.0
simplex,10,10,1,32,0.75,MA,0.3,0.3,0.27770539435932934,0.27770539435932934,0.0003652472862332467,0.00036524729201697974,50,50,0.00049181449687845,0.2
simplex,10,10,1,32,0.75,MLE,0.32,0.32,0.3117818375467346,0.3117818375467346,0.0006181442448171375,0.000618144249674955,50,50,0.0009090356527820001,0.2
simplex,10,10,1,32,0.75,Minimax,0.0,0.0,0.0,0.0,0.0003969224135070001,0.0003969224192910001,50,50,0.00039692241350700004,0.0
simplex,10,10,1,32,1.0,A1,0.5,0.5,0.5779636029035615,0.5779636029035615,0.0003652472862333333,0.0003652472920170663,50,50,0.00049181449687955,0.2
simplex,10,10,1,32,1.0,CVaR,0.9,0.9,0.8911028464978861,0.8911028464978861,0.00038171348318548,0.0003817134889692,50,50,0.0004329540650094,0.6
simplex,10,10,1,32,1.0,Greedy,1.0,1.0,0.9874638674162746,0.9874638674162746,0.00038557371676846,0.00038557372255212,50,50,0.00039692240484900005,1.0
simplex,10,10,1,32,1.0,Hinge,0.0,1.0,0.0,0.9872538550825093,0.00039692241044868005,0.00039692241623236,50,50,0.00039692241063575003,0.0
simplex,10,10,1,32,1.0,LCRC,0.12000000000000002,1.0,0.11950464758435102,0.9995046475843509,0.00039637181428104,0.00039637182006494007,50,50,0.00039692241350700004,0.0
simplex,10,10,1,32,1.0,MA,0.5,0.5,0.5779636029035615,0.5779636029035615,0.0003652472862332467,0.00036524729201697974,50,50,0.00049181449687845,0.2
simplex,10,10,1,32,1.0,MLE,0.32,0.32,0.3117818375467346,0.3117818375467346,0.0006181442448171375,0.000618144249674955,50,50,0.0009090356527820001,0.2
simplex,10,10,1,32,1.0,Minimax,0.0,1.0,0.0,0.9999999999999984,0.0003969224135070001,0.0003969224192910001,50,50,0.00039692241350700004,0.0
simplex,10,10,1,256,0.25,A1,0.32,0.32,0.3346806846508988,0.3346806846508988,0.0003961110917573161,0.00039611109754102614,50,50,0.00058547601096585,0.0
simplex,10,10,1,256,0.25,CVaR,0.0,0.0,0.0,0.0,0.00037671020550766003,0.00037671021129144006,50,50,0.0004363318303226499,0.0
simplex,10,10,1,256,0.25,Greedy,0.32,0.32,0.3346806846508988,0.3346806846508988,0.0003961110917573161,0.00039611109754102614,50,50,0.00058547601096585,0.0
simplex,10,10,1,256,0.25,Hinge,0.0,0.02,0.0,0.0253687440585654,0.00035820854254470507,0.00035820854832839825,50,50,0.0004975607158124501,0.0
simplex,10,10,1,256,0.25,LCRC,0.0,0.0,0.0,0.0,0.00039637181428104,0.0003963718200649201,50,50,0.00039692241350700004,0.0
simplex,10,10,1,256,0.25,MA,0.02,0.02,0.0253687440585654,0.0253687440585654,0.0003586881616899122,0.0003586881674735854,50,50,0.00049756106041015,0.0
simplex,10,10,1,256,0.25,MLE,0.32,0.32,0.3346806846508988,0.3346806846508988,0.0006181442448171373,0.0006181442496749546,50,50,0.0009090356527820001,0.0
simplex,10,10,1,256,0.25,Minimax,0.0,0.0,0.0,0.0,0.0003969224135070001,0.0003969224192910001,50,50,0.00039692241350700004,0.0
simplex,10,10,1,256,0.5,A1,0.32,0.32,0.3346806846508988,0.3346806846508988,0.00036534484585954775,0.000365344851643381,50,50,0.0005189845315029001,0.0
simplex,10,10,1,256,0.5,CVaR,0.0,0.0,0.0,0.0,0.00037671020550766003,0.00037671021129144006,50,50,0.0004363318303226499,0.0
simplex,10,10,1,256,0.5,Greedy,0.32,0.32,0.3346806846508988,0.3346806846508988,0.00036534484585954775,0.000365344851643381,50,50,0.0005189845315029001,0.0
simplex,10,10,1,256,0.5,Hinge,0.0,0.1,0.0,0.1270215397289084,0.00035742480480066005,0.00035742481058430005,50,50,0.0004889276307803001,0.0
simplex,10,10,1,256,0.5,LCRC,0.0,0.0,0.0,0.0,0.00039637181428104,0.0003963718200649201,50,50,0.00039692241350700004,0.0
simplex,10,10,1,256,0.5,MA,0.1,0.1,0.1270215397289084,0.1270215397289084,0.0003586881616899122,0.0003586881674735854,50,50,0.00049756106041015,0.0
simplex,10,10,1,256,0.5,MLE,0.32,0.32,0.3346806846508988,0.3346806846508988,0.0006181442448171373,0.0006181442496749546,50,50,0.0009090356527820001,0.0
simplex,10,10,1,256,0.5,Minimax,0.0,0.0,0.0,0.0,0.0003969224135070001,0.0003969224192910001,50,50,0.00039692241350700004,0.0
simplex,10,10,1,256,0.75,A1,0.52,0.52,0.5228734796253505,0.5228734796253505,0.00036214227305264004,0.00036214227883630005,50,50,0.0005022830659786,0.2
simplex,10,10,1,256,0.75,CVaR,0.02,0.02,0.0253687440585654,0.0253687440585654,0.00037671020550766003,0.00037671021129144006,50,50,0.0004363318303226499,0.0
simplex,10,10,1,256,0.75,Greedy,0.52,0.52,0.5228734796253505,0.5228734796253505,0.00036214227305264004,0.00036214227883630005,50,50,0.0005022830659786,0.2
simplex,10,10,1,256,0.75,Hinge,0.0,0.33999999999999997,0.0,0.3355725372635957,0.00036368300624798,0.00036368301203172003,50,50,0.00046906520459914997,0.0
simplex,10,10,1,256,0.75,LCRC,0.0,0.0,0.0,0.0,0.00039637181428104,0.0003963718200649201,50,50,0.00039692241350700004,0.0
simplex,10,10,1,256,0.75,MA,0.32,0.32,0.30806459418105586,0.30806459418105586,0.0003586881616899122,0.0003586881674735854,50,50,0.00049756106041015,0.0
simplex,10,10,1,256,0.75,MLE,0.32,0.32,0.3346806846508988,0.3346806846508988,0.0006181442448171373,0.0006181442496749546,50,50,0.0009090356527820001,0.0
simplex,10,10,1,256,0.75,Minimax,0.0,0.0,0.0,0.0,0.0003969224135070001,0.0003969224192910001,50,50,0.00039692241350700004,0.0
simplex,10,10,1,256,1.0,A1,0.5599999999999999,0.5599999999999999,0.6013896171363382,0.6013896171363382,0.0003586881616898239,0.0003586881674734571,50,50,0.00049756106041115,0.2
simplex,10,10,1,256,1.0,CVaR,0.8800000000000001,0.8800000000000001,0.8776983697555558,0.8776983697555558,0.00037671020550766003,0.00037671021129144006,50,50,0.0004363318303226499,0.6
simplex,10,10,1,256,1.0,Greedy,0.9800000000000001,0.9800000000000001,0.9866952132879495,0.9866952132879495,0.00038666087284798,0.00038666087863158,50,50,0.00039692240484900005,0.8
simplex,10,10,1,256,1.0,Hinge,0.0,0.9800000000000001,0.0,0.9864885336858364,0.0003969224111383601,0.00039692241692198,50,50,0.0003969224106441,0.0
simplex,10,10,1,256,1.0,LCRC,0.12,1.0,0.11953074498032505,0.9995307449802986,0.00039637181428104,0.0003963718200649201,50,50,0.00039692241350700004,0.0
simplex,10,10,1,256,1.0,MA,0.5599999999999999,0.5599999999999999,0.6013896171363382,0.6013896171363382,0.0003586881616899122,0.0003586881674735854,50,50,0.00049756106041015,0.2
simplex,10,10,1,256,1.0,MLE,0.32,0.32,0.3346806846508988,0.3346806846508988,0.0006181442448171373,0.0006181442496749546,50,50,0.0009090356527820001,0.0
simplex,10,10,1,256,1.0,Minimax,0.0,1.0,0.0,0.9999999999999665,0.0003969224135070001,0.0003969224192910001,50,50,0.00039692241350700004,0.0
simplex,10,10,3,32,0.25,A1,0.6,0.6,0.6102343190317698,0.6102343190317698,0.00023920286610218362,0.0002392028718857775,50,50,0.00059916809465515,0.2
simplex,10,10,3,32,0.25,CVaR,0.24000000000000005,0.24000000000000005,0.20907536532621643,0.20907536532621643,0.0002449221761032927,0.00024492218188711,50,50,0.0004200442268832,0.0
simplex,10,10,3,32,0.25,Greedy,0.6,0.6,0.6102343190317698,0.6102343190317698,0.00023920286610218362,0.0002392028718857775,50,50,0.00059916809465515,0.2
simplex,10,10,3,32,0.25,Hinge,0.0,0.42000000000000004,0.0,0.41883443346475263,0.00024504433107674456,0.00024504433686047965,50,50,0.0005183395391582,0.0
simplex,10,10,3,32,0.25,LCRC,0.0,0.0,0.0,0.0,0.00037797003469372005,0.00037797004047734,50,50,0.00039692241350700004,0.0
simplex,10,10,3,32,0.25,MA,0.42000000000000004,0.42000000000000004,0.41883443346475263,0.41883443346475263,0.00022733534007905536,0.00022733534586259042,50,50,0.0005781494366115,0.2
simplex,10,10,3,32,0.25,MLE,0.6,0.6,0.6102343190317698,0.6102343190317698,0.0003636142628478817,0.0003636142668961633,50,50,0.0009090356527820001,0.2
simplex,10,10,3,32,0.25,Minimax,0.0,0.0,0.0,0.0,0.0003969224135070001,0.0003969224192910001,50,50,0.00039692241350700004,0.0
simplex,10,10,3,32,0.5,A1,0.6,0.6,0.6102343190317698,0.6102343190317698,0.00022867741905397814,0.0002286774248377532,50,50,0.0005781494366115,0.2
simplex,10,10,3,32,0.5,CVaR,0.3,0.3,0.31301499379775105,0.31301499379775105,0.0002449221761032927,0.00024492218188711,50,50,0.0004200442268832,0.2
simplex,10,10,3,32,0.5,Greedy,0.6,0.6,0.6102343190317698,0.6102343190317698,0.00022867741905397814,0.0002286774248377532,50,50,0.0005781494366115,0.2
simplex,10,10,3,32,0.5,Hinge,0.0,0.52,0.0,0.5230110488472202,0.00027051457155534,0.00027051457733902004,50,50,0.0004459678233698999,0.0
simplex,10,10,3,32,0.5,LCRC,0.0,0.0,0.0,0.0,0.00037797003469372005,0.00037797004047734,50,50,0.00039692241350700004,0.0
simplex,10,10,3,32,0.5,MA,0.52,0.52,0.5230110488472202,0.5230110488472202,0.00022733534007905536,0.00022733534586259042,50,50,0.0005781494366115,0.2
simplex,10,10,3,32,0.5,MLE,0.6,0.6,0.6102343190317698,0.6102343190317698,0.0003636142628478817,0.0003636142668961633,50,50,0.0009090356527820001,0.2
simplex,10,10,3,32,0.5,Minimax,0.0,0.0,0.0,0.0,0.0003969224135070001,0.0003969224192910001,50,50,0.00039692241350700004,0.0
simplex,10,10,3,32,0.75,A1,0.8,0.8,0.7815200769482684,0.7815200769482684,0.00026848143755382,0.0002684814433376,50,50,0.0005529779141780001,0.6
simplex,10,10,3,32,0.75,CVaR,0.56,0.56,0.5570387054044267,0.5570387054044267,0.0002449221761032927,0.00024492218188711,50,50,0.0004200442268832,0.4
simplex,10,10,3,32,0.75,Greedy,0.8,0.8,0.7815200769482684,0.7815200769482684,0.00026848143755382,0.0002684814433376,50,50,0.0005529779141780001,0.6
simplex,10,10,3,32,0.75,Hinge,0.0,0.78,0.0,0.7276870365555402,0.0003156823188809,0.00031568232466452,50,50,0.00042266534800445004,0.0
simplex,10,10,3,32,0.75,LCRC,0.0,0.0,0.0,0.0,0.00037797003469372005,0.00037797004047734,50,50,0.00039692241350700004,0.0
simplex,10,10,3,32,0.75,MA,0.64,0.64,0.6332738862109707,0.6332738862109707,0.00022733534007905536,0.00022733534586259042,50,50,0.0005781494366115,0.2
simplex,10,10,3,32,0.75,MLE,0.6,0.6,0.6102343190317698,0.6102343190317698,0.0003636142628478817,0.0003636142668961633,50,50,0.0009090356527820001,0.2
simplex,10,10,3,32,0.75,Minimax,0.0,0.0,0.0,0.0,0.0003969224135070001,0.0003969224192910001,50,50,0.00039692241350700004,0.0
simplex,10,10,3,32,1.0,A1,0.76,0.76,0.738509100064635,0.738509100064635,0.0002273353400789872,0.00022733534586270228,50,50,0.00057814943661195,0.4
simplex,10,10,3,32,1.0,CVaR,0.9199999999999999,0.9199999999999999,0.8675803110294217,0.8675803110294217,0.0002449221761032927,0.00024492218188711,50,50,0.0004200442268832,0.8
simplex,10,10,3,32,1.0,Greedy,1.0,1.0,0.9980505203745412,0.9980505203745412,0.00037570820224164004,0.00037570820802530004,50,50,0.00039692240484900005,1.0
simplex,10,10,3,32,1.0,Hinge,0.3,1.0,0.295745476489695,0.9976794060169164,0.00039692240516228,0.0003969224109460601,50,50,0.00039692241062855,0.0
simplex,10,10,3,32,1.0,LCRC,0.9199999999999999,1.0,0.9147793781846861,0.9947793781846712,0.00037797003469372005,0.00037797004047734,50,50,0.00039692241350700004,0.8
simplex,10,10,3,32,1.0,MA,0.76,0.76,0.738509100064635,0.738509100064635,0.00022733534007905536,0.00022733534586259042,50,50,0.0005781494366115,0.4
simplex,10,10,3,32,1.0,MLE,0.6,0.6,0.6102343190317698,0.6102343190317698,0.0003636142628478817,0.0003636142668961633,50,50,0.0009090356527820001,0.2
simplex,10,10,3,32,1.0,Minimax,0.0,1.0,0.0,1.0000000000000058,0.0003969224135070001,0.0003969224192910001,50,50,0.00039692241350700004,0.0
simplex,10,10,3,256,0.25,A1,0.64,0.64,0.5643394143688826,0.5643394143688826,0.00022809844631432492,0.00022809845209798528,50,50,0.0005906408974153999,0.2
simplex,10,10,3,256,0.25,CVaR,0.18,0.18,0.15844866816807093,0.15844866816807093,0.0002692790983149598,0.0002692791040984579,50,50,0.0004301079645436999,0.0
simplex,10,10,3,256,0.25,Greedy,0.64,0.64,0.5643394143688826,0.5643394143688826,0.00022809844631432492,0.00022809845209798528,50,50,0.0005906408974153999,0.2
simplex,10,10,3,256,0.25,Hinge,0.0,0.33999999999999997,0.0,0.3104814936102979,0.00023212649768003497,0.00023212650346367812,50,50,0.00051238094313555,0.0
simplex,10,10,3,256,0.25,LCRC,0.0,0.0,0.0,0.0,0.00037379039431592,0.00037379040009958,50,50,0.00039692241350700004,0.0
simplex,10,10,3,256,0.25,MA,0.33999999999999997,0.33999999999999997,0.3104814936102979,0.3104814936102979,0.00021678285016996698,0.00021678285595367008,50,50,0.0005123809025326001,0.2
simplex,10,10,3,256,0.25,MLE,0.64,0.64,0.5643394143688826,0.5643394143688826,0.00032725283685227405,0.00032725284078490805,50,50,0.0009090356527820001,0.2
simplex,10,10,3,256,0.25,Minimax,0.0,0.0,0.0,0.0,0.0003969224135070001,0.0003969224192910001,50,50,0.00039692241350700004,0.0
simplex,10,10,3,256,0.5,A1,0.64,0.64,0.5643394143688826,0.5643394143688826,0.0002207797843827018,0.00022077979016644488,50,50,0.0005229529623331,0.2
simplex,10,10,3,256,0.5,CVaR,0.2,0.2,0.18881177549597472,0.18881177549597472,0.0002692790983149598,0.0002692791040984579,50,50,0.0004301079645436999,0.0
simplex,10,10,3,256,0.5,Greedy,0.64,0.64,0.5643394143688826,0.5643394143688826,0.0002207797843827018,0.00022077979016644488,50,50,0.0005229529623331,0.2
simplex,10,10,3,256,0.5,Hinge,0.0,0.54,0.0,0.46571212542876206,0.00026383039676266,0.00026383040254632,50,50,0.00048211227391254996,0.0
simplex,10,10,3,256,0.5,LCRC,0.0,0.0,0.0,0.0,0.00037379039431592,0.00037379040009958,50,50,0.00039692241350700004,0.0
simplex,10,10,3,256,0.5,MA,0.56,0.56,0.47423612932905046,0.47423612932905046,0.00021678285016996698,0.00021678285595367008,50,50,0.0005123809025326001,0.2
simplex,10,10,3,256,0.5,MLE,0.64,0.64,0.5643394143688826,0.5643394143688826,0.00032725283685227405,0.00032725284078490805,50,50,0.0009090356527820001,0.2
simplex,10,10,3,256,0.5,Minimax,0.0,0.0,0.0,0.0,0.0003969224135070001,0.0003969224192910001,50,50,0.00039692241350700004,0.0
simplex,10,10,3,256,0.75,A1,0.86,0.86,0.7715138544496466,0.7715138544496466,0.00025863038845874004,0.00025863039424254007,50,50,0.0005129240940947,0.6
simplex,10,10,3,256,0.75,CVaR,0.5,0.5,0.46481889580532415,0.46481889580532415,0.0002692790983149598,0.0002692791040984579,50,50,0.0004301079645436999,0.2
simplex,10,10,3,256,0.75,Greedy,0.86,0.86,0.7715138544496466,0.7715138544496466,0.00025863038845874004,0.00025863039424254007,50,50,0.0005129240940947,0.6
simplex,10,10,3,256,0.75,Hinge,0.0,0.8,0.0,0.7240573571690828,0.00031768725923132004,0.00031768726501508,50,50,0.00042603147221270004,0.0
simplex,10,10,3,256,0.75,LCRC,0.04,0.04,0.039624897235029044,0.039624897235029044,0.00037379039431592,0.00037379040009958,50,50,0.00039692241350700004,0.0
simplex,10,10,3,256,0.75,MA,0.6599999999999999,0.6599999999999999,0.5951323237832369,0.5951323237832369,0.00021678285016996698,0.00021678285595367008,50,50,0.0005123809025326001,0.2
simplex,10,10,3,256,0.75,MLE,0.64,0.64,0.5643394143688826,0.5643394143688826,0.00032725283685227405,0.00032725284078490805,50,50,0.0009090356527820001,0.2
simplex,10,10,3,256,0.75,Minimax,0.0,0.0,0.0,0.0,0.0003969224135070001,0.0003969224192910001,50,50,0.00039692241350700004,0.0
simplex,10,10,3,256,1.0,A1,0.8400000000000001,0.8400000000000001,0.7403849584734106,0.7403849584734106,0.0002167828501699388,0.00021678285595360191,50,50,0.0005123809025326001,0.4
simplex,10,10,3,256,1.0,CVaR,0.9199999999999999,0.9199999999999999,0.8821121950798048,0.8821121950798048,0.0002692790983149598,0.0002692791040984579,50,50,0.0004301079645436999,0.6
simplex,10,10,3,256,1.0,Greedy,1.0,1.0,0.9976421622112349,0.9976421622112349,0.00037390398136822,0.00037390398715194,50,50,0.00039692240484900005,1.0
simplex,10,10,3,256,1.0,Hinge,0.33999999999999997,1.0,0.3367048374062877,0.9974940375497752,0.00039692239222518003,0.00039692239800884004,50,50,0.00039692241062300003,0.0
simplex,10,10,3,256,1.0,LCRC,0.9199999999999999,1.0,0.9149349563586047,0.9949349563586022,0.00037379039431592,0.00037379040009958,50,50,0.00039692241350700004,0.8
simplex,10,10,3,256,1.0,MA,0.8400000000000001,0.8400000000000001,0.7403849584734106,0.7403849584734106,0.00021678285016996698,0.00021678285595367008,50,50,0.0005123809025326001,0.4
simplex,10,10,3,256,1.0,MLE,0.64,0.64,0.5643394143688826,0.5643394143688826,0.00032725283685227405,0.00032725284078490805,50,50,0.0009090356527820001,0.2
simplex,10,10,3,256,1.0,Minimax,0.0,1.0,0.0,0.99999999999999,0.0003969224135070001,0.0003969224192910001,50,50,0.00039692241350700004,0.0
simplex,10,10,6,32,0.25,A1,0.74,0.74,0.7810974725121371,0.7810974725121371,0.00016145974268536647,0.00016145974846899246,50,50,0.00065142823650935,0.4
simplex,10,10,6,32,0.25,CVaR,0.54,0.54,0.545546096337264,0.545546096337264,0.0001586855893999406,0.00015868559518357489,50,50,0.0005403914535478499,0.4
simplex,10,10,6,32,0.25,Greedy,0.74,0.74,0.7810974725121371,0.7810974725121371,0.00016145974268536647,0.00016145974846899246,50,50,0.00065142823650935,0.4
simplex,10,10,6,32,0.25,Hinge,0.02,0.64,0.01999398121330782,0.6742459311808783,0.0001902483559533197,0.00019024836173702002,50,50,0.0005101435396271,0.0
simplex,10,10,6,32,0.25,LCRC,0.14,0.14,0.1395857495706407,0.1395857495706407,0.00028384085415483274,0.0002838408595337055,50,50,0.00037918425249955004,0.0
simplex,10,10,6,32,0.25,MA,0.64,0.64,0.6742459311808783,0.6742459311808783,0.00015134437126700394,0.00015134437705068425,50,50,0.00065142823650745,0.4
simplex,10,10,6,32,0.25,MLE,0.74,0.74,0.7810974725121371,0.7810974725121371,0.00023634927186325577,0.00023634927550677146,50,50,0.0009090356527820001,0.4
simplex,10,10,6,32,0.25,Minimax,0.0,0.0,0.0,0.0,0.0003969224135070001,0.0003969224192910001,50,50,0.00039692241350700004,0.0
simplex,10,10,6,32,0.5,A1,0.74,0.74,0.7810974725121371,0.7810974725121371,0.00015379769633327257,0.0001537977021169929,50,50,0.00065142823650845,0.4
simplex,10,10,6,32,0.5,CVaR,0.6,0.6,0.6074548435074675,0.6074548435074675,0.0001586855893999406,0.00015868559518357489,50,50,0.0005403914535478499,0.4
simplex,10,10,6,32,0.5,Greedy,0.74,0.74,0.7810974725121371,0.7810974725121371,0.00015379769633327257,0.0001537977021169929,50,50,0.00065142823650845,0.4
simplex,10,10,6,32,0.5,Hinge,0.02,0.7,0.01999398121330782,0.7285470124571397,0.00024174358223004005,0.00024174358801366003,50,50,0.00040612644583234986,0.0
simplex,10,10,6,32,0.5,LCRC,0.14,0.14,0.1395857495706407,0.1395857495706407,0.00028384085415483274,0.0002838408595337055,50,50,0.00037918425249955004,0.0
simplex,10,10,6,32,0.5,MA,0.7,0.7,0.7285470124571397,0.7285470124571397,0.00015134437126700394,0.00015134437705068425,50,50,0.00065142823650745,0.4
simplex,10,10,6,32,0.5,MLE,0.74,0.74,0.7810974725121371,0.7810974725121371,0.00023634927186325577,0.00023634927550677146,50,50,0.0009090356527820001,0.4
simplex,10,10,6,32,0.5,Minimax,0.0,0.0,0.0,0.0,0.0003969224135070001,0.0003969224192910001,50,50,0.00039692241350700004,0.0
simplex,10,10,6,32,0.75,A1,0.9199999999999999,0.9199999999999999,0.907976311495774,0.907976311495774,0.00022166982653126001,0.00022166983231490002,50,50,0.0004699602228109993,0.6
simplex,10,10,6,32,0.75,CVaR,0.74,0.74,0.7550853125307023,0.7550853125307023,0.0001586855893999406,0.00015868559518357489,50,50,0.0005403914535478499,0.4
simplex,10,10,6,32,0.75,Greedy,0.9199999999999999,0.9199999999999999,0.907976311495774,0.907976311495774,0.00022166982653126001,0.00022166983231490002,50,50,0.0004699602228109993,0.6
simplex,10,10,6,32,0.75,Hinge,0.1,0.86,0.09981188150840534,0.8913543069295166,0.00030932195073628006,0.00030932195652002,50,50,0.00036981428703229994,0.0
simplex,10,10,6,32,0.75,LCRC,0.28,0.28,0.2787463789535507,0.2787463789535507,0.00028384085415483274,0.0002838408595337055,50,50,0.00037918425249955004,0.0
simplex,10,10,6,32,0.75,MA,0.8,0.8,0.817788216790896,0.817788216790896,0.00015134437126700394,0.00015134437705068425,50,50,0.00065142823650745,0.6
simplex,10,10,6,32,0.75,MLE,0.74,0.74,0.7810974725121371,0.7810974725121371,0.00023634927186325577,0.00023634927550677146,50,50,0.0009090356527820001,0.4
simplex,10,10,6,32,0.75,Minimax,0.0,0.0,0.0,0.0,0.0003969224135070001,0.0003969224192910001,50,50,0.00039692241350700004,0.0
simplex,10,10,6,32,1.0,A1,0.86,0.86,0.8669793447285512,0.8669793447285512,0.0001513443712670199,0.00015134437705072022,50,50,0.000651428236508,0.6
simplex,10,10,6,32,1.0,CVaR,0.9,0.9,0.9222784737877767,0.9222784737877767,0.0001586855893999406,0.00015868559518357489,50,50,0.0005403914535478499,0.6
simplex,10,10,6,32,1.0,Greedy,1.0,1.0,0.9994362176120364,0.9994362176120364,0.0003705385417436,0.00037053854752726003,50,50,0.00039692240484900005,1.0
simplex,10,10,6,32,1.0,Hinge,0.72,1.0,0.7199065106268917,0.9993225482131279,0.00039692177793178003,0.00039692178371538,50,50,0.00039692241020420005,0.4
simplex,10,10,6,32,1.0,LCRC,0.9800000000000001,1.0,0.974038856594537,0.9940388565945361,0.00028384085415483274,0.0002838408595337055,50,50,0.00037918425249955004,0.8
simplex,10,10,6,32,1.0,MA,0.86,0.86,0.8669793447285512,0.8669793447285512,0.00015134437126700394,0.00015134437705068425,50,50,0.00065142823650745,0.6
simplex,10,10,6,32,1.0,MLE,0.74,0.74,0.7810974725121371,0.7810974725121371,0.00023634927186325577,0.00023634927550677146,50,50,0.0009090356527820001,0.4
simplex,10,10,6,32,1.0,Minimax,0.0,1.0,0.0,1.0000000000000364,0.0003969224135070001,0.0003969224192910001,50,50,0.00039692241350700004,0.0
simplex,10,10,6,256,0.25,A1,0.76,0.76,0.7696655569077009,0.7696655569077009,0.00016364422545747887,0.00016364423124115769,50,50,0.0006393077492463999,0.6
simplex,10,10,6,256,0.25,CVaR,0.52,0.52,0.5211432098341999,0.5211432098341999,0.00017485387111232983,0.0001748538768960109,50,50,0.00048393084110990003,0.2
simplex,10,10,6,256,0.25,Greedy,0.76,0.76,0.7696655569077009,0.7696655569077009,0.00016364422545747887,0.00016364423124115769,50,50,0.0006393077492463999,0.6
simplex,10,10,6,256,0.25,Hinge,0.0,0.62,0.0,0.6381975061855362,0.00019696636509494567,0.00019696637087857224,50,50,0.0005421836055561999,0.0
simplex,10,10,6,256,0.25,LCRC,0.12000000000000002,0.12000000000000002,0.11963063767289861,0.11963063767289861,0.00030280102778865696,0.0003028010332252939,50,50,0.00038974852717645,0.0
simplex,10,10,6,256,0.25,MA,0.62,0.62,0.6381975061855362,0.6381975061855362,0.00016214897957608865,0.00016214898535975522,50,50,0.0006224027377194998,0.2
simplex,10,10,6,256,0.25,MLE,0.76,0.76,0.7696655569077009,0.7696655569077009,0.00021816855886545053,0.000218168562451141,50,50,0.0009090356527820001,0.6
simplex,10,10,6,256,0.25,Minimax,0.0,0.0,0.0,0.0,0.0003969224135070001,0.0003969224192910001,50,50,0.00039692241350700004,0.0
simplex,10,10,6,256,0.5,A1,0.76,0.76,0.7696655569077009,0.7696655569077009,0.0001628837334532024,0.000162883739236909,50,50,0.0006224027377203998,0.6
simplex,10,10,6,256,0.5,CVaR,0.6,0.6,0.6135279381191839,0.6135279381191839,0.00017485387111232983,0.0001748538768960109,50,50,0.00048393084110990003,0.2
simplex,10,10,6,256,0.5,Greedy,0.76,0.76,0.7696655569077009,0.7696655569077009,0.0001628837334532024,0.000162883739236909,50,50,0.0006224027377203998,0.6
simplex,10,10,6,256,0.5,Hinge,0.02,0.72,0.01994565289820678,0.7349121118478829,0.00024845077604724003,0.00024845078183094004,50,50,0.0004688414495467,0.0
simplex,10,10,6,256,0.5,LCRC,0.12000000000000002,0.12000000000000002,0.11963063767289861,0.11963063767289861,0.00030280102778865696,0.0003028010332252939,50,50,0.00038974852717645,0.0
simplex,10,10,6,256,0.5,MA,0.72,0.72,0.7349121118478829,0.7349121118478829,0.00016214897957608865,0.00016214898535975522,50,50,0.0006224027377194998,0.6
simplex,10,10,6,256,0.5,MLE,0.76,0.76,0.7696655569077009,0.7696655569077009,0.00021816855886545053,0.000218168562451141,50,50,0.0009090356527820001,0.6
simplex,10,10,6,256,0.5,Minimax,0.0,0.0,0.0,0.0,0.0003969224135070001,0.0003969224192910001,50,50,0.00039692241350700004,0.0
simplex,10,10,6,256,0.75,A1,0.8400000000000001,0.8400000000000001,0.8967587287351202,0.8967587287351202,0.00023655800496920004,0.00023655801075294004,50,50,0.0005579493754799499,0.6
simplex,10,10,6,256,0.75,CVaR,0.76,0.76,0.7559082572100537,0.7559082572100537,0.00017485387111232983,0.0001748538768960109,50,50,0.00048393084110990003,0.6
simplex,10,10,6,256,0.75,Greedy,0.8400000000000001,0.8400000000000001,0.8967587287351202,0.8967587287351202,0.00023655800496920004,0.00023655801075294004,50,50,0.0005579493754799499,0.6
simplex,10,10,6,256,0.75,Hinge,0.02,0.8400000000000001,0.01999613402998926,0.8782935971948413,0.00030894276456454,0.00030894277034828005,50,50,0.0003756569051391,0.0
simplex,10,10,6,256,0.75,LCRC,0.22000000000000003,0.22000000000000003,0.23913703664929864,0.23913703664929864,0.00030280102778865696,0.0003028010332252939,50,50,0.00038974852717645,0.0
simplex,10,10,6,256,0.75,MA,0.76,0.76,0.7862887442827937,0.7862887442827937,0.00016214897957608865,0.00016214898535975522,50,50,0.0006224027377194998,0.6
simplex,10,10,6,256,0.75,MLE,0.76,0.76,0.7696655569077009,0.7696655569077009,0.00021816855886545053,0.000218168562451141,50,50,0.0009090356527820001,0.6
simplex,10,10,6,256,0.75,Minimax,0.0,0.0,0.0,0.0,0.0003969224135070001,0.0003969224192910001,50,50,0.00039692241350700004,0.0
simplex,10,10,6,256,1.0,A1,0.82,0.82,0.8498259972018728,0.8498259972018728,0.00016214897957607057,0.0001621489853597172,50,50,0.0006224027377194998,0.6
simplex,10,10,6,256,1.0,CVaR,0.9,0.9,0.9115393831740422,0.9115393831740422,0.00017485387111232983,0.0001748538768960109,50,50,0.00048393084110990003,0.6
simplex,10,10,6,256,1.0,Greedy,1.0,1.0,0.9998005233147793,0.9998005233147793,0.00037046968067044005,0.00037046968645400004,50,50,0.00039692240484900005,1.0
simplex,10,10,6,256,1.0,Hinge,0.76,1.0,0.7582228979553426,0.9997543271142005,0.00039692140366278,0.00039692140944654004,50,50,0.00039692240933925,0.4
simplex,10,10,6,256,1.0,LCRC,0.9800000000000001,0.9800000000000001,0.9945632448724057,0.9945632448724057,0.00030280102778865696,0.0003028010332252939,50,50,0.00038974852717645,0.8
simplex,10,10,6,256,1.0,MA,0.82,0.82,0.8498259972018728,0.8498259972018728,0.00016214897957608865,0.00016214898535975522,50,50,0.0006224027377194998,0.6
simplex,10,10,6,256,1.0,MLE,0.76,0.76,0.7696655569077009,0.7696655569077009,0.00021816855886545053,0.000218168562451141,50,50,0.0009090356527820001,0.6
simplex,10,10,6,256,1.0,Minimax,0.0,1.0,0.0,0.9999999999999443,0.0003969224135070001,0.0003969224192910001,50,50,0.00039692241350700004,0.0
simplex,10,12,0,32,0.25,A1,0.16666666666666666,0.16666666666666666,0.16666666666666602,0.16666666666666602,0.0006042318869252467,0.0006042318927111436,50,50,0.0009106155218390001,0.0
simplex,10,12,0,32,0.25,CVaR,0.0,0.0,0.0,0.0,0.0003931168274781667,0.0003931168332641667,50,50,0.00039692241350800005,0.0
simplex,10,12,0,32,0.25,Greedy,0.08333333333333333,0.08333333333333333,0.08333333333333301,0.08333333333333301,0.000498974372734119,0.0004989743785202568,50,50,0.000696053347609,0.0
simplex,10,12,0,32,0.25,Hinge,0.0,0.0,0.0,0.0,0.00038960672317058334,0.0003896067289565,50,50,0.00044390773389700003,0.0
simplex,10,12,0,32,0.25,LCRC,0.0,0.0,0.0,0.0,0.0003931168274779167,0.0003931168332641667,50,50,0.00039692241350700004,0.0
simplex,10,12,0,32,0.25,MA,0.0,0.0,0.0,0.0,0.00038960672317058334,0.0003896067289564167,50,50,0.00044390785382800006,0.0
simplex,10,12,0,32,0.25,MLE,0.08333333333333333,0.08333333333333333,0.08333333333333301,0.08333333333333301,0.0008188334652430657,0.000818833470787548,50,50,0.0012657571102360002,0.0
simplex,10,12,0,32,0.25,Minimax,0.0,0.0,0.0,0.0,0.0003931168274779167,0.0003931168332641667,50,50,0.00039692241350700004,0.0
simplex,10,12,0,32,0.5,A1,0.16666666666666666,0.16666666666666666,0.16666666666666602,0.16666666666666602,0.00043422303046141667,0.00043422303624733333,50,50,0.000547254933526,0.0
simplex,10,12,0,32,0.5,CVaR,0.0,0.0,0.0,0.0,0.0003931168274781667,0.0003931168332641667,50,50,0.00039692241350800005,0.0
simplex,10,12,0,32,0.5,Greedy,0.08333333333333333,0.08333333333333333,0.08333333333333301,0.08333333333333301,0.00042814824264991676,0.000428148248436,50,50,0.00052338410357,0.0
simplex,10,12,0,32,0.5,Hinge,0.0,0.0,0.0,0.0,0.00038960672317058334,0.0003896067289565,50,50,0.000443907859323,0.0
simplex,10,12,0,32,0.5,LCRC,0.0,0.0,0.0,0.0,0.0003931168274779167,0.0003931168332641667,50,50,0.00039692241350700004,0.0
simplex,10,12,0,32,0.5,MA,0.0,0.0,0.0,0.0,0.00038960672317058334,0.0003896067289564167,50,50,0.00044390785382800006,0.0
simplex,10,12,0,32,0.5,MLE,0.08333333333333333,0.08333333333333333,0.08333333333333301,0.08333333333333301,0.0008188334652430657,0.000818833470787548,50,50,0.0012657571102360002,0.0
simplex,10,12,0,32,0.5,Minimax,0.0,0.0,0.0,0.0,0.0003931168274779167,0.0003931168332641667,50,50,0.00039692241350700004,0.0
simplex,10,12,0,32,0.75,A1,0.3333333333333333,0.3333333333333333,0.33333333333333204,0.33333333333333204,0.0004326391205316667,0.0004326391263178334,50,50,0.000604362157642,0.0
simplex,10,12,0,32,0.75,CVaR,0.0,0.0,0.0,0.0,0.0003931168274781667,0.0003931168332641667,50,50,0.00039692241350800005,0.0
simplex,10,12,0,32,0.75,Greedy,0.16666666666666666,0.16666666666666666,0.16666666666666602,0.16666666666666602,0.00041755784231400006,0.0004175578480998334,50,50,0.00047970616718600006,0.0
simplex,10,12,0,32,0.75,Hinge,0.0,0.0,0.0,0.0,0.00038960672317041664,0.0003896067289565,50,50,0.00044390788389000004,0.0
simplex,10,12,0,32,0.75,LCRC,0.0,0.0,0.0,0.0,0.0003931168274779167,0.0003931168332641667,50,50,0.00039692241350700004,0.0
simplex,10,12,0,32,0.75,MA,0.0,0.0,0.0,0.0,0.00038960672317058334,0.0003896067289564167,50,50,0.00044390785382800006,0.0
simplex,10,12,0,32,0.75,MLE,0.08333333333333333,0.08333333333333333,0.08333333333333301,0.08333333333333301,0.0008188334652430657,0.000818833470787548,50,50,0.0012657571102360002,0.0
simplex,10,12,0,32,0.75,Minimax,0.0,0.0,0.0,0.0,0.0003931168274779167,0.0003931168332641667,50,50,0.00039692241350700004,0.0
simplex,10,12,0,32,1.0,A1,0.5833333333333334,0.5833333333333334,0.583333333333332,0.583333333333332,0.0003896460249474167,0.00038964603073325,50,50,0.00044422683841400005,0.0
simplex,10,12,0,32,1.0,CVaR,0.16666666666666666,1.0,0.16666666666666602,0.9999999999999981,0.0003931168274781667,0.0003931168332641667,50,50,0.00039692241350800005,0.0
simplex,10,12,0,32,1.0,Greedy,0.9166666666666666,0.9166666666666666,0.9166666666666651,0.9166666666666651,0.0003929330175964167,0.0003929330233825,50,50,0.00040788099900200005,0.0
simplex,10,12,0,32,1.0,Hinge,0.16666666666666666,1.0,0.16666666666666602,0.9999999999999981,0.0003931168273947501,0.00039311683318083335,50,50,0.00039692241528900004,0.0
simplex,10,12,0,32,1.0,LCRC,0.16666666666666666,1.0,0.16666666666666602,0.9999999999999981,0.0003931168274779167,0.0003931168332641667,50,50,0.00039692241350700004,0.0
simplex,10,12,0,32,1.0,MA,0.5,0.5,0.49999999999999906,0.49999999999999906,0.00038960672317058334,0.0003896067289564167,50,50,0.00044390785382800006,0.0
simplex,10,12,0,32,1.0,MLE,0.16666666666666666,0.16666666666666666,0.16666666666666602,0.16666666666666602,0.0008188334652430657,0.000818833470787548,50,50,0.0012657571102360002,0.0
simplex,10,12,0,32,1.0,Minimax,0.16666666666666666,1.0,0.16666666666666602,0.9999999999999981,0.0003931168274779167,0.0003931168332641667,50,50,0.00039692241350700004,0.0
simplex,10,12,0,256,0.25,A1,0.16666666666666666,0.16666666666666666,0.166666666666638,0.166666666666638,0.0006042318869255743,0.0006042318927115545,50,50,0.0009106155218440001,0.0
simplex,10,12,0,256,0.25,CVaR,0.0,0.0,0.0,0.0,0.000393116827478,0.0003931168332641667,50,50,0.00039692241350700004,0.0
simplex,10,12,0,256,0.25,Greedy,0.08333333333333333,0.08333333333333333,0.083333333333319,0.083333333333319,0.000498974372734369,0.0004989743785203402,50,50,0.0006960533476190001,0.0
simplex,10,12,0,256,0.25,Hinge,0.0,0.0,0.0,0.0,0.0003896067231705,0.0003896067289565,50,50,0.00044390773389800005,0.0
simplex,10,12,0,256,0.25,LCRC,0.0,0.0,0.0,0.0,0.0003931168274779167,0.0003931168332641667,50,50,0.00039692241350700004,0.0
simplex,10,12,0,256,0.25,MA,0.0,0.0,0.0,0.0,0.00038960672317058334,0.0003896067289564167,50,50,0.00044390785382800006,0.0
simplex,10,12,0,256,0.25,MLE,0.08333333333333333,0.08333333333333333,0.083333333333319,0.083333333333319,0.0008188334652430657,0.000818833470787548,50,50,0.0012657571102360002,0.0
simplex,10,12,0,256,0.25,Minimax,0.0,0.0,0.0,0.0,0.0003931168274779167,0.0003931168332641667,50,50,0.00039692241350700004,0.0
simplex,10,12,0,256,0.5,A1,0.16666666666666666,0.16666666666666666,0.166666666666638,0.166666666666638,0.00043422303046158336,0.00043422303624741666,50,50,0.000547254933538,0.0
simplex,10,12,0,256,0.5,CVaR,0.0,0.0,0.0,0.0,0.000393116827478,0.0003931168332641667,50,50,0.00039692241350700004,0.0
simplex,10,12,0,256,0.5,Greedy,0.08333333333333333,0.08333333333333333,0.083333333333319,0.083333333333319,0.0004281482426504167,0.0004281482484364167,50,50,0.0005233839167130001,0.0
simplex,10,12,0,256,0.5,Hinge,0.0,0.0,0.0,0.0,0.00038960672317058334,0.00038960672895641674,50,50,0.00044390785931200003,0.0
simplex,10,12,0,256,0.5,LCRC,0.0,0.0,0.0,0.0,0.0003931168274779167,0.0003931168332641667,50,50,0.00039692241350700004,0.0
simplex,10,12,0,256,0.5,MA,0.0,0.0,0.0,0.0,0.00038960672317058334,0.0003896067289564167,50,50,0.00044390785382800006,0.0
simplex,10,12,0,256,0.5,MLE,0.08333333333333333,0.08333333333333333,0.083333333333319,0.083333333333319,0.0008188334652430657,0.000818833470787548,50,50,0.0012657571102360002,0.0
simplex,10,12,0,256,0.5,Minimax,0.0,0.0,0.0,0.0,0.0003931168274779167,0.0003931168332641667,50,50,0.00039692241350700004,0.0
simplex,10,12,0,256,0.75,A1,0.3333333333333333,0.3333333333333333,0.333333333333276,0.333333333333276,0.0004326391205316667,0.00043263912631758336,50,50,0.000604362157645,0.0
simplex,10,12,0,256,0.75,CVaR,0.0,0.0,0.0,0.0,0.000393116827478,0.0003931168332641667,50,50,0.00039692241350700004,0.0
simplex,10,12,0,256,0.75,Greedy,0.16666666666666666,0.16666666666666666,0.166666666666638,0.166666666666638,0.00041755784231391674,0.0004175578480998334,50,50,0.00047970616718500005,0.0
simplex,10,12,0,256,0.75,Hinge,0.0,0.0,0.0,0.0,0.00038960672317058334,0.0003896067289563334,50,50,0.000443907968495,0.0
simplex,10,12,0,256,0.75,LCRC,0.0,0.0,0.0,0.0,0.0003931168274779167,0.0003931168332641667,50,50,0.00039692241350700004,0.0
simplex,10,12,0,256,0.75,MA,0.0,0.0,0.0,0.0,0.00038960672317058334,0.0003896067289564167,50,50,0.00044390785382800006,0.0
simplex,10,12,0,256,0.75,MLE,0.08333333333333333,0.08333333333333333,0.083333333333319,0.083333333333319,0.0008188334652430657,0.000818833470787548,50,50,0.0012657571102360002,0.0
simplex,10,12,0,256,0.75,Minimax,0.0,0.0,0.0,0.0,0.0003931168274779167,0.0003931168332641667,50,50,0.00039692241350700004,0.0
simplex,10,12,0,256,1.0,A1,0.5833333333333334,0.5833333333333334,0.583333333333233,0.583333333333233,0.0003896460249474167,0.00038964603073325,50,50,0.00044422683841400005,0.0
simplex,10,12,0,256,1.0,CVaR,0.16666666666666666,1.0,0.166666666666638,0.999999999999828,0.000393116827478,0.0003931168332641667,50,50,0.00039692241350700004,0.0
simplex,10,12,0,256,1.0,Greedy,0.9166666666666666,0.9166666666666666,0.9166666666665092,0.9166666666665092,0.0003929330175964167,0.0003929330233825,50,50,0.000407880999011,0.0
simplex,10,12,0,256,1.0,Hinge,0.16666666666666666,1.0,0.166666666666638,0.999999999999828,0.00039311682738433335,0.0003931168331700833,50,50,0.000396922415264,0.0
simplex,10,12,0,256,1.0,LCRC,0.16666666666666666,1.0,0.166666666666638,0.999999999999828,0.0003931168274779167,0.0003931168332641667,50,50,0.00039692241350700004,0.0
simplex,10,12,0,256,1.0,MA,0.5,0.5,0.499999999999914,0.499999999999914,0.00038960672317058334,0.0003896067289564167,50,50,0.00044390785382800006,0.0
simplex,10,12,0,256,1.0,MLE,0.16666666666666666,0.16666666666666666,0.166666666666638,0.166666666666638,0.0008188334652430657,0.000818833470787548,50,50,0.0012657571102360002,0.0
simplex,10,12,0,256,1.0,Minimax,0.16666666666666666,1.0,0.166666666666638,0.999999999999828,0.0003931168274779167,0.0003931168332641667,50,50,0.00039692241350700004,0.0
simplex,10,12,1,32,0.25,A1,0.5958333333333333,0.5958333333333333,0.6074875154184295,0.6074875154184295,0.00028353678006860913,0.0002835367858545392,50,50,0.0007182313306500999,0.0
simplex,10,12,1,32,0.25,CVaR,0.15833333333333333,0.15833333333333333,0.17394485907068905,0.17394485907068905,0.00029615420003263176,0.0002961542058185202,50,50,0.0005824882499290497,0.0
simplex,10,12,1,32,0.25,Greedy,0.5375,0.5375,0.5889804898203109,0.5889804898203109,0.0002893756553697373,0.0002893756611556781,50,50,0.0007182313306500999,0.0
simplex,10,12,1,32,0.25,Hinge,0.0,0.3416666666666666,0.0,0.36580297948393264,0.00027650628231803883,0.00027650628810398477,50,50,0.0006111734063297999,0.0
simplex,10,12,1,32,0.25,LCRC,0.020833333333333332,0.020833333333333332,0.020582835921449667,0.020582835921449667,0.00036111860005977125,0.00036111860578534664,50,50,0.00039692241350700004,0.0
simplex,10,12,1,32,0.25,MA,0.3416666666666666,0.3416666666666666,0.36012280392686774,0.36012280392686774,0.0002742141104350063,0.00027421411622093555,50,50,0.0007042388936574999,0.0
simplex,10,12,1,32,0.25,MLE,0.5166666666666667,0.5166666666666667,0.555327397033141,0.555327397033141,0.00039945216865123746,0.0003994521729422499,50,50,0.0009090356527820001,0.0
simplex,10,12,1,32,0.25,Minimax,0.0,0.0,0.0,0.0,0.0003931168274779167,0.0003931168332641667,50,50,0.00039692241350700004,0.0
simplex,10,12,1,32,0.5,A1,0.5791666666666667,0.5791666666666667,0.6700418405194188,0.6700418405194188,0.0002989677818387908,0.00029896778762476703,50,50,0.0006743486140657498,0.0
simplex,10,12,1,32,0.5,CVaR,0.25833333333333336,0.25833333333333336,0.30154650591347104,0.30154650591347104,0.00029615420003263176,0.0002961542058185202,50,50,0.0005824882499290497,0.0
simplex,10,12,1,32,0.5,Greedy,0.5583333333333333,0.5583333333333333,0.6369316739147625,0.6369316739147625,0.0002826382359771022,0.0002826382417629762,50,50,0.0007042388936574999,0.0
simplex,10,12,1,32,0.5,Hinge,0.0,0.4791666666666667,0.0,0.5464231578784607,0.00030137319994595835,0.00030137320573180834,50,50,0.0005674608852759999,0.0
simplex,10,12,1,32,0.5,LCRC,0.020833333333333332,0.020833333333333332,0.020582835921449667,0.020582835921449667,0.00036111860005977125,0.00036111860578534664,50,50,0.00039692241350700004,0.0
simplex,10,12,1,32,0.5,MA,0.5,0.5,0.5238460371748727,0.5238460371748727,0.0002742141104350063,0.00027421411622093555,50,50,0.0007042388936574999,0.0
simplex,10,12,1,32,0.5,MLE,0.5166666666666667,0.5166666666666667,0.555327397033141,0.555327397033141,0.00039945216865123746,0.0003994521729422499,50,50,0.0009090356527820001,0.0
simplex,10,12,1,32,0.5,Minimax,0.0,0.0,0.0,0.0,0.0003931168274779167,0.0003931168332641667,50,50,0.00039692241350700004,0.0
simplex,10,12,1,32,0.75,A1,0.725,0.725,0.8234118287063809,0.8234118287063809,0.0003121182502202345,0.0003121182560062743,50,50,0.0006153808667928,0.4
simplex,10,12,1,32,0.75,CVaR,0.48333333333333334,0.48333333333333334,0.5410394531291255,0.5410394531291255,0.00029615420003263176,0.0002961542058185202,50,50,0.0005824882499290497,0.0
simplex,10,12,1,32,0.75,Greedy,0.7041666666666666,0.7041666666666666,0.8115583887271667,0.8115583887271667,0.00029601405684103436,0.0002960140626270403,50,50,0.0006153808667928,0.4
simplex,10,12,1,32,0.75,Hinge,0.0625,0.6416666666666667,0.05138233208197402,0.7636323462523859,0.0003334245271050709,0.00033342453289095833,50,50,0.0004832764890404,0.0
simplex,10,12,1,32,0.75,LCRC,0.041666666666666664,0.041666666666666664,0.03565719066823806,0.03565719066823806,0.00036111860005977125,0.00036111860578534664,50,50,0.00039692241350700004,0.0
simplex,10,12,1,32,0.75,MA,0.5791666666666667,0.5791666666666667,0.6841680201888544,0.6841680201888544,0.0002742141104350063,0.00027421411622093555,50,50,0.0007042388936574999,0.0
simplex,10,12,1,32,0.75,MLE,0.5375,0.5375,0.5942877787923702,0.5942877787923702,0.00039945216865123746,0.0003994521729422499,50,50,0.0009090356527820001,0.0
simplex,10,12,1,32,0.75,Minimax,0.0,0.0,0.0,0.0,0.0003931168274779167,0.0003931168332641667,50,50,0.00039692241350700004,0.0
simplex,10,12,1,32,1.0,A1,0.7000000000000001,0.7000000000000001,0.7564267324012985,0.7564267324012985,0.0002742141104350401,0.0002742141162209027,50,50,0.0007042388936574999,0.0
simplex,10,12,1,32,1.0,CVaR,0.7791666666666667,0.7791666666666667,0.8846371263873577,0.8846371263873577,0.00029615420003263176,0.0002961542058185202,50,50,0.0005824882499290497,0.5
simplex,10,12,1,32,1.0,Greedy,1.0,1.0,0.9988109507764533,0.9988109507764533,0.0003751577140311,0.00037515771981705003,50,50,0.00039692240484800003,1.0
simplex,10,12,1,32,1.0,Hinge,0.5583333333333333,1.0,0.5340075137793556,0.9985252152974732,0.0003931167594427292,0.00039311676522869166,50,50,0.00039692241028675,0.25
simplex,10,12,1,32,1.0,LCRC,0.9166666666666666,0.9791666666666666,0.9273620854126889,0.9946662754928345,0.00036111860005977125,0.00036111860578534664,50,50,0.00039692241350700004,0.75
simplex,10,12,1,32,1.0,MA,0.7000000000000001,0.7000000000000001,0.7564267324012985,0.7564267324012985,0.0002742141104350063,0.00027421411622093555,50,50,0.0007042388936574999,0.0
simplex,10,12,1,32,1.0,MLE,0.5750000000000001,0.5750000000000001,0.6042518141437925,0.6042518141437925,0.00039945216865123746,0.0003994521729422499,50,50,0.0009090356527820001,0.0
simplex,10,12,1,32,1.0,Minimax,0.16666666666666666,1.0,0.16366305392704855,0.9999999999999858,0.0003931168274779167,0.0003931168332641667,50,50,0.00039692241350700004,0.0
simplex,10,12,1,256,0.25,A1,0.6124999999999999,0.6124999999999999,0.6048888421429243,0.6048888421429243,0.0002394660796924085,0.00023946608547827577,50,50,0.0006026884777175,0.25
simplex,10,12,1,256,0.25,CVaR,0.1875,0.1875,0.20288270393152028,0.20288270393152028,0.0002385590090576196,0.0002385590148434008,50,50,0.0004406987779636,0.0
simplex,10,12,1,256,0.25,Greedy,0.6291666666666667,0.6291666666666667,0.5955532109577347,0.5955532109577347,0.0002224953396657201,0.0002224953454515817,50,50,0.0005596774658675,0.25
simplex,10,12,1,256,0.25,Hinge,0.0,0.4083333333333334,0.0,0.369119533881741,0.0002125662219382706,0.00021256622772412794,50,50,0.0004993009530065,0.0
simplex,10,12,1,256,0.25,LCRC,0.020833333333333332,0.020833333333333332,0.020622565266906857,0.020622565266906857,0.0003579347806834043,0.0003579347864089961,50,50,0.00039692241350700004,0.0
simplex,10,12,1,256,0.25,MA,0.3875,0.3875,0.36305462552484324,0.36305462552484324,0.0001952738472452051,0.0001952738530310822,50,50,0.0005176824963386,0.0
simplex,10,12,1,256,0.25,MLE,0.5875,0.5875,0.5561651736781726,0.5561651736781726,0.0003245295898315735,0.0003245295939177261,50,50,0.0009090356527820001,0.25
simplex,10,12,1,256,0.25,Minimax,0.0,0.0,0.0,0.0,0.0003931168274779167,0.0003931168332641667,50,50,0.00039692241350700004,0.0
simplex,10,12,1,256,0.5,A1,0.6958333333333333,0.6958333333333333,0.6798625169141816,0.6798625169141816,0.0002328290196879102,0.00023282902547387566,50,50,0.00052002117100525,0.25
simplex,10,12,1,256,0.5,CVaR,0.43333333333333335,0.43333333333333335,0.40203776459692486,0.40203776459692486,0.0002385590090576196,0.0002385590148434008,50,50,0.0004406987779636,0.0
simplex,10,12,1,256,0.5,Greedy,0.6708333333333334,0.6708333333333334,0.6510593329525197,0.6510593329525197,0.00020767569893657197,0.000207675704722556,50,50,0.00051509559554995,0.25
simplex,10,12,1,256,0.5,Hinge,0.0,0.6124999999999999,0.0,0.5515525511107588,0.0002590694951521792,0.0002590695009380708,50,50,0.0004698849608347,0.0
simplex,10,12,1,256,0.5,LCRC,0.020833333333333332,0.020833333333333332,0.020622565266906857,0.020622565266906857,0.0003579347806834043,0.0003579347864089961,50,50,0.00039692241350700004,0.0
simplex,10,12,1,256,0.5,MA,0.5916666666666667,0.5916666666666667,0.5192355937373111,0.5192355937373111,0.0001952738472452051,0.0001952738530310822,50,50,0.0005176824963386,0.0
simplex,10,12,1,256,0.5,MLE,0.5875,0.5875,0.5561651736781726,0.5561651736781726,0.0003245295898315735,0.0003245295939177261,50,50,0.0009090356527820001,0.25
simplex,10,12,1,256,0.5,Minimax,0.0,0.0,0.0,0.0,0.0003931168274779167,0.0003931168332641667,50,50,0.00039692241350700004,0.0
simplex,10,12,1,256,0.75,A1,0.875,0.875,0.8264926387782551,0.8264926387782551,0.0002632229699793438,0.00026322297576529714,50,50,0.00047937560406315,0.75
simplex,10,12,1,256,0.75,CVaR,0.5333333333333333,0.5333333333333333,0.5418833397390513,0.5418833397390513,0.0002385590090576196,0.0002385590148434008,50,50,0.0004406987779636,0.25
simplex,10,12,1,256,0.75,Greedy,0.8541666666666666,0.8541666666666666,0.8083999027370287,0.8083999027370287,0.00024824920756738545,0.00024824921335341797,50,50,0.00049477236246935,0.75
simplex,10,12,1,256,0.75,Hinge,0.0625,0.7791666666666667,0.08146490260165942,0.7546487082916266,0.00031084777531700005,0.0003108477811029917,50,50,0.00038769404906484984,0.0
simplex,10,12,1,256,0.75,LCRC,0.041666666666666664,0.041666666666666664,0.047367753546090414,0.047367753546090414,0.0003579347806834043,0.0003579347864089961,50,50,0.00039692241350700004,0.0
simplex,10,12,1,256,0.75,MA,0.7166666666666667,0.7166666666666667,0.6893929853098238,0.6893929853098238,0.0001952738472452051,0.0001952738530310822,50,50,0.0005176824963386,0.25
simplex,10,12,1,256,0.75,MLE,0.6291666666666667,0.6291666666666667,0.5940064677562176,0.5940064677562176,0.0003245295898315735,0.0003245295939177261,50,50,0.0009090356527820001,0.25
simplex,10,12,1,256,0.75,Minimax,0.0,0.0,0.0,0.0,0.0003931168274779167,0.0003931168332641667,50,50,0.00039692241350700004,0.0
simplex,10,12,1,256,1.0,A1,0.8541666666666666,0.8541666666666666,0.7837066593281546,0.7837066593281546,0.0001952738472451816,0.00019527385303103788,50,50,0.0005176824963386,0.5
simplex,10,12,1,256,1.0,CVaR,0.9166666666666666,0.9166666666666666,0.8863877692000902,0.8863877692000902,0.0002385590090576196,0.0002385590148434008,50,50,0.0004406987779636,0.75
simplex,10,12,1,256,1.0,Greedy,1.0,1.0,0.9982938969700575,0.9982938969700575,0.000370088001262025,0.0003700880070479542,50,50,0.00039692240484800003,1.0
simplex,10,12,1,256,1.0,Hinge,0.39999999999999997,1.0,0.415240776860053,0.9981649378750513,0.00039311650024820836,0.0003931165060342584,50,50,0.00039692241063200005,0.0
simplex,10,12,1,256,1.0,LCRC,0.9166666666666666,1.0,0.9099212286118251,0.9947354958942912,0.0003579347806834043,0.0003579347864089961,50,50,0.00039692241350700004,0.75
simplex,10,12,1,256,1.0,MA,0.8541666666666666,0.8541666666666666,0.7837066593281546,0.7837066593281546,0.0001952738472452051,0.0001952738530310822,50,50,0.0005176824963386,0.5
simplex,10,12,1,256,1.0,MLE,0.6291666666666667,0.6291666666666667,0.6010939974799911,0.6010939974799911,0.0003245295898315735,0.0003245295939177261,50,50,0.0009090356527820001,0.25
simplex,10,12,1,256,1.0,Minimax,0.16666666666666666,1.0,0.17194563169342247,1.0000000000000073,0.0003931168274779167,0.0003931168332641667,50,50,0.00039692241350700004,0.0
simplex,10,12,3,32,0.25,A1,0.9375,0.9375,0.9176711394958798,0.9176711394958798,5.399598228109163e-05,5.399598794674673e-05,50,50,0.00027355901176779446,0.75
simplex,10,12,3,32,0.25,CVaR,0.8416666666666667,0.8416666666666667,0.8133013193945402,0.8133013193945402,3.885736334057814e-05,3.8857369006960436e-05,50,50,0.00024494846773369996,0.6
simplex,10,12,3,32,0.25,Greedy,0.9041666666666667,0.9041666666666667,0.9158410645993437,0.9158410645993437,5.412975964305437e-05,5.412976530866681e-05,50,50,0.00042171430367475,0.6
simplex,10,12,3,32,0.25,Hinge,0.0625,0.9041666666666667,0.06248594928652471,0.8816328304320419,0.0001188388071696092,0.00011883881295555281,50,50,0.00026384135404239995,0.0
simplex,10,12,3,32,0.25,LCRC,0.45416666666666666,0.45416666666666666,0.4533452351042806,0.4533452351042806,0.0001426794361561862,0.00014267944080940582,50,50,0.00034820196085125,0.0
simplex,10,12,3,32,0.25,MA,0.8833333333333333,0.8833333333333333,0.8689810520764466,0.8689810520764466,3.8438709551666195e-05,3.8438715217290266e-05,50,50,0.0002965864399436499,0.6
simplex,10,12,3,32,0.25,MLE,0.8833333333333333,0.8833333333333333,0.9028456174491395,0.9028456174491395,8.611085303049523e-05,8.611085626089879e-05,50,50,0.0009090356527820001,0.6
simplex,10,12,3,32,0.25,Minimax,0.0,0.0,0.0,0.0,0.0003931168274779167,0.0003931168332641667,50,50,0.00039692241350700004,0.0
simplex,10,12,3,32,0.5,A1,0.9416666666666668,0.9416666666666668,0.9501582991746113,0.9501582991746113,0.00011185930990085704,0.00011185931568684711,50,50,0.0002562779843517497,0.75
simplex,10,12,3,32,0.5,CVaR,0.9249999999999999,0.9249999999999999,0.890826449158919,0.890826449158919,3.885736334057814e-05,3.8857369006960436e-05,50,50,0.00024494846773369996,0.6
simplex,10,12,3,32,0.5,Greedy,0.9249999999999999,0.9249999999999999,0.9435138547522031,0.9435138547522031,5.82667435107897e-05,5.826674917647622e-05,50,50,0.00027845196326234996,0.6
simplex,10,12,3,32,0.5,Hinge,0.26666666666666666,0.9249999999999999,0.24410552457966417,0.9208980128495011,0.00020573068889549167,0.0002057306946814375,50,50,0.00026384137452079996,0.0
simplex,10,12,3,32,0.5,LCRC,0.5375,0.5375,0.5364809261546123,0.5364809261546123,0.0001426794361561862,0.00014267944080940582,50,50,0.00034820196085125,0.0
simplex,10,12,3,32,0.5,MA,0.9041666666666667,0.9041666666666667,0.8907952742618686,0.8907952742618686,3.8438709551666195e-05,3.8438715217290266e-05,50,50,0.0002965864399436499,0.6
simplex,10,12,3,32,0.5,MLE,0.8833333333333333,0.8833333333333333,0.9028456174491395,0.9028456174491395,8.611085303049523e-05,8.611085626089879e-05,50,50,0.0009090356527820001,0.6
simplex,10,12,3,32,0.5,Minimax,0.0,0.0,0.0,0.0,0.0003931168274779167,0.0003931168332641667,50,50,0.00039692241350700004,0.0
simplex,10,12,3,32,0.75,A1,1.0,1.0,0.9864823807641067,0.9864823807641067,0.00020400332005687674,0.00020400332584275132,50,50,0.00029676050837315,1.0
simplex,10,12,3,32,0.75,CVaR,0.9833333333333334,0.9833333333333334,0.9522948849934897,0.9522948849934897,3.885736334057814e-05,3.8857369006960436e-05,50,50,0.00024494846773369996,0.8
simplex,10,12,3,32,0.75,Greedy,0.9833333333333334,0.9833333333333334,0.9854798470375972,0.9854798470375972,0.0001709834077568965,0.00017098341354281096,50,50,0.00028545123532849995,0.8
simplex,10,12,3,32,0.75,Hinge,0.43333333333333335,0.9833333333333334,0.4135610833929442,0.9833811799681982,0.0002868830414072667,0.0002868830471930792,50,50,0.00029769180792365,0.0
simplex,10,12,3,32,0.75,LCRC,0.8291666666666666,0.8291666666666666,0.822507206310077,0.822507206310077,0.0001426794361561862,0.00014267944080940582,50,50,0.00034820196085125,0.4
simplex,10,12,3,32,0.75,MA,0.9416666666666668,0.9416666666666668,0.9488344502075341,0.9488344502075341,3.8438709551666195e-05,3.8438715217290266e-05,50,50,0.0002965864399436499,0.75
simplex,10,12,3,32,0.75,MLE,0.9041666666666667,0.9041666666666667,0.9159670204526202,0.9159670204526202,8.611085303049523e-05,8.611085626089879e-05,50,50,0.0009090356527820001,0.6
simplex,10,12,3,32,0.75,Minimax,0.0,0.0,0.0,0.0,0.0003931168274779167,0.0003931168332641667,50,50,0.00039692241350700004,0.0
simplex,10,12,3,32,1.0,A1,0.9791666666666666,0.9791666666666666,0.9650326171937773,0.9650326171937773,3.843870955176314e-05,3.843871521740812e-05,50,50,0.00029658643994454986,0.75
simplex,10,12,3,32,1.0,CVaR,1.0,1.0,0.9788224645759924,0.9788224645759924,3.885736334057814e-05,3.8857369006960436e-05,50,50,0.00024494846773369996,1.0
simplex,10,12,3,32,1.0,Greedy,1.0,1.0,0.9999959440138589,0.9999959440138589,0.000362099956043625,0.00036209996182948336,50,50,0.00039219462188185,1.0
simplex,10,12,3,32,1.0,Hinge,0.9833333333333334,1.0,0.9861908856528424,0.999988254956294,0.0003913490045564042,0.00039134901034232507,50,50,0.00039692226744930003,0.8
simplex,10,12,3,32,1.0,LCRC,1.0,1.0,0.9971602077439244,0.9971602077439244,0.0001426794361561862,0.00014267944080940582,50,50,0.00034820196085125,1.0
simplex,10,12,3,32,1.0,MA,0.9791666666666666,0.9791666666666666,0.9650326171937773,0.9650326171937773,3.8438709551666195e-05,3.8438715217290266e-05,50,50,0.0002965864399436499,0.75
simplex,10,12,3,32,1.0,MLE,0.9041666666666667,0.9041666666666667,0.91657012809558,0.91657012809558,8.611085303049523e-05,8.611085626089879e-05,50,50,0.0009090356527820001,0.6
simplex,10,12,3,32,1.0,Minimax,0.16666666666666666,1.0,0.17172552949862277,0.9999999999999357,0.0003931168274779167,0.0003931168332641667,50,50,0.00039692241350700004,0.0
simplex,10,12,3,256,0.25,A1,0.8375,0.8375,0.9060410552272748,0.9060410552272748,0.00010470110465622105,0.00010470111038684821,50,50,0.0005732151267248,0.5
simplex,10,12,3,256,0.25,CVaR,0.7666666666666666,0.7666666666666666,0.7779708234722508,0.7779708234722508,7.117281384326375e-05,7.117281961964505e-05,50,50,0.0003537377189839995,0.4
simplex,10,12,3,256,0.25,Greedy,0.8375,0.8375,0.9048729223826703,0.9048729223826703,9.002613490287322e-05,9.002614063345872e-05,50,50,0.0005009729926406497,0.5
simplex,10,12,3,256,0.25,Hinge,0.041666666666666664,0.8375,0.04102355827149363,0.8400207263934161,0.00013943346870320052,0.0001394334744891169,50,50,0.00037486283339599984,0.0
simplex,10,12,3,256,0.25,LCRC,0.42083333333333334,0.42083333333333334,0.4201529863652078,0.4201529863652078,0.00017212223338812697,0.00017212223835456986,50,50,0.0003652355320146,0.0
simplex,10,12,3,256,0.25,MA,0.7999999999999999,0.7999999999999999,0.8106334747110159,0.8106334747110159,7.521887147358376e-05,7.521887720417692e-05,50,50,0.00045227588448889947,0.5
simplex,10,12,3,256,0.25,MLE,0.7999999999999999,0.7999999999999999,0.8713428667083934,0.8713428667083934,0.0001514428694381723,0.00015144287290966955,50,50,0.0009090356527820001,0.5
simplex,10,12,3,256,0.25,Minimax,0.0,0.0,0.0,0.0,0.0003931168274779167,0.0003931168332641667,50,50,0.00039692241350700004,0.0
simplex,10,12,3,256,0.5,A1,0.8791666666666668,0.8791666666666668,0.9252687545528531,0.9252687545528531,0.00013413936986420502,0.0001341393756501783,50,50,0.00038814283717624994,0.5
simplex,10,12,3,256,0.5,CVaR,0.8583333333333334,0.8583333333333334,0.865687943523291,0.865687943523291,7.117281384326375e-05,7.117281961964505e-05,50,50,0.0003537377189839995,0.5
simplex,10,12,3,256,0.5,Greedy,0.8583333333333334,0.8583333333333334,0.9182123558681224,0.9182123558681224,9.840072201094476e-05,9.840072774923387e-05,50,50,0.0004522758844903495,0.5
simplex,10,12,3,256,0.5,Hinge,0.16666666666666666,0.8583333333333334,0.17452836043730088,0.8980250163021521,0.00021535089409326254,0.00021535089987910418,50,50,0.0003253926975180499,0.0
simplex,10,12,3,256,0.5,LCRC,0.48333333333333334,0.48333333333333334,0.48263226316100316,0.48263226316100316,0.00017212223338812697,0.00017212223835456986,50,50,0.0003652355320146,0.0
simplex,10,12,3,256,0.5,MA,0.7999999999999999,0.7999999999999999,0.869168398652278,0.869168398652278,7.521887147358376e-05,7.521887720417692e-05,50,50,0.00045227588448889947,0.5
simplex,10,12,3,256,0.5,MLE,0.7999999999999999,0.7999999999999999,0.8713428667083934,0.8713428667083934,0.0001514428694381723,0.00015144287290966955,50,50,0.0009090356527820001,0.5
simplex,10,12,3,256,0.5,Minimax,0.0,0.0,0.0,0.0,0.0003931168274779167,0.0003931168332641667,50,50,0.00039692241350700004,0.0
simplex,10,12,3,256,0.75,A1,0.9625,0.9625,0.9821189762191214,0.9821189762191214,0.00022995294900935806,0.0002299529547952645,50,50,0.00029769180218595004,0.75
simplex,10,12,3,256,0.75,CVaR,0.9416666666666668,0.9416666666666668,0.9456138682096388,0.9456138682096388,7.117281384326375e-05,7.117281961964505e-05,50,50,0.0003537377189839995,0.75
simplex,10,12,3,256,0.75,Greedy,0.9625,0.9625,0.980114006020186,0.980114006020186,0.00020065504004678197,0.00020065504583269167,50,50,0.00029769180218595004,0.75
simplex,10,12,3,256,0.75,Hinge,0.3458333333333334,0.9625,0.3310700352119496,0.9796568134919088,0.0002940200832444042,0.00029402008903027505,50,50,0.0002976918088759,0.0
simplex,10,12,3,256,0.75,LCRC,0.6833333333333332,0.6833333333333332,0.6818002985173582,0.6818002985173582,0.00017212223338812697,0.00017212223835456986,50,50,0.0003652355320146,0.5
simplex,10,12,3,256,0.75,MA,0.9,0.9,0.9320007512848028,0.9320007512848028,7.521887147358376e-05,7.521887720417692e-05,50,50,0.00045227588448889947,0.75
simplex,10,12,3,256,0.75,MLE,0.7999999999999999,0.7999999999999999,0.8858063092284096,0.8858063092284096,0.0001514428694381723,0.00015144287290966955,50,50,0.0009090356527820001,0.5
simplex,10,12,3,256,0.75,Minimax,0.0,0.0,0.0,0.0,0.0003931168274779167,0.0003931168332641667,50,50,0.00039692241350700004,0.0
simplex,10,12,3,256,1.0,A1,0.9416666666666668,0.9416666666666668,0.9559192278565732,0.9559192278565732,7.521887147378879e-05,7.52188772043652e-05,50,50,0.0004522758844894495,0.75
simplex,10,12,3,256,1.0,CVaR,0.9416666666666668,0.9416666666666668,0.9718387662043381,0.9718387662043381,7.117281384326375e-05,7.117281961964505e-05,50,50,0.0003537377189839995,0.75
simplex,10,12,3,256,1.0,Greedy,1.0,1.0,0.999994957709392,0.999994957709392,0.00036250664346723334,0.0003625066492532042,50,50,0.0003967615663228,1.0
simplex,10,12,3,256,1.0,Hinge,1.0,1.0,0.9999770497537462,0.9999898804349711,0.00039017224168184586,0.0003901722474677625,50,50,0.00039692233544805005,1.0
simplex,10,12,3,256,1.0,LCRC,1.0,1.0,0.9974874600804484,0.9974874600804484,0.00017212223338812697,0.00017212223835456986,50,50,0.0003652355320146,1.0
simplex,10,12,3,256,1.0,MA,0.9416666666666668,0.9416666666666668,0.9559192278565732,0.9559192278565732,7.521887147358376e-05,7.521887720417692e-05,50,50,0.00045227588448889947,0.75
simplex,10,12,3,256,1.0,MLE,0.8375,0.8375,0.9060410552272748,0.9060410552272748,0.0001514428694381723,0.00015144287290966955,50,50,0.0009090356527820001,0.5
simplex,10,12,3,256,1.0,Minimax,0.16666666666666666,1.0,0.1519003144250196,0.9999999999995876,0.0003931168274779167,0.0003931168332641667,50,50,0.00039692241350700004,0.0
simplex,10,12,6,32,0.25,A1,1.0,1.0,0.9988318543367177,0.9988318543367177,2.0629566517857902e-05,2.0629570998133197e-05,50,50,8.980819978839615e-05,1.0
simplex,10,12,6,32,0.25,CVaR,1.0,1.0,0.9975949111921384,0.9975949111921384,7.888553693437617e-08,7.888973961100881e-08,50,50,6.044711490066703e-07,1.0
simplex,10,12,6,32,0.25,Greedy,1.0,1.0,0.9988106900912203,0.9988106900912203,1.5019743134591217e-05,1.501974751353293e-05,50,50,8.980819978824386e-05,1.0
simplex,10,12,6,32,0.25,Hinge,0.5291666666666667,1.0,0.5286503517654042,0.9988106349702819,9.708016314998544e-05,9.708016893589598e-05,50,50,9.923060264344641e-05,0.25
simplex,10,12,6,32,0.25,LCRC,0.9583333333333334,0.9583333333333334,0.9580108831839401,0.9580108831839401,1.0499801215124874e-05,1.0499804349334651e-05,50,50,6.229086507044506e-05,0.75
simplex,10,12,6,32,0.25,MA,1.0,1.0,0.9975949111921384,0.9975949111921384,1.9723733782296343e-08,1.972781301165516e-08,50,50,1.5113571400233305e-07,1.0
simplex,10,12,6,32,0.25,MLE,1.0,1.0,0.9975949111921384,0.9975949111921384,2.892936758203124e-12,5.785873516406248e-12,50,50,2.899055995264632e-12,1.0
simplex,10,12,6,32,0.25,Minimax,0.0,0.0,0.0,0.0,0.0003931168274779167,0.0003931168332641667,50,50,0.00039692241350700004,0.0
simplex,10,12,6,32,0.5,A1,1.0,1.0,0.9997068085508468,0.9997068085508468,8.378031262262928e-05,8.378031822873433e-05,50,50,0.000167811940777,1.0
simplex,10,12,6,32,0.5,CVaR,1.0,1.0,0.9975949111921384,0.9975949111921384,7.888553693437617e-08,7.888973961100881e-08,50,50,6.044711490066703e-07,1.0
simplex,10,12,6,32,0.5,Greedy,1.0,1.0,0.9997033496160337,0.9997033496160337,4.1123666059555924e-05,4.1123670997603196e-05,50,50,0.00014497976391085002,1.0
simplex,10,12,6,32,0.5,Hinge,0.7125,1.0,0.7119243072445349,0.9994920086940512,0.0001822557995453413,0.0001822558053312832,50,50,0.00019846120519590002,0.25
simplex,10,12,6,32,0.5,LCRC,0.9791666666666666,0.9791666666666666,0.9788442129040688,0.9788442129040688,1.0499801215124874e-05,1.0499804349334651e-05,50,50,6.229086507044506e-05,0.75
simplex,10,12,6,32,0.5,MA,1.0,1.0,0.9975949111921384,0.9975949111921384,1.9723733782296343e-08,1.972781301165516e-08,50,50,1.5113571400233305e-07,1.0
simplex,10,12,6,32,0.5,MLE,1.0,1.0,0.9975949111921384,0.9975949111921384,2.892936758203124e-12,5.785873516406248e-12,50,50,2.899055995264632e-12,1.0
simplex,10,12,6,32,0.5,Minimax,0.0,0.0,0.0,0.0,0.0003931168274779167,0.0003931168332641667,50,50,0.00039692241350700004,0.0
simplex,10,12,6,32,0.75,A1,1.0,1.0,0.9999767081267859,0.9999767081267859,0.00019995376244318517,0.00019995376822903554,50,50,0.000286165159269,1.0
simplex,10,12,6,32,0.75,CVaR,1.0,1.0,0.9988054397488676,0.9988054397488676,7.888553693437617e-08,7.888973961100881e-08,50,50,6.044711490066703e-07,1.0
simplex,10,12,6,32,0.75,Greedy,1.0,1.0,0.9999767829554266,0.9999767829554266,0.0001648689577070479,0.00016486896349294882,50,50,0.00025508159189,1.0
simplex,10,12,6,32,0.75,Hinge,0.8958333333333334,1.0,0.8954190404392027,0.9999764401446427,0.0002603674562327042,0.00026036746201851254,50,50,0.00029769180523475,0.75
simplex,10,12,6,32,0.75,LCRC,1.0,1.0,0.9998221812974433,0.9998221812974433,1.0499801215124874e-05,1.0499804349334651e-05,50,50,6.229086507044506e-05,1.0
simplex,10,12,6,32,0.75,MA,1.0,1.0,0.9988054397488676,0.9988054397488676,1.9723733782296343e-08,1.972781301165516e-08,50,50,1.5113571400233305e-07,1.0
simplex,10,12,6,32,0.75,MLE,1.0,1.0,0.9988054397488676,0.9988054397488676,2.892936758203124e-12,5.785873516406248e-12,50,50,2.899055995264632e-12,1.0
simplex,10,12,6,32,0.75,Minimax,0.0,0.0,0.0,0.0,0.0003931168274779167,0.0003931168332641667,50,50,0.00039692241350700004,0.0
simplex,10,12,6,32,1.0,A1,1.0,1.0,0.9988318543367177,0.9988318543367177,1.9723733782513183e-08,1.9727813010643237e-08,50,50,1.5113571399227168e-07,1.0
simplex,10,12,6,32,1.0,CVaR,1.0,1.0,0.9988318543367177,0.9988318543367177,7.888553693437617e-08,7.888973961100881e-08,50,50,6.044711490066703e-07,1.0
simplex,10,12,6,32,1.0,Greedy,1.0,1.0,0.9999999998786571,0.9999999998786571,0.0003582744263210334,0.00035827443210691254,50,50,0.00037183422854700004,1.0
simplex,10,12,6,32,1.0,Hinge,1.0,1.0,0.999999995424998,0.999999995424998,0.0003109906096067792,0.000310990615392625,50,50,0.00039368211055925003,1.0
simplex,10,12,6,32,1.0,LCRC,1.0,1.0,0.9998282317590111,0.9998282317590111,1.0499801215124874e-05,1.0499804349334651e-05,50,50,6.229086507044506e-05,1.0
simplex,10,12,6,32,1.0,MA,1.0,1.0,0.9988318543367177,0.9988318543367177,1.9723733782296343e-08,1.972781301165516e-08,50,50,1.5113571400233305e-07,1.0
simplex,10,12,6,32,1.0,MLE,1.0,1.0,0.9988318543367177,0.9988318543367177,2.892936758203124e-12,5.785873516406248e-12,50,50,2.899055995264632e-12,1.0
simplex,10,12,6,32,1.0,Minimax,0.16666666666666666,1.0,0.16697678350300293,0.999999999999858,0.0003931168274779167,0.0003931168332641667,50,50,0.00039692241350700004,0.0
simplex,10,12,6,256,0.25,A1,1.0,1.0,0.9949999051988873,0.9949999051988873,2.0923737511690688e-05,2.092374189724203e-05,50,50,8.980819979679707e-05,1.0
simplex,10,12,6,256,0.25,CVaR,1.0,1.0,0.9904510703803312,0.9904510703803312,2.1932942403484216e-06,2.19329853773367e-06,50,50,1.4059000569346925e-06,1.0
simplex,10,12,6,256,0.25,Greedy,1.0,1.0,0.9949157499116118,0.9949157499116118,1.5691724260881777e-05,1.569172864643312e-05,50,50,8.98081997906787e-05,1.0
simplex,10,12,6,256,0.25,Hinge,0.4791666666666667,1.0,0.47907092582166055,0.9921159425683017,9.582952978728873e-05,9.582953557319924e-05,50,50,9.923060265517888e-05,0.0
simplex,10,12,6,256,0.25,LCRC,0.8791666666666668,0.8791666666666668,0.8788724866865287,0.8788724866865287,3.547588365378271e-05,3.547588730653352e-05,50,50,0.00022701041118400003,0.75
simplex,10,12,6,256,0.25,MA,1.0,1.0,0.9904510703803312,0.9904510703803312,5.536498747891507e-07,5.536540525559058e-07,50,50,3.5159943967827357e-07,1.0
simplex,10,12,6,256,0.25,MLE,1.0,1.0,0.9904510703803312,0.9904510703803312,2.892936758203124e-12,5.785873516406248e-12,50,50,2.899055995264632e-12,1.0
simplex,10,12,6,256,0.25,Minimax,0.0,0.0,0.0,0.0,0.0003931168274779167,0.0003931168332641667,50,50,0.00039692241350700004,0.0
simplex,10,12,6,256,0.5,A1,1.0,1.0,0.9962064451697207,0.9962064451697207,8.451645432683232e-05,8.451645987296228e-05,50,50,0.000167811940777,1.0
simplex,10,12,6,256,0.5,CVaR,1.0,1.0,0.9932502135747391,0.9932502135747391,2.1932942403484216e-06,2.19329853773367e-06,50,50,1.4059000569346925e-06,1.0
simplex,10,12,6,256,0.5,Greedy,1.0,1.0,0.9962009634185932,0.9962009634185932,4.7376070653241824e-05,4.737607562506309e-05,50,50,0.00016000930838715,1.0
simplex,10,12,6,256,0.5,Hinge,0.5791666666666667,1.0,0.5786702468780234,0.9961086788741778,0.00018746160042756667,0.00018746160621347917,50,50,0.00019846120529420002,0.25
simplex,10,12,6,256,0.5,LCRC,0.9208333333333334,0.9208333333333334,0.9204638364219656,0.9204638364219656,3.547588365378271e-05,3.547588730653352e-05,50,50,0.00022701041118400003,0.75
simplex,10,12,6,256,0.5,MA,1.0,1.0,0.9932502135747391,0.9932502135747391,5.536498747891507e-07,5.536540525559058e-07,50,50,3.5159943967827357e-07,1.0
simplex,10,12,6,256,0.5,MLE,1.0,1.0,0.9904510703803312,0.9904510703803312,2.892936758203124e-12,5.785873516406248e-12,50,50,2.899055995264632e-12,1.0
simplex,10,12,6,256,0.5,Minimax,0.0,0.0,0.0,0.0,0.0003931168274779167,0.0003931168332641667,50,50,0.00039692241350700004,0.0
simplex,10,12,6,256,0.75,A1,1.0,1.0,0.999859834022474,0.999859834022474,0.00018715826566464546,0.00018715827145048135,50,50,0.000286165159269,1.0
simplex,10,12,6,256,0.75,CVaR,1.0,1.0,0.9947019608505818,0.9947019608505818,2.1932942403484216e-06,2.19329853773367e-06,50,50,1.4059000569346925e-06,1.0
simplex,10,12,6,256,0.75,Greedy,1.0,1.0,0.99985888025099,0.99985888025099,0.0001603272329990851,0.00016032723878508067,50,50,0.00024728460960274997,1.0
simplex,10,12,6,256,0.75,Hinge,0.8666666666666667,1.0,0.8635730385172108,0.9998540869426047,0.0002677389606444292,0.0002677389664302125,50,50,0.0002976918071753,0.6
simplex,10,12,6,256,0.75,LCRC,1.0,1.0,0.9995424210421157,0.9995424210421157,3.547588365378271e-05,3.547588730653352e-05,50,50,0.00022701041118400003,1.0
simplex,10,12,6,256,0.75,MA,1.0,1.0,0.9947019608505818,0.9947019608505818,5.536498747891507e-07,5.536540525559058e-07,50,50,3.5159943967827357e-07,1.0
simplex,10,12,6,256,0.75,MLE,1.0,1.0,0.9947019608505818,0.9947019608505818,2.892936758203124e-12,5.785873516406248e-12,50,50,2.899055995264632e-12,1.0
simplex,10,12,6,256,0.75,Minimax,0.0,0.0,0.0,0.0,0.0003931168274779167,0.0003931168332641667,50,50,0.00039692241350700004,0.0
simplex,10,12,6,256,1.0,A1,1.0,1.0,0.9949999051988873,0.9949999051988873,5.536498747910444e-07,5.536540525581031e-07,50,50,3.515994396872941e-07,1.0
simplex,10,12,6,256,1.0,CVaR,1.0,1.0,0.9949999051988873,0.9949999051988873,2.1932942403484216e-06,2.19329853773367e-06,50,50,1.4059000569346925e-06,1.0
simplex,10,12,6,256,1.0,Greedy,1.0,1.0,0.9999999775805991,0.9999999775805991,0.0003571413420475958,0.00035714134783348337,50,50,0.00037199634649345,1.0
simplex,10,12,6,256,1.0,Hinge,1.0,1.0,0.9999999439522287,0.9999999439522287,0.000319012979077125,0.0003190129848629542,50,50,0.00039691553845265005,1.0
simplex,10,12,6,256,1.0,LCRC,1.0,1.0,0.9995749997796687,0.9995749997796687,3.547588365378271e-05,3.547588730653352e-05,50,50,0.00022701041118400003,1.0
simplex,10,12,6,256,1.0,MA,1.0,1.0,0.9949999051988873,0.9949999051988873,5.536498747891507e-07,5.536540525559058e-07,50,50,3.5159943967827357e-07,1.0
simplex,10,12,6,256,1.0,MLE,1.0,1.0,0.9949999051988873,0.9949999051988873,2.892936758203124e-12,5.785873516406248e-12,50,50,2.899055995264632e-12,1.0
simplex,10,12,6,256,1.0,Minimax,0.16666666666666666,1.0,0.16900866039713616,0.9999999999998844,0.0003931168274779167,0.0003931168332641667,50,50,0.00039692241350700004,0.0
