kind,family_id,point_id,n,m,method,mean,count
G2,0,0,64,0,A-Max,0.0025022493906524884,10
G2,0,0,64,0,A-Mean,0.001019617093321918,10
G2,0,0,64,0,A-Tail-P:0.25,0.0025324827320152643,10
G2,0,0,64,0,A-Tail-P:0.5,0.0011264224483285936,10
G2,0,0,64,0,A-Tail-U:0.5,0.0003331765833307027,10
G2,0,0,64,0,B-Max,0.0027556503533632155,10
G2,0,0,64,0,B-Plugin,0.001242499629620024,10
G2,0,0,64,0,B-Tail-P:0.25,0.0024686692733220093,10
G2,0,0,64,0,B-Tail-P:0.5,0.001087730376779358,10
G2,0,0,64,0,B-Tail-U:0.5,0.001087730376779358,10
G2,0,0,64,0,C-Budget:0.25,0.001004164574859462,10
G2,0,0,64,0,C-LP-Max:0.01,0.0029123237091952256,10
G2,0,0,64,0,C-LP-Tail:0.1,0.0015233150682785784,10
G2,0,0,64,0,C-LR:1.0,0.0011693760186725936,10
G2,0,0,64,0,C-Soft-Cond:0.1,0.0012511395313885743,10
G2,0,0,64,0,C-Soft:0.1,0.0012515603205483694,10
G2,0,0,64,0,H-Conditional-FilterThenK,0.001088533927515399,10
G2,0,0,64,0,REF-EB,0.0015503432520568897,10
G2,0,0,64,4,A-Max,0.004172026120816402,10
G2,0,0,64,4,A-Mean,0.01775996824343112,10
G2,0,0,64,4,A-Tail-P:0.25,0.013980633919527485,10
G2,0,0,64,4,A-Tail-P:0.5,0.015814748517196688,10
G2,0,0,64,4,A-Tail-U:0.5,0.001328798479973982,10
G2,0,0,64,4,B-Max,0.004173307296188479,10
G2,0,0,64,4,B-Plugin,0.01595549650021568,10
G2,0,0,64,4,B-Tail-P:0.25,0.014036062667922844,10
G2,0,0,64,4,B-Tail-P:0.5,0.01581752337745388,10
G2,0,0,64,4,B-Tail-U:0.5,0.002635381959154952,10
G2,0,0,64,4,C-Budget:0.25,0.001709459266237418,10
G2,0,0,64,4,C-LP-Max:0.01,0.008795918956290791,10
G2,0,0,64,4,C-LP-Tail:0.1,0.0023098478294524085,10
G2,0,0,64,4,C-LR:1.0,0.002157349314135915,10
G2,0,0,64,4,C-Soft-Cond:0.1,0.01477242308045126,10
G2,0,0,64,4,C-Soft:0.1,0.014766292896508559,10
G2,0,0,64,4,H-Conditional-FilterThenK,0.026662769593743037,10
G2,0,0,64,4,REF-EB,0.003850438356153151,10
G2,0,0,64,16,A-Max,0.003323469589982105,10
G2,0,0,64,16,A-Mean,0.007553062419173822,10
G2,0,0,64,16,A-Tail-P:0.25,0.007865744763514086,10
G2,0,0,64,16,A-Tail-P:0.5,0.007668690453034513,10
G2,0,0,64,16,A-Tail-U:0.5,0.0009280306170448254,10
G2,0,0,64,16,B-Max,0.0023397439417700205,10
G2,0,0,64,16,B-Plugin,0.007606897355758047,10
G2,0,0,64,16,B-Tail-P:0.25,0.007927923056567861,10
G2,0,0,64,16,B-Tail-P:0.5,0.007608408213359122,10
G2,0,0,64,16,B-Tail-U:0.5,0.0018703123582961805,10
G2,0,0,64,16,C-Budget:0.25,0.0011020381455366854,10
G2,0,0,64,16,C-LP-Max:0.01,0.009366614125310058,10
G2,0,0,64,16,C-LP-Tail:0.1,0.002986050228862572,10
G2,0,0,64,16,C-LR:1.0,0.0017460518430862284,10
G2,0,0,64,16,C-Soft-Cond:0.1,0.0076224201208925,10
G2,0,0,64,16,C-Soft:0.1,0.007622207916558117,10
G2,0,0,64,16,H-Conditional-FilterThenK,0.008213270606367307,10
G2,0,0,64,16,REF-EB,0.004516839672718689,10
G2,0,0,64,64,A-Max,0.0038241485672610583,10
G2,0,0,64,64,A-Mean,0.004461399035166043,10
G2,0,0,64,64,A-Tail-P:0.25,0.004313748926767145,10
G2,0,0,64,64,A-Tail-P:0.5,0.004346380574064615,10
G2,0,0,64,64,A-Tail-U:0.5,0.0010473454312890118,10
G2,0,0,64,64,B-Max,0.0022042083095608384,10
G2,0,0,64,64,B-Plugin,0.004423276785624929,10
G2,0,0,64,64,B-Tail-P:0.25,0.004285118622726478,10
G2,0,0,64,64,B-Tail-P:0.5,0.004407193219502685,10
G2,0,0,64,64,B-Tail-U:0.5,0.0017134304291839832,10
G2,0,0,64,64,C-Budget:0.25,0.0018125038131439214,10
G2,0,0,64,64,C-LP-Max:0.01,0.005115209139784795,10
G2,0,0,64,64,C-LP-Tail:0.1,0.005697970986146052,10
G2,0,0,64,64,C-LR:1.0,0.0021519954785106424,10
G2,0,0,64,64,C-Soft-Cond:0.1,0.004471288601243583,10
G2,0,0,64,64,C-Soft:0.1,0.004471331830260402,10
G2,0,0,64,64,H-Conditional-FilterThenK,0.004733536831090833,10
G2,0,0,64,64,REF-EB,0.0036799799357431677,10
G2,0,0,256,0,A-Max,0.002502248164620357,10
G2,0,0,256,0,A-Mean,0.0001329632389337291,10
G2,0,0,256,0,A-Tail-P:0.25,0.0016149115163127121,10
G2,0,0,256,0,A-Tail-P:0.5,0.00024023829447480434,10
G2,0,0,256,0,A-Tail-U:0.5,0.0003670735009974493,10
G2,0,0,256,0,B-Max,0.002005469297929207,10
G2,0,0,256,0,B-Plugin,0.0002780174170383702,10
G2,0,0,256,0,B-Tail-P:0.25,0.001617831947483268,10
G2,0,0,256,0,B-Tail-P:0.5,0.0002356297843765895,10
G2,0,0,256,0,B-Tail-U:0.5,0.0002356297843765895,10
G2,0,0,256,0,C-Budget:0.25,0.0002903931699611246,10
G2,0,0,256,0,C-LP-Max:0.01,0.002040434545808547,10
G2,0,0,256,0,C-LP-Tail:0.1,0.0007348504065722423,10
G2,0,0,256,0,C-LR:1.0,0.001176161986530753,10
G2,0,0,256,0,C-Soft-Cond:0.1,0.0003613444104311861,10
G2,0,0,256,0,C-Soft:0.1,0.00036128261500042953,10
G2,0,0,256,0,H-Conditional-FilterThenK,0.00023562978437685237,10
G2,0,0,256,0,REF-EB,0.00041794067092704645,10
G2,0,0,256,4,A-Max,0.004264473352193089,10
G2,0,0,256,4,A-Mean,0.01650137663940235,10
G2,0,0,256,4,A-Tail-P:0.25,0.013340367461262331,10
G2,0,0,256,4,A-Tail-P:0.5,0.016722586358607648,10
G2,0,0,256,4,A-Tail-U:0.5,0.0014044688902269363,10
G2,0,0,256,4,B-Max,0.0032186605892749,10
G2,0,0,256,4,B-Plugin,0.01673922011385858,10
G2,0,0,256,4,B-Tail-P:0.25,0.01331930679692148,10
G2,0,0,256,4,B-Tail-P:0.5,0.016754834293857455,10
G2,0,0,256,4,B-Tail-U:0.5,0.0025053765208950347,10
G2,0,0,256,4,C-Budget:0.25,0.0012900761748847092,10
G2,0,0,256,4,C-LP-Max:0.01,0.009599176001885737,10
G2,0,0,256,4,C-LP-Tail:0.1,0.0017479096961694849,10
G2,0,0,256,4,C-LR:1.0,0.002192415371936685,10
G2,0,0,256,4,C-Soft-Cond:0.1,0.01454625037877737,10
G2,0,0,256,4,C-Soft:0.1,0.014546158469491768,10
G2,0,0,256,4,H-Conditional-FilterThenK,0.02206938308935702,10
G2,0,0,256,4,REF-EB,0.003932111348508295,10
G2,0,0,256,16,A-Max,0.0034439054726746895,10
G2,0,0,256,16,A-Mean,0.004429646918850418,10
G2,0,0,256,16,A-Tail-P:0.25,0.004026034198140581,10
G2,0,0,256,16,A-Tail-P:0.5,0.004539956023346958,10
G2,0,0,256,16,A-Tail-U:0.5,0.0013622658376365596,10
G2,0,0,256,16,B-Max,0.0016312788339859971,10
G2,0,0,256,16,B-Plugin,0.004615025856111138,10
G2,0,0,256,16,B-Tail-P:0.25,0.004011837239762284,10
G2,0,0,256,16,B-Tail-P:0.5,0.004571486093458221,10
G2,0,0,256,16,B-Tail-U:0.5,0.001942919229659165,10
G2,0,0,256,16,C-Budget:0.25,0.0010203877948803967,10
G2,0,0,256,16,C-LP-Max:0.01,0.004300325590500386,10
G2,0,0,256,16,C-LP-Tail:0.1,0.002179279367470492,10
G2,0,0,256,16,C-LR:1.0,0.0018626798115093674,10
G2,0,0,256,16,C-Soft-Cond:0.1,0.004375681884690837,10
G2,0,0,256,16,C-Soft:0.1,0.004375634803918212,10
G2,0,0,256,16,H-Conditional-FilterThenK,0.0054067500414739416,10
G2,0,0,256,16,REF-EB,0.002826388691529292,10
G2,0,0,256,64,A-Max,0.003824144054168389,10
G2,0,0,256,64,A-Mean,0.002489760310613214,10
G2,0,0,256,64,A-Tail-P:0.25,0.0022771811232352394,10
G2,0,0,256,64,A-Tail-P:0.5,0.0024721259369004447,10
G2,0,0,256,64,A-Tail-U:0.5,0.0012803607718712446,10
G2,0,0,256,64,B-Max,0.0016601204533983928,10
G2,0,0,256,64,B-Plugin,0.0025392426713169826,10
G2,0,0,256,64,B-Tail-P:0.25,0.0022405693105771968,10
G2,0,0,256,64,B-Tail-P:0.5,0.0024942122319787908,10
G2,0,0,256,64,B-Tail-U:0.5,0.0016551980267845285,10
G2,0,0,256,64,C-Budget:0.25,0.0006643183853739129,10
G2,0,0,256,64,C-LP-Max:0.01,0.0038186007758975035,10
G2,0,0,256,64,C-LP-Tail:0.1,0.00561837464740667,10
G2,0,0,256,64,C-LR:1.0,0.0022035111686375423,10
G2,0,0,256,64,C-Soft-Cond:0.1,0.00246361743828792,10
G2,0,0,256,64,C-Soft:0.1,0.0024635434835157746,10
G2,0,0,256,64,H-Conditional-FilterThenK,0.002581195747226791,10
G2,0,0,256,64,REF-EB,0.0022096335822495844,10
G2,0,1,64,0,A-Max,0.09727621601629628,10
G2,0,1,64,0,A-Mean,0.08380465651115115,10
G2,0,1,64,0,A-Tail-P:0.25,0.1057634100037129,10
G2,0,1,64,0,A-Tail-P:0.5,0.08871181478364867,10
G2,0,1,64,0,A-Tail-U:0.5,0.08645425210011023,10
G2,0,1,64,0,B-Max,0.1107928972526808,10
G2,0,1,64,0,B-Plugin,0.0872289270483809,10
G2,0,1,64,0,B-Tail-P:0.25,0.10583739596749497,10
G2,0,1,64,0,B-Tail-P:0.5,0.08798347987384185,10
G2,0,1,64,0,B-Tail-U:0.5,0.08798347987384185,10
G2,0,1,64,0,C-Budget:0.25,0.08726053253440626,10
G2,0,1,64,0,C-LP-Max:0.01,0.11120359901384105,10
G2,0,1,64,0,C-LP-Tail:0.1,0.088339769496118,10
G2,0,1,64,0,C-LR:1.0,0.09187166871132482,10
G2,0,1,64,0,C-Soft-Cond:0.1,0.09284637793423399,10
G2,0,1,64,0,C-Soft:0.1,0.09284452560175956,10
G2,0,1,64,0,H-Conditional-FilterThenK,0.08798347987383956,10
G2,0,1,64,0,REF-EB,0.0749386374846803,10
G2,0,1,64,4,A-Max,0.06578714927738152,10
G2,0,1,64,4,A-Mean,0.025423730431957982,10
G2,0,1,64,4,A-Tail-P:0.25,0.03571273216462731,10
G2,0,1,64,4,A-Tail-P:0.5,0.029227395882012768,10
G2,0,1,64,4,A-Tail-U:0.5,0.07459605266102723,10
G2,0,1,64,4,B-Max,0.08014308329128483,10
G2,0,1,64,4,B-Plugin,0.02940421036735464,10
G2,0,1,64,4,B-Tail-P:0.25,0.03599729356746216,10
G2,0,1,64,4,B-Tail-P:0.5,0.029379157482298728,10
G2,0,1,64,4,B-Tail-U:0.5,0.07171151334522537,10
G2,0,1,64,4,C-Budget:0.25,0.06582955501910398,10
G2,0,1,64,4,C-LP-Max:0.01,0.05336225883203777,10
G2,0,1,64,4,C-LP-Tail:0.1,0.06008695648757604,10
G2,0,1,64,4,C-LR:1.0,0.06688301955872161,10
G2,0,1,64,4,C-Soft-Cond:0.1,0.030133324311321208,10
G2,0,1,64,4,C-Soft:0.1,0.030141483627487215,10
G2,0,1,64,4,H-Conditional-FilterThenK,0.0306331053843808,10
G2,0,1,64,4,REF-EB,0.02751305632661823,10
G2,0,1,64,16,A-Max,0.056567949281749554,10
G2,0,1,64,16,A-Mean,0.0036209878516039644,10
G2,0,1,64,16,A-Tail-P:0.25,0.0038168338550502987,10
G2,0,1,64,16,A-Tail-P:0.5,0.003588656809879269,10
G2,0,1,64,16,A-Tail-U:0.5,0.0791440196061157,10
G2,0,1,64,16,B-Max,0.07209405769757696,10
G2,0,1,64,16,B-Plugin,0.0036224579310234054,10
G2,0,1,64,16,B-Tail-P:0.25,0.003699005173895796,10
G2,0,1,64,16,B-Tail-P:0.5,0.00366567073584327,10
G2,0,1,64,16,B-Tail-U:0.5,0.07162874897319135,10
G2,0,1,64,16,C-Budget:0.25,0.05463042579896178,10
G2,0,1,64,16,C-LP-Max:0.01,0.0026833524397820415,10
G2,0,1,64,16,C-LP-Tail:0.1,0.042102676756887565,10
G2,0,1,64,16,C-LR:1.0,0.0592068664852197,10
G2,0,1,64,16,C-Soft-Cond:0.1,0.003697232310250746,10
G2,0,1,64,16,C-Soft:0.1,0.0036975691585664295,10
G2,0,1,64,16,H-Conditional-FilterThenK,0.002913613635744892,10
G2,0,1,64,16,REF-EB,0.0036191951961107834,10
G2,0,1,64,64,A-Max,0.054615352309745326,10
G2,0,1,64,64,A-Mean,0.0014985691088761992,10
G2,0,1,64,64,A-Tail-P:0.25,0.001519541283220618,10
G2,0,1,64,64,A-Tail-P:0.5,0.001519025918050729,10
G2,0,1,64,64,A-Tail-U:0.5,0.07973611048490334,10
G2,0,1,64,64,B-Max,0.06954532137747357,10
G2,0,1,64,64,B-Plugin,0.0016931678890721772,10
G2,0,1,64,64,B-Tail-P:0.25,0.0015791323617659365,10
G2,0,1,64,64,B-Tail-P:0.5,0.0015207938240643305,10
G2,0,1,64,64,B-Tail-U:0.5,0.07077198125253378,10
G2,0,1,64,64,C-Budget:0.25,0.047048702003802886,10
G2,0,1,64,64,C-LP-Max:0.01,0.0014056869749159797,10
G2,0,1,64,64,C-LP-Tail:0.1,0.03312497276837131,10
G2,0,1,64,64,C-LR:1.0,0.057322985448816664,10
G2,0,1,64,64,C-Soft-Cond:0.1,0.001499187235265337,10
G2,0,1,64,64,C-Soft:0.1,0.0014987098881663042,10
G2,0,1,64,64,H-Conditional-FilterThenK,0.0015093212841411953,10
G2,0,1,64,64,REF-EB,0.0013664221770023238,10
G2,0,1,256,0,A-Max,0.09727600081839255,10
G2,0,1,256,0,A-Mean,0.08333675811887466,10
G2,0,1,256,0,A-Tail-P:0.25,0.105050775972886,10
G2,0,1,256,0,A-Tail-P:0.5,0.08739733998163941,10
G2,0,1,256,0,A-Tail-U:0.5,0.08676516667429382,10
G2,0,1,256,0,B-Max,0.11066644455261865,10
G2,0,1,256,0,B-Plugin,0.0866923981994984,10
G2,0,1,256,0,B-Tail-P:0.25,0.10511955187088248,10
G2,0,1,256,0,B-Tail-P:0.5,0.08715227589131849,10
G2,0,1,256,0,B-Tail-U:0.5,0.08715227589131849,10
G2,0,1,256,0,C-Budget:0.25,0.08652971920966941,10
G2,0,1,256,0,C-LP-Max:0.01,0.11088115928064282,10
G2,0,1,256,0,C-LP-Tail:0.1,0.08475407789452082,10
G2,0,1,256,0,C-LR:1.0,0.09175224855561541,10
G2,0,1,256,0,C-Soft-Cond:0.1,0.09255548651114162,10
G2,0,1,256,0,C-Soft:0.1,0.09255550215533605,10
G2,0,1,256,0,H-Conditional-FilterThenK,0.08715227589131211,10
G2,0,1,256,0,REF-EB,0.07376630190054964,10
G2,0,1,256,4,A-Max,0.06578349414590426,10
G2,0,1,256,4,A-Mean,0.022659505510910317,10
G2,0,1,256,4,A-Tail-P:0.25,0.0292023672611872,10
G2,0,1,256,4,A-Tail-P:0.5,0.025597114777233303,10
G2,0,1,256,4,A-Tail-U:0.5,0.071907627459985,10
G2,0,1,256,4,B-Max,0.08016069776299091,10
G2,0,1,256,4,B-Plugin,0.0257234083557172,10
G2,0,1,256,4,B-Tail-P:0.25,0.029147003510471874,10
G2,0,1,256,4,B-Tail-P:0.5,0.02571129753617718,10
G2,0,1,256,4,B-Tail-U:0.5,0.06613285579933949,10
G2,0,1,256,4,C-Budget:0.25,0.06678583214207687,10
G2,0,1,256,4,C-LP-Max:0.01,0.05556351063101742,10
G2,0,1,256,4,C-LP-Tail:0.1,0.05634355233042728,10
G2,0,1,256,4,C-LR:1.0,0.06666796183169785,10
G2,0,1,256,4,C-Soft-Cond:0.1,0.02686957595727385,10
G2,0,1,256,4,C-Soft:0.1,0.026870015657772323,10
G2,0,1,256,4,H-Conditional-FilterThenK,0.026140824710229316,10
G2,0,1,256,4,REF-EB,0.026717307991831713,10
G2,0,1,256,16,A-Max,0.056601735140538414,10
G2,0,1,256,16,A-Mean,0.004802815359842828,10
G2,0,1,256,16,A-Tail-P:0.25,0.004551329547275503,10
G2,0,1,256,16,A-Tail-P:0.5,0.004703086291672482,10
G2,0,1,256,16,A-Tail-U:0.5,0.07432911388052887,10
G2,0,1,256,16,B-Max,0.07262597085942837,10
G2,0,1,256,16,B-Plugin,0.004824894112936496,10
G2,0,1,256,16,B-Tail-P:0.25,0.004549291028162048,10
G2,0,1,256,16,B-Tail-P:0.5,0.004763631179029929,10
G2,0,1,256,16,B-Tail-U:0.5,0.06557478386686458,10
G2,0,1,256,16,C-Budget:0.25,0.06412594812895149,10
G2,0,1,256,16,C-LP-Max:0.01,0.007303617535182707,10
G2,0,1,256,16,C-LP-Tail:0.1,0.05448081266215097,10
G2,0,1,256,16,C-LR:1.0,0.05971269123059862,10
G2,0,1,256,16,C-Soft-Cond:0.1,0.0049003586662323,10
G2,0,1,256,16,C-Soft:0.1,0.004899799227291989,10
G2,0,1,256,16,H-Conditional-FilterThenK,0.0031203199484214745,10
G2,0,1,256,16,REF-EB,0.004715300334632753,10
G2,0,1,256,64,A-Max,0.056044149683766545,10
G2,0,1,256,64,A-Mean,0.0014866057227573984,10
G2,0,1,256,64,A-Tail-P:0.25,0.0015504169445042313,10
G2,0,1,256,64,A-Tail-P:0.5,0.0015068542278685293,10
G2,0,1,256,64,A-Tail-U:0.5,0.0786945930429336,10
G2,0,1,256,64,B-Max,0.0708088934885697,10
G2,0,1,256,64,B-Plugin,0.0014824394173784678,10
G2,0,1,256,64,B-Tail-P:0.25,0.0016264564154131772,10
G2,0,1,256,64,B-Tail-P:0.5,0.00153642189841937,10
G2,0,1,256,64,B-Tail-U:0.5,0.06970766587539808,10
G2,0,1,256,64,C-Budget:0.25,0.05275898247901587,10
G2,0,1,256,64,C-LP-Max:0.01,0.0014274342836452355,10
G2,0,1,256,64,C-LP-Tail:0.1,0.043003547857270466,10
G2,0,1,256,64,C-LR:1.0,0.05917655342754915,10
G2,0,1,256,64,C-Soft-Cond:0.1,0.0014873282190353723,10
G2,0,1,256,64,C-Soft:0.1,0.0014869263097851187,10
G2,0,1,256,64,H-Conditional-FilterThenK,0.0015148597472211367,10
G2,0,1,256,64,REF-EB,0.0013909469452492436,10
G2,0,2,64,0,A-Max,0.11988933060531268,10
G2,0,2,64,0,A-Mean,0.13110470273083533,10
G2,0,2,64,0,A-Tail-P:0.25,0.1120428533466159,10
G2,0,2,64,0,A-Tail-P:0.5,0.1264563343180939,10
G2,0,2,64,0,A-Tail-U:0.5,0.12636771769455832,10
G2,0,2,64,0,B-Max,0.10784950997972342,10
G2,0,2,64,0,B-Plugin,0.1281188648063149,10
G2,0,2,64,0,B-Tail-P:0.25,0.11198481916688181,10
G2,0,2,64,0,B-Tail-P:0.5,0.12707372276724627,10
G2,0,2,64,0,B-Tail-U:0.5,0.12707372276724627,10
G2,0,2,64,0,C-Budget:0.25,0.12742725805564187,10
G2,0,2,64,0,C-LP-Max:0.01,0.1074509576987173,10
G2,0,2,64,0,C-LP-Tail:0.1,0.12977869202931086,10
G2,0,2,64,0,C-LR:1.0,0.12265838014944616,10
G2,0,2,64,0,C-Soft-Cond:0.1,0.1224444732064923,10
G2,0,2,64,0,C-Soft:0.1,0.12244290075610094,10
G2,0,2,64,0,H-Conditional-FilterThenK,0.1270737227672465,10
G2,0,2,64,0,REF-EB,0.13842694900339028,10
G2,0,2,64,4,A-Max,0.10555518054885668,10
G2,0,2,64,4,A-Mean,0.04660757135918175,10
G2,0,2,64,4,A-Tail-P:0.25,0.059989789621877974,10
G2,0,2,64,4,A-Tail-P:0.5,0.05013307031110885,10
G2,0,2,64,4,A-Tail-U:0.5,0.12788061967522096,10
G2,0,2,64,4,B-Max,0.09089934089521799,10
G2,0,2,64,4,B-Plugin,0.049705597209755745,10
G2,0,2,64,4,B-Tail-P:0.25,0.06036427652970165,10
G2,0,2,64,4,B-Tail-P:0.5,0.05000591590094751,10
G2,0,2,64,4,B-Tail-U:0.5,0.13049524181975103,10
G2,0,2,64,4,C-Budget:0.25,0.1286474487240548,10
G2,0,2,64,4,C-LP-Max:0.01,0.06474500862069413,10
G2,0,2,64,4,C-LP-Tail:0.1,0.1268978521114884,10
G2,0,2,64,4,C-LR:1.0,0.11092035006397964,10
G2,0,2,64,4,C-Soft-Cond:0.1,0.05357845293932275,10
G2,0,2,64,4,C-Soft:0.1,0.053579404866260616,10
G2,0,2,64,4,H-Conditional-FilterThenK,0.044751778714860406,10
G2,0,2,64,4,REF-EB,0.08252319991753859,10
G2,0,2,64,16,A-Max,0.09993776351812232,10
G2,0,2,64,16,A-Mean,0.0055690068732885,10
G2,0,2,64,16,A-Tail-P:0.25,0.006609196703810783,10
G2,0,2,64,16,A-Tail-P:0.5,0.0059002427902169596,10
G2,0,2,64,16,A-Tail-U:0.5,0.12267515754656251,10
G2,0,2,64,16,B-Max,0.08734688196188592,10
G2,0,2,64,16,B-Plugin,0.0058662680145393775,10
G2,0,2,64,16,B-Tail-P:0.25,0.006577341244601481,10
G2,0,2,64,16,B-Tail-P:0.5,0.005831895044727436,10
G2,0,2,64,16,B-Tail-U:0.5,0.1272765757005571,10
G2,0,2,64,16,C-Budget:0.25,0.11287972377014244,10
G2,0,2,64,16,C-LP-Max:0.01,0.020782650950673005,10
G2,0,2,64,16,C-LP-Tail:0.1,0.11216889916655788,10
G2,0,2,64,16,C-LR:1.0,0.10740760240047822,10
G2,0,2,64,16,C-Soft-Cond:0.1,0.0060799731491312774,10
G2,0,2,64,16,C-Soft:0.1,0.006081094542652105,10
G2,0,2,64,16,H-Conditional-FilterThenK,0.005055889561169541,10
G2,0,2,64,16,REF-EB,0.004658654655306565,10
G2,0,2,64,64,A-Max,0.09819259030227803,10
G2,0,2,64,64,A-Mean,0.0009066131307795468,10
G2,0,2,64,64,A-Tail-P:0.25,0.0011030604224411078,10
G2,0,2,64,64,A-Tail-P:0.5,0.001017322462667766,10
G2,0,2,64,64,A-Tail-U:0.5,0.12443919358368119,10
G2,0,2,64,64,B-Max,0.08564217300157057,10
G2,0,2,64,64,B-Plugin,0.0007494353597887211,10
G2,0,2,64,64,B-Tail-P:0.25,0.0011431642808126244,10
G2,0,2,64,64,B-Tail-P:0.5,0.0009602729809016464,10
G2,0,2,64,64,B-Tail-U:0.5,0.1348592310052913,10
G2,0,2,64,64,C-Budget:0.25,0.11678348259270684,10
G2,0,2,64,64,C-LP-Max:0.01,0.0008741528939503996,10
G2,0,2,64,64,C-LP-Tail:0.1,0.125059058487661,10
G2,0,2,64,64,C-LR:1.0,0.10641589119349466,10
G2,0,2,64,64,C-Soft-Cond:0.1,0.0009122753579357958,10
G2,0,2,64,64,C-Soft:0.1,0.0009120713285754343,10
G2,0,2,64,64,H-Conditional-FilterThenK,0.0009742241319346109,10
G2,0,2,64,64,REF-EB,0.0008631415723707627,10
G2,0,2,256,0,A-Max,0.11988930746057425,10
G2,0,2,256,0,A-Mean,0.12940455161855288,10
G2,0,2,256,0,A-Tail-P:0.25,0.11064980362061708,10
G2,0,2,256,0,A-Tail-P:0.5,0.1255198137419496,10
G2,0,2,256,0,A-Tail-U:0.5,0.1262120592287808,10
G2,0,2,256,0,B-Max,0.10585772482364955,10
G2,0,2,256,0,B-Plugin,0.12637295100812337,10
G2,0,2,256,0,B-Tail-P:0.25,0.1105958012541192,10
G2,0,2,256,0,B-Tail-P:0.5,0.12574017227620962,10
G2,0,2,256,0,B-Tail-U:0.5,0.12574017227620962,10
G2,0,2,256,0,C-Budget:0.25,0.12606131009680405,10
G2,0,2,256,0,C-LP-Max:0.01,0.10570409955166951,10
G2,0,2,256,0,C-LP-Tail:0.1,0.12918244317467723,10
G2,0,2,256,0,C-LR:1.0,0.12274973890983654,10
G2,0,2,256,0,C-Soft-Cond:0.1,0.12064237950031023,10
G2,0,2,256,0,C-Soft:0.1,0.12064190540372302,10
G2,0,2,256,0,H-Conditional-FilterThenK,0.1257401722762172,10
G2,0,2,256,0,REF-EB,0.13871155900364054,10
G2,0,2,256,4,A-Max,0.11209982442087237,10
G2,0,2,256,4,A-Mean,0.06780591863402394,10
G2,0,2,256,4,A-Tail-P:0.25,0.07072439271723205,10
G2,0,2,256,4,A-Tail-P:0.5,0.06776105104258959,10
G2,0,2,256,4,A-Tail-U:0.5,0.12425935273946302,10
G2,0,2,256,4,B-Max,0.09847281148970659,10
G2,0,2,256,4,B-Plugin,0.06774718614587977,10
G2,0,2,256,4,B-Tail-P:0.25,0.07081151864650241,10
G2,0,2,256,4,B-Tail-P:0.5,0.06788791077125954,10
G2,0,2,256,4,B-Tail-U:0.5,0.12383037625197138,10
G2,0,2,256,4,C-Budget:0.25,0.1286225873317151,10
G2,0,2,256,4,C-LP-Max:0.01,0.07648788504903356,10
G2,0,2,256,4,C-LP-Tail:0.1,0.13341362922311015,10
G2,0,2,256,4,C-LR:1.0,0.11624628770395422,10
G2,0,2,256,4,C-Soft-Cond:0.1,0.07047303740453065,10
G2,0,2,256,4,C-Soft:0.1,0.070472904735877,10
G2,0,2,256,4,H-Conditional-FilterThenK,0.07118068782452641,10
G2,0,2,256,4,REF-EB,0.08137325638990982,10
G2,0,2,256,16,A-Max,0.0978698188673919,10
G2,0,2,256,16,A-Mean,0.001260986991810742,10
G2,0,2,256,16,A-Tail-P:0.25,0.0020704283176081095,10
G2,0,2,256,16,A-Tail-P:0.5,0.001528647647645345,10
G2,0,2,256,16,A-Tail-U:0.5,0.1262929095398837,10
G2,0,2,256,16,B-Max,0.08493852758101621,10
G2,0,2,256,16,B-Plugin,0.0015068184497650714,10
G2,0,2,256,16,B-Tail-P:0.25,0.0021026492716332366,10
G2,0,2,256,16,B-Tail-P:0.5,0.0015233678889206696,10
G2,0,2,256,16,B-Tail-U:0.5,0.12929078811022698,10
G2,0,2,256,16,C-Budget:0.25,0.13018706173464306,10
G2,0,2,256,16,C-LP-Max:0.01,0.010788315849778867,10
G2,0,2,256,16,C-LP-Tail:0.1,0.12259520503846308,10
G2,0,2,256,16,C-LR:1.0,0.1058842454392677,10
G2,0,2,256,16,C-Soft-Cond:0.1,0.0014473013909734476,10
G2,0,2,256,16,C-Soft:0.1,0.0014472879490682758,10
G2,0,2,256,16,H-Conditional-FilterThenK,0.0011422762185991694,10
G2,0,2,256,16,REF-EB,0.000976832275789529,10
G2,0,2,256,64,A-Max,0.09829767727095814,10
G2,0,2,256,64,A-Mean,0.00042883382581724097,10
G2,0,2,256,64,A-Tail-P:0.25,0.0005884060502596108,10
G2,0,2,256,64,A-Tail-P:0.5,0.00048456910263176996,10
G2,0,2,256,64,A-Tail-U:0.5,0.12783540259957935,10
G2,0,2,256,64,B-Max,0.08494343515767935,10
G2,0,2,256,64,B-Plugin,0.0004730382685915623,10
G2,0,2,256,64,B-Tail-P:0.25,0.0006020661478152849,10
G2,0,2,256,64,B-Tail-P:0.5,0.0004679685956126822,10
G2,0,2,256,64,B-Tail-U:0.5,0.13330333910982553,10
G2,0,2,256,64,C-Budget:0.25,0.11637981592032587,10
G2,0,2,256,64,C-LP-Max:0.01,0.00023422522494161174,10
G2,0,2,256,64,C-LP-Tail:0.1,0.11174341345796876,10
G2,0,2,256,64,C-LR:1.0,0.10650663433308709,10
G2,0,2,256,64,C-Soft-Cond:0.1,0.00043377479552967664,10
G2,0,2,256,64,C-Soft:0.1,0.0004337604790855259,10
G2,0,2,256,64,H-Conditional-FilterThenK,0.00046256374559305624,10
G2,0,2,256,64,REF-EB,0.0003490245200125689,10
G2,0,3,64,0,A-Max,0.0585691785311034,10
G2,0,3,64,0,A-Mean,0.04769855277510868,10
G2,0,3,64,0,A-Tail-P:0.25,0.06338246115385998,10
G2,0,3,64,0,A-Tail-P:0.5,0.0505734850163002,10
G2,0,3,64,0,A-Tail-U:0.5,0.04931404898556219,10
G2,0,3,64,0,B-Max,0.06853126533211268,10
G2,0,3,64,0,B-Plugin,0.049246236327239554,10
G2,0,3,64,0,B-Tail-P:0.25,0.06341518629244684,10
G2,0,3,64,0,B-Tail-P:0.5,0.0498009261231505,10
G2,0,3,64,0,B-Tail-U:0.5,0.0498009261231505,10
G2,0,3,64,0,C-Budget:0.25,0.04985919079878358,10
G2,0,3,64,0,C-LP-Max:0.01,0.06888066103526673,10
G2,0,3,64,0,C-LP-Tail:0.1,0.05177194353914525,10
G2,0,3,64,0,C-LR:1.0,0.05386542571417289,10
G2,0,3,64,0,C-Soft-Cond:0.1,0.05503894700862962,10
G2,0,3,64,0,C-Soft:0.1,0.05503951906305604,10
G2,0,3,64,0,H-Conditional-FilterThenK,0.04980092612314831,10
G2,0,3,64,0,REF-EB,0.03920285053419431,10
G2,0,3,64,4,A-Max,0.04145585057208283,10
G2,0,3,64,4,A-Mean,0.013242059003293722,10
G2,0,3,64,4,A-Tail-P:0.25,0.0168458738504913,10
G2,0,3,64,4,A-Tail-P:0.5,0.014172348531515718,10
G2,0,3,64,4,A-Tail-U:0.5,0.05567590246758207,10
G2,0,3,64,4,B-Max,0.047605814607993555,10
G2,0,3,64,4,B-Plugin,0.014482142566304864,10
G2,0,3,64,4,B-Tail-P:0.25,0.017095958217721325,10
G2,0,3,64,4,B-Tail-P:0.5,0.014325755101669857,10
G2,0,3,64,4,B-Tail-U:0.5,0.06071508358284596,10
G2,0,3,64,4,C-Budget:0.25,0.04302177924674704,10
G2,0,3,64,4,C-LP-Max:0.01,0.03274123928105601,10
G2,0,3,64,4,C-LP-Tail:0.1,0.02983239577269618,10
G2,0,3,64,4,C-LR:1.0,0.04015805818840136,10
G2,0,3,64,4,C-Soft-Cond:0.1,0.015209614059506276,10
G2,0,3,64,4,C-Soft:0.1,0.015209726044512355,10
G2,0,3,64,4,H-Conditional-FilterThenK,0.011118356663298457,10
G2,0,3,64,4,REF-EB,0.02043736794429034,10
G2,0,3,64,16,A-Max,0.04244356773911544,10
G2,0,3,64,16,A-Mean,0.005883366672724537,10
G2,0,3,64,16,A-Tail-P:0.25,0.0075326895794892434,10
G2,0,3,64,16,A-Tail-P:0.5,0.006464874707348414,10
G2,0,3,64,16,A-Tail-U:0.5,0.059805799894499675,10
G2,0,3,64,16,B-Max,0.04855047558666155,10
G2,0,3,64,16,B-Plugin,0.006243396723951416,10
G2,0,3,64,16,B-Tail-P:0.25,0.0074066426835301125,10
G2,0,3,64,16,B-Tail-P:0.5,0.006403750504000052,10
G2,0,3,64,16,B-Tail-U:0.5,0.06692634113913924,10
G2,0,3,64,16,C-Budget:0.25,0.03349688658994315,10
G2,0,3,64,16,C-LP-Max:0.01,0.008712466472062108,10
G2,0,3,64,16,C-LP-Tail:0.1,0.02248456269444173,10
G2,0,3,64,16,C-LR:1.0,0.04115192566598855,10
G2,0,3,64,16,C-Soft-Cond:0.1,0.006065080406846234,10
G2,0,3,64,16,C-Soft:0.1,0.006064948418671881,10
G2,0,3,64,16,H-Conditional-FilterThenK,0.006542609414010683,10
G2,0,3,64,16,REF-EB,0.007728530184770965,10
G2,0,3,64,64,A-Max,0.04574640165561992,10
G2,0,3,64,64,A-Mean,0.0012406357690517562,10
G2,0,3,64,64,A-Tail-P:0.25,0.0013266349541671864,10
G2,0,3,64,64,A-Tail-P:0.5,0.0012643956715407002,10
G2,0,3,64,64,A-Tail-U:0.5,0.07085081089145323,10
G2,0,3,64,64,B-Max,0.051611442790381344,10
G2,0,3,64,64,B-Plugin,0.0011163855430442828,10
G2,0,3,64,64,B-Tail-P:0.25,0.0012740757866694348,10
G2,0,3,64,64,B-Tail-P:0.5,0.0012538470441961476,10
G2,0,3,64,64,B-Tail-U:0.5,0.0796940916488395,10
G2,0,3,64,64,C-Budget:0.25,0.015591089944357248,10
G2,0,3,64,64,C-LP-Max:0.01,0.0012555546472342192,10
G2,0,3,64,64,C-LP-Tail:0.1,0.01516046147933052,10
G2,0,3,64,64,C-LR:1.0,0.04560240464323283,10
G2,0,3,64,64,C-Soft-Cond:0.1,0.0012419910554367854,10
G2,0,3,64,64,C-Soft:0.1,0.0012415766323759677,10
G2,0,3,64,64,H-Conditional-FilterThenK,0.0012646263748809536,10
G2,0,3,64,64,REF-EB,0.0013111827046625169,10
G2,0,3,256,0,A-Max,0.05856917178282199,10
G2,0,3,256,0,A-Mean,0.04651159066119547,10
G2,0,3,256,0,A-Tail-P:0.25,0.061902514274429624,10
G2,0,3,256,0,A-Tail-P:0.5,0.04882136544999692,10
G2,0,3,256,0,A-Tail-U:0.5,0.049550924871385536,10
G2,0,3,256,0,B-Max,0.06759817316596264,10
G2,0,3,256,0,B-Plugin,0.048158804112536896,10
G2,0,3,256,0,B-Tail-P:0.25,0.06197489539875983,10
G2,0,3,256,0,B-Tail-P:0.5,0.04862723738713632,10
G2,0,3,256,0,B-Tail-U:0.5,0.04862723738713632,10
G2,0,3,256,0,C-Budget:0.25,0.04902507471006076,10
G2,0,3,256,0,C-LP-Max:0.01,0.06774928366323943,10
G2,0,3,256,0,C-LP-Tail:0.1,0.04759828370154599,10
G2,0,3,256,0,C-LR:1.0,0.05379183600027426,10
G2,0,3,256,0,C-Soft-Cond:0.1,0.053941367031344965,10
G2,0,3,256,0,C-Soft:0.1,0.05394175965299597,10
G2,0,3,256,0,H-Conditional-FilterThenK,0.04862723738712964,10
G2,0,3,256,0,REF-EB,0.03954792119575408,10
G2,0,3,256,4,A-Max,0.047859360685779916,10
G2,0,3,256,4,A-Mean,0.025997764801350975,10
G2,0,3,256,4,A-Tail-P:0.25,0.02916288266918744,10
G2,0,3,256,4,A-Tail-P:0.5,0.02798380795994023,10
G2,0,3,256,4,A-Tail-U:0.5,0.05374384928222585,10
G2,0,3,256,4,B-Max,0.05419495107964291,10
G2,0,3,256,4,B-Plugin,0.02791365460235823,10
G2,0,3,256,4,B-Tail-P:0.25,0.029273317533309355,10
G2,0,3,256,4,B-Tail-P:0.5,0.027934460456260884,10
G2,0,3,256,4,B-Tail-U:0.5,0.05794903195243388,10
G2,0,3,256,4,C-Budget:0.25,0.04390442958442904,10
G2,0,3,256,4,C-LP-Max:0.01,0.03807378034629692,10
G2,0,3,256,4,C-LP-Tail:0.1,0.03372229938045491,10
G2,0,3,256,4,C-LR:1.0,0.04531481660235341,10
G2,0,3,256,4,C-Soft-Cond:0.1,0.02556670235772096,10
G2,0,3,256,4,C-Soft:0.1,0.025566822617974744,10
G2,0,3,256,4,H-Conditional-FilterThenK,0.031328600380836236,10
G2,0,3,256,4,REF-EB,0.022384652244194437,10
G2,0,3,256,16,A-Max,0.042967381604955446,10
G2,0,3,256,16,A-Mean,0.0032313476272067066,10
G2,0,3,256,16,A-Tail-P:0.25,0.004072670359865636,10
G2,0,3,256,16,A-Tail-P:0.5,0.003892563228623233,10
G2,0,3,256,16,A-Tail-U:0.5,0.060270092567058765,10
G2,0,3,256,16,B-Max,0.048566661248307975,10
G2,0,3,256,16,B-Plugin,0.0038932187153583576,10
G2,0,3,256,16,B-Tail-P:0.25,0.0040686506775307486,10
G2,0,3,256,16,B-Tail-P:0.5,0.0038925736319959116,10
G2,0,3,256,16,B-Tail-U:0.5,0.06694464264593708,10
G2,0,3,256,16,C-Budget:0.25,0.04362648996427334,10
G2,0,3,256,16,C-LP-Max:0.01,0.006625979965013037,10
G2,0,3,256,16,C-LP-Tail:0.1,0.03222450872231038,10
G2,0,3,256,16,C-LR:1.0,0.04207739143598359,10
G2,0,3,256,16,C-Soft-Cond:0.1,0.003324862143210927,10
G2,0,3,256,16,C-Soft:0.1,0.003324673786541543,10
G2,0,3,256,16,H-Conditional-FilterThenK,0.00315665368063459,10
G2,0,3,256,16,REF-EB,0.004891871952114379,10
G2,0,3,256,64,A-Max,0.04466885902650691,10
G2,0,3,256,64,A-Mean,0.0005699087198970071,10
G2,0,3,256,64,A-Tail-P:0.25,0.0005968007864989168,10
G2,0,3,256,64,A-Tail-P:0.5,0.0005652910466339037,10
G2,0,3,256,64,A-Tail-U:0.5,0.06928490628584547,10
G2,0,3,256,64,B-Max,0.04977507622998288,10
G2,0,3,256,64,B-Plugin,0.000614847907150028,10
G2,0,3,256,64,B-Tail-P:0.25,0.0005489475507838129,10
G2,0,3,256,64,B-Tail-P:0.5,0.0005928023666039119,10
G2,0,3,256,64,B-Tail-U:0.5,0.07842659636301519,10
G2,0,3,256,64,C-Budget:0.25,0.0315496244153291,10
G2,0,3,256,64,C-LP-Max:0.01,0.0007268449494978266,10
G2,0,3,256,64,C-LP-Tail:0.1,0.016700193924462148,10
G2,0,3,256,64,C-LR:1.0,0.044535579100219505,10
G2,0,3,256,64,C-Soft-Cond:0.1,0.0005703575080818247,10
G2,0,3,256,64,C-Soft:0.1,0.0005701682253167378,10
G2,0,3,256,64,H-Conditional-FilterThenK,0.0006143724102291304,10
G2,0,3,256,64,REF-EB,0.0005103031762197125,10
G2,0,4,64,0,A-Max,0.049422852598420636,10
G2,0,4,64,0,A-Mean,0.019374591165822967,10
G2,0,4,64,0,A-Tail-P:0.25,0.015002117221652653,10
G2,0,4,64,0,A-Tail-P:0.5,0.019034430285164473,10
G2,0,4,64,0,A-Tail-U:0.5,0.04494964500193986,10
G2,0,4,64,0,B-Max,0.012223631581927328,10
G2,0,4,64,0,B-Plugin,0.019738234883155032,10
G2,0,4,64,0,B-Tail-P:0.25,0.015042186675632008,10
G2,0,4,64,0,B-Tail-P:0.5,0.019356388946296973,10
G2,0,4,64,0,B-Tail-U:0.5,0.019356388946296287,10
G2,0,4,64,0,C-Budget:0.25,0.026362484444731122,10
G2,0,4,64,0,C-LP-Max:0.01,0.012199923630159414,10
G2,0,4,64,0,C-LP-Tail:0.1,0.022314775917492143,10
G2,0,4,64,0,C-LR:1.0,0.04807611044450395,10
G2,0,4,64,0,C-Soft-Cond:0.1,0.016116766394343535,10
G2,0,4,64,0,C-Soft:0.1,0.01611650957441201,10
G2,0,4,64,0,H-Conditional-FilterThenK,0.019356388946296505,10
G2,0,4,64,0,REF-EB,0.04132351435798411,10
G2,0,4,64,4,A-Max,0.04538841967142705,10
G2,0,4,64,4,A-Mean,0.023755389562366606,10
G2,0,4,64,4,A-Tail-P:0.25,0.020373504625545165,10
G2,0,4,64,4,A-Tail-P:0.5,0.022552045512583975,10
G2,0,4,64,4,A-Tail-U:0.5,0.049309820011148295,10
G2,0,4,64,4,B-Max,0.011558495553586581,10
G2,0,4,64,4,B-Plugin,0.0227194283479403,10
G2,0,4,64,4,B-Tail-P:0.25,0.020475097210161757,10
G2,0,4,64,4,B-Tail-P:0.5,0.022593212898335914,10
G2,0,4,64,4,B-Tail-U:0.5,0.022596628034717587,10
G2,0,4,64,4,C-Budget:0.25,0.030440031060350654,10
G2,0,4,64,4,C-LP-Max:0.01,0.013355009895082792,10
G2,0,4,64,4,C-LP-Tail:0.1,0.02675165608586676,10
G2,0,4,64,4,C-LR:1.0,0.043302016832584916,10
G2,0,4,64,4,C-Soft-Cond:0.1,0.021727128793080395,10
G2,0,4,64,4,C-Soft:0.1,0.021725088355279743,10
G2,0,4,64,4,H-Conditional-FilterThenK,0.02675742663907522,10
G2,0,4,64,4,REF-EB,0.03558204375416754,10
G2,0,4,64,16,A-Max,0.044560935528474795,10
G2,0,4,64,16,A-Mean,0.008241470470504227,10
G2,0,4,64,16,A-Tail-P:0.25,0.008180616736946911,10
G2,0,4,64,16,A-Tail-P:0.5,0.008413084397874249,10
G2,0,4,64,16,A-Tail-U:0.5,0.052103705140222986,10
G2,0,4,64,16,B-Max,0.011000315368247443,10
G2,0,4,64,16,B-Plugin,0.00840569993936446,10
G2,0,4,64,16,B-Tail-P:0.25,0.00822341129446715,10
G2,0,4,64,16,B-Tail-P:0.5,0.008336576756665357,10
G2,0,4,64,16,B-Tail-U:0.5,0.027149139146496776,10
G2,0,4,64,16,C-Budget:0.25,0.029373044190226606,10
G2,0,4,64,16,C-LP-Max:0.01,0.005828060331371934,10
G2,0,4,64,16,C-LP-Tail:0.1,0.025914323775256314,10
G2,0,4,64,16,C-LR:1.0,0.04294288773337339,10
G2,0,4,64,16,C-Soft-Cond:0.1,0.007892414252392222,10
G2,0,4,64,16,C-Soft:0.1,0.007890177311477585,10
G2,0,4,64,16,H-Conditional-FilterThenK,0.009224471551831244,10
G2,0,4,64,16,REF-EB,0.01077615084275019,10
G2,0,4,64,64,A-Max,0.04889042596276957,10
G2,0,4,64,64,A-Mean,0.0025187797359643585,10
G2,0,4,64,64,A-Tail-P:0.25,0.002475892436240328,10
G2,0,4,64,64,A-Tail-P:0.5,0.0026125902810389613,10
G2,0,4,64,64,A-Tail-U:0.5,0.04854915532943878,10
G2,0,4,64,64,B-Max,0.014184825523901263,10
G2,0,4,64,64,B-Plugin,0.0026442454159052156,10
G2,0,4,64,64,B-Tail-P:0.25,0.0026095450237239334,10
G2,0,4,64,64,B-Tail-P:0.5,0.002606340438480243,10
G2,0,4,64,64,B-Tail-U:0.5,0.02124726487008779,10
G2,0,4,64,64,C-Budget:0.25,0.017993084877833382,10
G2,0,4,64,64,C-LP-Max:0.01,0.0028175596204359278,10
G2,0,4,64,64,C-LP-Tail:0.1,0.019276706599578617,10
G2,0,4,64,64,C-LR:1.0,0.0478974166725968,10
G2,0,4,64,64,C-Soft-Cond:0.1,0.002500814832565248,10
G2,0,4,64,64,C-Soft:0.1,0.002500284534972439,10
G2,0,4,64,64,H-Conditional-FilterThenK,0.0027302141719422503,10
G2,0,4,64,64,REF-EB,0.0031428179124216938,10
G2,0,4,256,0,A-Max,0.05020680490301482,10
G2,0,4,256,0,A-Mean,0.01935959420632052,10
G2,0,4,256,0,A-Tail-P:0.25,0.01501789949717217,10
G2,0,4,256,0,A-Tail-P:0.5,0.019407658010688562,10
G2,0,4,256,0,A-Tail-U:0.5,0.04442240812280833,10
G2,0,4,256,0,B-Max,0.012111676854800016,10
G2,0,4,256,0,B-Plugin,0.019665335745894026,10
G2,0,4,256,0,B-Tail-P:0.25,0.015012920961875184,10
G2,0,4,256,0,B-Tail-P:0.5,0.019429500440155546,10
G2,0,4,256,0,B-Tail-U:0.5,0.019429500440155546,10
G2,0,4,256,0,C-Budget:0.25,0.025547916315893076,10
G2,0,4,256,0,C-LP-Max:0.01,0.012086034098967262,10
G2,0,4,256,0,C-LP-Tail:0.1,0.020176512136145935,10
G2,0,4,256,0,C-LR:1.0,0.04840925104757563,10
G2,0,4,256,0,C-Soft-Cond:0.1,0.016046957822822373,10
G2,0,4,256,0,C-Soft:0.1,0.016047016008409055,10
G2,0,4,256,0,H-Conditional-FilterThenK,0.01942950044015517,10
G2,0,4,256,0,REF-EB,0.042379307857101055,10
G2,0,4,256,4,A-Max,0.043183215245841,10
G2,0,4,256,4,A-Mean,0.009817161157030622,10
G2,0,4,256,4,A-Tail-P:0.25,0.007657550806077237,10
G2,0,4,256,4,A-Tail-P:0.5,0.008829230881949826,10
G2,0,4,256,4,A-Tail-U:0.5,0.04972524890408451,10
G2,0,4,256,4,B-Max,0.007671780013403755,10
G2,0,4,256,4,B-Plugin,0.008848321372247229,10
G2,0,4,256,4,B-Tail-P:0.25,0.0076513697626453174,10
G2,0,4,256,4,B-Tail-P:0.5,0.008782244349946584,10
G2,0,4,256,4,B-Tail-U:0.5,0.022660882772259815,10
G2,0,4,256,4,C-Budget:0.25,0.03043268223538743,10
G2,0,4,256,4,C-LP-Max:0.01,0.004591400860901772,10
G2,0,4,256,4,C-LP-Tail:0.1,0.023661230658545022,10
G2,0,4,256,4,C-LR:1.0,0.039900192280038146,10
G2,0,4,256,4,C-Soft-Cond:0.1,0.008360235191238059,10
G2,0,4,256,4,C-Soft:0.1,0.008360137912532989,10
G2,0,4,256,4,H-Conditional-FilterThenK,0.011671078572099484,10
G2,0,4,256,4,REF-EB,0.023796017193322416,10
G2,0,4,256,16,A-Max,0.04490955940598653,10
G2,0,4,256,16,A-Mean,0.005955653947227547,10
G2,0,4,256,16,A-Tail-P:0.25,0.0055652819707839845,10
G2,0,4,256,16,A-Tail-P:0.5,0.006099653623704861,10
G2,0,4,256,16,A-Tail-U:0.5,0.055992422715265666,10
G2,0,4,256,16,B-Max,0.010062693428455848,10
G2,0,4,256,16,B-Plugin,0.006114486124717728,10
G2,0,4,256,16,B-Tail-P:0.25,0.005615334541724306,10
G2,0,4,256,16,B-Tail-P:0.5,0.006093119985797636,10
G2,0,4,256,16,B-Tail-U:0.5,0.03154774199711695,10
G2,0,4,256,16,C-Budget:0.25,0.034014419829207984,10
G2,0,4,256,16,C-LP-Max:0.01,0.004020175815311287,10
G2,0,4,256,16,C-LP-Tail:0.1,0.02877907061655391,10
G2,0,4,256,16,C-LR:1.0,0.04252982639542614,10
G2,0,4,256,16,C-Soft-Cond:0.1,0.005456955448190058,10
G2,0,4,256,16,C-Soft:0.1,0.005457088551902183,10
G2,0,4,256,16,H-Conditional-FilterThenK,0.00549239801664365,10
G2,0,4,256,16,REF-EB,0.007769136274416466,10
G2,0,4,256,64,A-Max,0.049261537227289286,10
G2,0,4,256,64,A-Mean,0.002592537450815585,10
G2,0,4,256,64,A-Tail-P:0.25,0.0025478778126105535,10
G2,0,4,256,64,A-Tail-P:0.5,0.002681521739434793,10
G2,0,4,256,64,A-Tail-U:0.5,0.05158849874634517,10
G2,0,4,256,64,B-Max,0.013906506592738102,10
G2,0,4,256,64,B-Plugin,0.0026945197232894767,10
G2,0,4,256,64,B-Tail-P:0.25,0.002541595092221364,10
G2,0,4,256,64,B-Tail-P:0.5,0.0026944004476418234,10
G2,0,4,256,64,B-Tail-U:0.5,0.028201437536102714,10
G2,0,4,256,64,C-Budget:0.25,0.02757838689612015,10
G2,0,4,256,64,C-LP-Max:0.01,0.0026924115643537395,10
G2,0,4,256,64,C-LP-Tail:0.1,0.0258040252288974,10
G2,0,4,256,64,C-LR:1.0,0.04791517797534204,10
G2,0,4,256,64,C-Soft-Cond:0.1,0.002592098427673889,10
G2,0,4,256,64,C-Soft:0.1,0.0025921309008795543,10
G2,0,4,256,64,H-Conditional-FilterThenK,0.002677380012575648,10
G2,0,4,256,64,REF-EB,0.0031897316923367954,10
G2,0,5,64,0,A-Max,0.025875532133833656,10
G2,0,5,64,0,A-Mean,0.008990334201383081,10
G2,0,5,64,0,A-Tail-P:0.25,0.007455283874099154,10
G2,0,5,64,0,A-Tail-P:0.5,0.007819254224378928,10
G2,0,5,64,0,A-Tail-U:0.5,0.018198570051745157,10
G2,0,5,64,0,B-Max,0.009180136405159295,10
G2,0,5,64,0,B-Plugin,0.0076483320813314215,10
G2,0,5,64,0,B-Tail-P:0.25,0.007444949576536337,10
G2,0,5,64,0,B-Tail-P:0.5,0.00778186209451513,10
G2,0,5,64,0,B-Tail-U:0.5,0.00778186209451513,10
G2,0,5,64,0,C-Budget:0.25,0.008589696502041357,10
G2,0,5,64,0,C-LP-Max:0.01,0.009087666214576415,10
G2,0,5,64,0,C-LP-Tail:0.1,0.008262295238738768,10
G2,0,5,64,0,C-LR:1.0,0.0224918066408875,10
G2,0,5,64,0,C-Soft-Cond:0.1,0.00903554059936311,10
G2,0,5,64,0,C-Soft:0.1,0.009034498535920189,10
G2,0,5,64,0,H-Conditional-FilterThenK,0.007781862094515547,10
G2,0,5,64,0,REF-EB,0.013963934203773476,10
G2,0,5,64,4,A-Max,0.02591783994014204,10
G2,0,5,64,4,A-Mean,0.012623214093262341,10
G2,0,5,64,4,A-Tail-P:0.25,0.010388508260864536,10
G2,0,5,64,4,A-Tail-P:0.5,0.011676249970083388,10
G2,0,5,64,4,A-Tail-U:0.5,0.021804130767225514,10
G2,0,5,64,4,B-Max,0.009049011488826104,10
G2,0,5,64,4,B-Plugin,0.011513812300813664,10
G2,0,5,64,4,B-Tail-P:0.25,0.010213907852205757,10
G2,0,5,64,4,B-Tail-P:0.5,0.011693957912514916,10
G2,0,5,64,4,B-Tail-U:0.5,0.012071453842398164,10
G2,0,5,64,4,C-Budget:0.25,0.009274326616694025,10
G2,0,5,64,4,C-LP-Max:0.01,0.011228996726434149,10
G2,0,5,64,4,C-LP-Tail:0.1,0.00868511661936387,10
G2,0,5,64,4,C-LR:1.0,0.023965378520047063,10
G2,0,5,64,4,C-Soft-Cond:0.1,0.012213143370626258,10
G2,0,5,64,4,C-Soft:0.1,0.01221255340430714,10
G2,0,5,64,4,H-Conditional-FilterThenK,0.015559776083469205,10
G2,0,5,64,4,REF-EB,0.013655006049667512,10
G2,0,5,64,16,A-Max,0.026430638740720158,10
G2,0,5,64,16,A-Mean,0.003422031077460929,10
G2,0,5,64,16,A-Tail-P:0.25,0.0024606508042940758,10
G2,0,5,64,16,A-Tail-P:0.5,0.002969282476532828,10
G2,0,5,64,16,A-Tail-U:0.5,0.02191350370975755,10
G2,0,5,64,16,B-Max,0.012297853894676546,10
G2,0,5,64,16,B-Plugin,0.0030018830504580088,10
G2,0,5,64,16,B-Tail-P:0.25,0.002501791278133936,10
G2,0,5,64,16,B-Tail-P:0.5,0.0030321743606441403,10
G2,0,5,64,16,B-Tail-U:0.5,0.012872840944631887,10
G2,0,5,64,16,C-Budget:0.25,0.008388847702259556,10
G2,0,5,64,16,C-LP-Max:0.01,0.0037386233037122255,10
G2,0,5,64,16,C-LP-Tail:0.1,0.008573617143002333,10
G2,0,5,64,16,C-LR:1.0,0.023372215694842463,10
G2,0,5,64,16,C-Soft-Cond:0.1,0.0033159243591147163,10
G2,0,5,64,16,C-Soft:0.1,0.0033127699662876347,10
G2,0,5,64,16,H-Conditional-FilterThenK,0.002881227030630842,10
G2,0,5,64,16,REF-EB,0.005246168766214506,10
G2,0,5,64,64,A-Max,0.030112750652047028,10
G2,0,5,64,64,A-Mean,0.00179009450712688,10
G2,0,5,64,64,A-Tail-P:0.25,0.0017637363741210802,10
G2,0,5,64,64,A-Tail-P:0.5,0.0016843828512381857,10
G2,0,5,64,64,A-Tail-U:0.5,0.021837967946127856,10
G2,0,5,64,64,B-Max,0.015325675460523533,10
G2,0,5,64,64,B-Plugin,0.0019140961277216545,10
G2,0,5,64,64,B-Tail-P:0.25,0.0016372860525381918,10
G2,0,5,64,64,B-Tail-P:0.5,0.0017721706758185274,10
G2,0,5,64,64,B-Tail-U:0.5,0.012510841571805343,10
G2,0,5,64,64,C-Budget:0.25,0.009015941819971772,10
G2,0,5,64,64,C-LP-Max:0.01,0.0016772326404932956,10
G2,0,5,64,64,C-LP-Tail:0.1,0.012249277359366095,10
G2,0,5,64,64,C-LR:1.0,0.025027004504239232,10
G2,0,5,64,64,C-Soft-Cond:0.1,0.0017876282579655748,10
G2,0,5,64,64,C-Soft:0.1,0.0017877631452830182,10
G2,0,5,64,64,H-Conditional-FilterThenK,0.0019492136231102765,10
G2,0,5,64,64,REF-EB,0.0019764888451078034,10
G2,0,5,256,0,A-Max,0.02598636450669805,10
G2,0,5,256,0,A-Mean,0.007845125521357892,10
G2,0,5,256,0,A-Tail-P:0.25,0.006426364685574117,10
G2,0,5,256,0,A-Tail-P:0.5,0.006689977975400484,10
G2,0,5,256,0,A-Tail-U:0.5,0.018352778651329327,10
G2,0,5,256,0,B-Max,0.00814902156239932,10
G2,0,5,256,0,B-Plugin,0.006669104119127814,10
G2,0,5,256,0,B-Tail-P:0.25,0.006421174001573239,10
G2,0,5,256,0,B-Tail-P:0.5,0.0066714426333315344,10
G2,0,5,256,0,B-Tail-U:0.5,0.0066714426333315344,10
G2,0,5,256,0,C-Budget:0.25,0.008706203656000997,10
G2,0,5,256,0,C-LP-Max:0.01,0.00812537365438216,10
G2,0,5,256,0,C-LP-Tail:0.1,0.008063897349283427,10
G2,0,5,256,0,C-LR:1.0,0.022587766386775197,10
G2,0,5,256,0,C-Soft-Cond:0.1,0.007953159029752561,10
G2,0,5,256,0,C-Soft:0.1,0.007953132210613096,10
G2,0,5,256,0,H-Conditional-FilterThenK,0.006671442633331378,10
G2,0,5,256,0,REF-EB,0.011846786065878228,10
G2,0,5,256,4,A-Max,0.025827139525929733,10
G2,0,5,256,4,A-Mean,0.013904153061028235,10
G2,0,5,256,4,A-Tail-P:0.25,0.012852272622904356,10
G2,0,5,256,4,A-Tail-P:0.5,0.01269698297570647,10
G2,0,5,256,4,A-Tail-U:0.5,0.021656780603694824,10
G2,0,5,256,4,B-Max,0.009092950005742789,10
G2,0,5,256,4,B-Plugin,0.012883809189309361,10
G2,0,5,256,4,B-Tail-P:0.25,0.012857459869641291,10
G2,0,5,256,4,B-Tail-P:0.5,0.012748668926999168,10
G2,0,5,256,4,B-Tail-U:0.5,0.01144316890139133,10
G2,0,5,256,4,C-Budget:0.25,0.00946056122107716,10
G2,0,5,256,4,C-LP-Max:0.01,0.012205930671034275,10
G2,0,5,256,4,C-LP-Tail:0.1,0.007876112275975811,10
G2,0,5,256,4,C-LR:1.0,0.022774180488864627,10
G2,0,5,256,4,C-Soft-Cond:0.1,0.012533184379280613,10
G2,0,5,256,4,C-Soft:0.1,0.012532892090460287,10
G2,0,5,256,4,H-Conditional-FilterThenK,0.016784451825832748,10
G2,0,5,256,4,REF-EB,0.009247364034486893,10
G2,0,5,256,16,A-Max,0.026211357941523617,10
G2,0,5,256,16,A-Mean,0.005930256037925749,10
G2,0,5,256,16,A-Tail-P:0.25,0.005618761406295784,10
G2,0,5,256,16,A-Tail-P:0.5,0.005635345185696352,10
G2,0,5,256,16,A-Tail-U:0.5,0.02221097152246389,10
G2,0,5,256,16,B-Max,0.010446868273708936,10
G2,0,5,256,16,B-Plugin,0.005627130840386092,10
G2,0,5,256,16,B-Tail-P:0.25,0.005622700804159355,10
G2,0,5,256,16,B-Tail-P:0.5,0.005640669821911646,10
G2,0,5,256,16,B-Tail-U:0.5,0.012068269446599621,10
G2,0,5,256,16,C-Budget:0.25,0.009627872707027776,10
G2,0,5,256,16,C-LP-Max:0.01,0.006623811446615474,10
G2,0,5,256,16,C-LP-Tail:0.1,0.007951169063849833,10
G2,0,5,256,16,C-LR:1.0,0.023514288309159123,10
G2,0,5,256,16,C-Soft-Cond:0.1,0.0058653618114457165,10
G2,0,5,256,16,C-Soft:0.1,0.005865011450286675,10
G2,0,5,256,16,H-Conditional-FilterThenK,0.005759448053810714,10
G2,0,5,256,16,REF-EB,0.00810447553297201,10
G2,0,5,256,64,A-Max,0.02967078426644278,10
G2,0,5,256,64,A-Mean,0.0045833094329987755,10
G2,0,5,256,64,A-Tail-P:0.25,0.0043946807913947394,10
G2,0,5,256,64,A-Tail-P:0.5,0.004439629985280289,10
G2,0,5,256,64,A-Tail-U:0.5,0.022401889439341363,10
G2,0,5,256,64,B-Max,0.014626626845712597,10
G2,0,5,256,64,B-Plugin,0.004588128980660333,10
G2,0,5,256,64,B-Tail-P:0.25,0.004399246939537327,10
G2,0,5,256,64,B-Tail-P:0.5,0.004550911239476348,10
G2,0,5,256,64,B-Tail-U:0.5,0.012552832664328273,10
G2,0,5,256,64,C-Budget:0.25,0.008933383045286385,10
G2,0,5,256,64,C-LP-Max:0.01,0.004422898740229066,10
G2,0,5,256,64,C-LP-Tail:0.1,0.010028422538797464,10
G2,0,5,256,64,C-LR:1.0,0.024870220983205838,10
G2,0,5,256,64,C-Soft-Cond:0.1,0.004583945931848946,10
G2,0,5,256,64,C-Soft:0.1,0.004583787391709777,10
G2,0,5,256,64,H-Conditional-FilterThenK,0.004413088740406274,10
G2,0,5,256,64,REF-EB,0.004728260591335768,10
G2,0,6,64,0,A-Max,0.057489335196761006,10
G2,0,6,64,0,A-Mean,0.05855052645929777,10
G2,0,6,64,0,A-Tail-P:0.25,0.049192223546154525,10
G2,0,6,64,0,A-Tail-P:0.5,0.05592125459482988,10
G2,0,6,64,0,A-Tail-U:0.5,0.06886606131122767,10
G2,0,6,64,0,B-Max,0.04626597857442713,10
G2,0,6,64,0,B-Plugin,0.05689874168101977,10
G2,0,6,64,0,B-Tail-P:0.25,0.049202401103248965,10
G2,0,6,64,0,B-Tail-P:0.5,0.05598648847584699,10
G2,0,6,64,0,B-Tail-U:0.5,0.05598648847566229,10
G2,0,6,64,0,C-Budget:0.25,0.04931962091749721,10
G2,0,6,64,0,C-LP-Max:0.01,0.04701609310929592,10
G2,0,6,64,0,C-LP-Tail:0.1,0.05204478011729472,10
G2,0,6,64,0,C-LR:1.0,0.062068421183477794,10
G2,0,6,64,0,C-Soft-Cond:0.1,0.05313189494674345,10
G2,0,6,64,0,C-Soft:0.1,0.05311846703079463,10
G2,0,6,64,0,H-Conditional-FilterThenK,0.05598669376871952,10
G2,0,6,64,0,REF-EB,0.013844680814320142,10
G2,0,6,64,4,A-Max,0.05384752028055756,10
G2,0,6,64,4,A-Mean,0.016373946090472026,10
G2,0,6,64,4,A-Tail-P:0.25,0.01442965919974509,10
G2,0,6,64,4,A-Tail-P:0.5,0.014625552425412493,10
G2,0,6,64,4,A-Tail-U:0.5,0.08164277049824555,10
G2,0,6,64,4,B-Max,0.0322465887040901,10
G2,0,6,64,4,B-Plugin,0.014680907410522252,10
G2,0,6,64,4,B-Tail-P:0.25,0.014502875312036529,10
G2,0,6,64,4,B-Tail-P:0.5,0.014592310323263991,10
G2,0,6,64,4,B-Tail-U:0.5,0.07056343557636428,10
G2,0,6,64,4,C-Budget:0.25,0.06026695785212501,10
G2,0,6,64,4,C-LP-Max:0.01,0.016444253926882223,10
G2,0,6,64,4,C-LP-Tail:0.1,0.061141146329249975,10
G2,0,6,64,4,C-LR:1.0,0.06195810785523241,10
G2,0,6,64,4,C-Soft-Cond:0.1,0.015343497848155266,10
G2,0,6,64,4,C-Soft:0.1,0.015343462975277606,10
G2,0,6,64,4,H-Conditional-FilterThenK,0.012902579988587034,10
G2,0,6,64,4,REF-EB,0.017023587426109633,10
G2,0,6,64,16,A-Max,0.05890048990031589,10
G2,0,6,64,16,A-Mean,0.010948231985035915,10
G2,0,6,64,16,A-Tail-P:0.25,0.01161953932026354,10
G2,0,6,64,16,A-Tail-P:0.5,0.010826185915247054,10
G2,0,6,64,16,A-Tail-U:0.5,0.08970327366069511,10
G2,0,6,64,16,B-Max,0.037302257039066096,10
G2,0,6,64,16,B-Plugin,0.010764965420454943,10
G2,0,6,64,16,B-Tail-P:0.25,0.011579219898133111,10
G2,0,6,64,16,B-Tail-P:0.5,0.010862940691614777,10
G2,0,6,64,16,B-Tail-U:0.5,0.08237465871620907,10
G2,0,6,64,16,C-Budget:0.25,0.06175231324721825,10
G2,0,6,64,16,C-LP-Max:0.01,0.009630131471169577,10
G2,0,6,64,16,C-LP-Tail:0.1,0.06653831368265697,10
G2,0,6,64,16,C-LR:1.0,0.06759415609982738,10
G2,0,6,64,16,C-Soft-Cond:0.1,0.01081112727389073,10
G2,0,6,64,16,C-Soft:0.1,0.010810159947592329,10
G2,0,6,64,16,H-Conditional-FilterThenK,0.010379323811075617,10
G2,0,6,64,16,REF-EB,0.014012405387997879,10
G2,0,6,64,64,A-Max,0.0634158958740734,10
G2,0,6,64,64,A-Mean,0.0021276753721116903,10
G2,0,6,64,64,A-Tail-P:0.25,0.002219466201038187,10
G2,0,6,64,64,A-Tail-P:0.5,0.0022749259771771414,10
G2,0,6,64,64,A-Tail-U:0.5,0.10221032708873254,10
G2,0,6,64,64,B-Max,0.04054571413959294,10
G2,0,6,64,64,B-Plugin,0.0023309238920132414,10
G2,0,6,64,64,B-Tail-P:0.25,0.002236845412786779,10
G2,0,6,64,64,B-Tail-P:0.5,0.00220994351082347,10
G2,0,6,64,64,B-Tail-U:0.5,0.09557523235691098,10
G2,0,6,64,64,C-Budget:0.25,0.06471968563066713,10
G2,0,6,64,64,C-LP-Max:0.01,0.0025199712241868975,10
G2,0,6,64,64,C-LP-Tail:0.1,0.06779856537214198,10
G2,0,6,64,64,C-LR:1.0,0.0738035766990129,10
G2,0,6,64,64,C-Soft-Cond:0.1,0.002122467699653357,10
G2,0,6,64,64,C-Soft:0.1,0.0021221867436467057,10
G2,0,6,64,64,H-Conditional-FilterThenK,0.0018403920990942423,10
G2,0,6,64,64,REF-EB,0.0032002198249592773,10
G2,0,6,256,0,A-Max,0.0581230241387103,10
G2,0,6,256,0,A-Mean,0.056890787907343275,10
G2,0,6,256,0,A-Tail-P:0.25,0.04788034896820818,10
G2,0,6,256,0,A-Tail-P:0.5,0.054505094244455835,10
G2,0,6,256,0,A-Tail-U:0.5,0.06871062222454474,10
G2,0,6,256,0,B-Max,0.044332595106423414,10
G2,0,6,256,0,B-Plugin,0.055100003435816246,10
G2,0,6,256,0,B-Tail-P:0.25,0.047880311724210936,10
G2,0,6,256,0,B-Tail-P:0.5,0.054491257231736846,10
G2,0,6,256,0,B-Tail-U:0.5,0.054491256970476264,10
G2,0,6,256,0,C-Budget:0.25,0.049542849336439154,10
G2,0,6,256,0,C-LP-Max:0.01,0.044176521543028424,10
G2,0,6,256,0,C-LP-Tail:0.1,0.0520574866197692,10
G2,0,6,256,0,C-LR:1.0,0.06205218694258034,10
G2,0,6,256,0,C-Soft-Cond:0.1,0.05148088492187077,10
G2,0,6,256,0,C-Soft:0.1,0.05147880234066987,10
G2,0,6,256,0,H-Conditional-FilterThenK,0.05449125696996141,10
G2,0,6,256,0,REF-EB,0.01779189840920336,10
G2,0,6,256,4,A-Max,0.054953927352100404,10
G2,0,6,256,4,A-Mean,0.026008933295651505,10
G2,0,6,256,4,A-Tail-P:0.25,0.029071523393336386,10
G2,0,6,256,4,A-Tail-P:0.5,0.026474023739881412,10
G2,0,6,256,4,A-Tail-U:0.5,0.08273706153709862,10
G2,0,6,256,4,B-Max,0.03447380271422055,10
G2,0,6,256,4,B-Plugin,0.02636941331937605,10
G2,0,6,256,4,B-Tail-P:0.25,0.028968552293500306,10
G2,0,6,256,4,B-Tail-P:0.5,0.026520785246724392,10
G2,0,6,256,4,B-Tail-U:0.5,0.07474496788586346,10
G2,0,6,256,4,C-Budget:0.25,0.06499531009901707,10
G2,0,6,256,4,C-LP-Max:0.01,0.026859356425119184,10
G2,0,6,256,4,C-LP-Tail:0.1,0.06340341006341901,10
G2,0,6,256,4,C-LR:1.0,0.06229106940913816,10
G2,0,6,256,4,C-Soft-Cond:0.1,0.027747739415948408,10
G2,0,6,256,4,C-Soft:0.1,0.02774682635008288,10
G2,0,6,256,4,H-Conditional-FilterThenK,0.020703460641249782,10
G2,0,6,256,4,REF-EB,0.01802253766342298,10
G2,0,6,256,16,A-Max,0.05538055152618358,10
G2,0,6,256,16,A-Mean,0.009437660534841085,10
G2,0,6,256,16,A-Tail-P:0.25,0.009294785475819422,10
G2,0,6,256,16,A-Tail-P:0.5,0.00924971495510287,10
G2,0,6,256,16,A-Tail-U:0.5,0.09258058354872219,10
G2,0,6,256,16,B-Max,0.03339121956430237,10
G2,0,6,256,16,B-Plugin,0.00925998467437098,10
G2,0,6,256,16,B-Tail-P:0.25,0.00927530336832584,10
G2,0,6,256,16,B-Tail-P:0.5,0.009201100083837347,10
G2,0,6,256,16,B-Tail-U:0.5,0.08624462101737142,10
G2,0,6,256,16,C-Budget:0.25,0.07128552056104395,10
G2,0,6,256,16,C-LP-Max:0.01,0.007756731573369241,10
G2,0,6,256,16,C-LP-Tail:0.1,0.0712383546820346,10
G2,0,6,256,16,C-LR:1.0,0.06480375931673316,10
G2,0,6,256,16,C-Soft-Cond:0.1,0.009083871345661696,10
G2,0,6,256,16,C-Soft:0.1,0.009083802013787598,10
G2,0,6,256,16,H-Conditional-FilterThenK,0.009181892259979592,10
G2,0,6,256,16,REF-EB,0.012933789801862819,10
G2,0,6,256,64,A-Max,0.06515790665997719,10
G2,0,6,256,64,A-Mean,0.0017816574623667543,10
G2,0,6,256,64,A-Tail-P:0.25,0.0018412494625734796,10
G2,0,6,256,64,A-Tail-P:0.5,0.0018694235931835655,10
G2,0,6,256,64,A-Tail-U:0.5,0.10688536072037683,10
G2,0,6,256,64,B-Max,0.04093897879159979,10
G2,0,6,256,64,B-Plugin,0.0018151236357434135,10
G2,0,6,256,64,B-Tail-P:0.25,0.0018570077025604251,10
G2,0,6,256,64,B-Tail-P:0.5,0.001854544243591958,10
G2,0,6,256,64,B-Tail-U:0.5,0.09719033676390917,10
G2,0,6,256,64,C-Budget:0.25,0.07830657908603013,10
G2,0,6,256,64,C-LP-Max:0.01,0.0021305164724389593,10
G2,0,6,256,64,C-LP-Tail:0.1,0.08348961024906168,10
G2,0,6,256,64,C-LR:1.0,0.07485485542205668,10
G2,0,6,256,64,C-Soft-Cond:0.1,0.0017754049154608468,10
G2,0,6,256,64,C-Soft:0.1,0.0017754038028367704,10
G2,0,6,256,64,H-Conditional-FilterThenK,0.0015114499118891419,10
G2,0,6,256,64,REF-EB,0.0027397383042044817,10
G2,0,7,64,0,A-Max,0.019623288213264513,10
G2,0,7,64,0,A-Mean,0.0030799392873934973,10
G2,0,7,64,0,A-Tail-P:0.25,0.0015904389615860048,10
G2,0,7,64,0,A-Tail-P:0.5,0.002192504000456103,10
G2,0,7,64,0,A-Tail-U:0.5,0.025815914277533637,10
G2,0,7,64,0,B-Max,0.0020861562115385046,10
G2,0,7,64,0,B-Plugin,0.0023229722363441434,10
G2,0,7,64,0,B-Tail-P:0.25,0.0016159111123011413,10
G2,0,7,64,0,B-Tail-P:0.5,0.0021941833403120842,10
G2,0,7,64,0,B-Tail-U:0.5,0.00219418334030332,10
G2,0,7,64,0,C-Budget:0.25,0.007033859780227936,10
G2,0,7,64,0,C-LP-Max:0.01,0.002301118816338457,10
G2,0,7,64,0,C-LP-Tail:0.1,0.004031527954042111,10
G2,0,7,64,0,C-LR:1.0,0.02141846691601084,10
G2,0,7,64,0,C-Soft-Cond:0.1,0.002565561477935781,10
G2,0,7,64,0,C-Soft:0.1,0.002566161648365893,10
G2,0,7,64,0,H-Conditional-FilterThenK,0.00219418335174943,10
G2,0,7,64,0,REF-EB,0.010199084302450836,10
G2,0,7,64,4,A-Max,0.023135870957363296,10
G2,0,7,64,4,A-Mean,0.010136893716458682,10
G2,0,7,64,4,A-Tail-P:0.25,0.010892164666686051,10
G2,0,7,64,4,A-Tail-P:0.5,0.010600885702211685,10
G2,0,7,64,4,A-Tail-U:0.5,0.026994206796271226,10
G2,0,7,64,4,B-Max,0.002575340438597774,10
G2,0,7,64,4,B-Plugin,0.011036117183815858,10
G2,0,7,64,4,B-Tail-P:0.25,0.011088720145461636,10
G2,0,7,64,4,B-Tail-P:0.5,0.010867787373466402,10
G2,0,7,64,4,B-Tail-U:0.5,0.00367041410863178,10
G2,0,7,64,4,C-Budget:0.25,0.007694152107218926,10
G2,0,7,64,4,C-LP-Max:0.01,0.010659239005160592,10
G2,0,7,64,4,C-LP-Tail:0.1,0.005014044357254907,10
G2,0,7,64,4,C-LR:1.0,0.024392292360924932,10
G2,0,7,64,4,C-Soft-Cond:0.1,0.009701653124635699,10
G2,0,7,64,4,C-Soft:0.1,0.009702172713422573,10
G2,0,7,64,4,H-Conditional-FilterThenK,0.010674944586428144,10
G2,0,7,64,4,REF-EB,0.0195967160277739,10
G2,0,7,64,16,A-Max,0.025040422664201666,10
G2,0,7,64,16,A-Mean,0.02805745834875984,10
G2,0,7,64,16,A-Tail-P:0.25,0.023033775345133643,10
G2,0,7,64,16,A-Tail-P:0.5,0.026212851853814195,10
G2,0,7,64,16,A-Tail-U:0.5,0.026953904198699714,10
G2,0,7,64,16,B-Max,0.004781426836236333,10
G2,0,7,64,16,B-Plugin,0.02588245820857891,10
G2,0,7,64,16,B-Tail-P:0.25,0.02313416762873886,10
G2,0,7,64,16,B-Tail-P:0.5,0.026138506688596703,10
G2,0,7,64,16,B-Tail-U:0.5,0.005303096674991334,10
G2,0,7,64,16,C-Budget:0.25,0.007033556152078862,10
G2,0,7,64,16,C-LP-Max:0.01,0.015283526431054923,10
G2,0,7,64,16,C-LP-Tail:0.1,0.006563514081430387,10
G2,0,7,64,16,C-LR:1.0,0.02610600147135856,10
G2,0,7,64,16,C-Soft-Cond:0.1,0.025290581688066232,10
G2,0,7,64,16,C-Soft:0.1,0.025289284067221383,10
G2,0,7,64,16,H-Conditional-FilterThenK,0.03130256829170155,10
G2,0,7,64,16,REF-EB,0.02475908920438924,10
G2,0,7,64,64,A-Max,0.02977158046688507,10
G2,0,7,64,64,A-Mean,0.004353481869735965,10
G2,0,7,64,64,A-Tail-P:0.25,0.004095773790609529,10
G2,0,7,64,64,A-Tail-P:0.5,0.004236210844989479,10
G2,0,7,64,64,A-Tail-U:0.5,0.027674758250943815,10
G2,0,7,64,64,B-Max,0.006064942126565635,10
G2,0,7,64,64,B-Plugin,0.004301749644940957,10
G2,0,7,64,64,B-Tail-P:0.25,0.004122443732066048,10
G2,0,7,64,64,B-Tail-P:0.5,0.004344155341014069,10
G2,0,7,64,64,B-Tail-U:0.5,0.005778769349559584,10
G2,0,7,64,64,C-Budget:0.25,0.00609319652216425,10
G2,0,7,64,64,C-LP-Max:0.01,0.005277303467251352,10
G2,0,7,64,64,C-LP-Tail:0.1,0.011441168008301437,10
G2,0,7,64,64,C-LR:1.0,0.0289341896747227,10
G2,0,7,64,64,C-Soft-Cond:0.1,0.004349059336230389,10
G2,0,7,64,64,C-Soft:0.1,0.004346145894289065,10
G2,0,7,64,64,H-Conditional-FilterThenK,0.0043100789994656085,10
G2,0,7,64,64,REF-EB,0.0037753662407439418,10
G2,0,7,256,0,A-Max,0.01997179637761898,10
G2,0,7,256,0,A-Mean,0.0024142123813935333,10
G2,0,7,256,0,A-Tail-P:0.25,0.0009069998254084289,10
G2,0,7,256,0,A-Tail-P:0.5,0.0015618148792658445,10
G2,0,7,256,0,A-Tail-U:0.5,0.02546219280050564,10
G2,0,7,256,0,B-Max,0.001463226524500473,10
G2,0,7,256,0,B-Plugin,0.0015845719162175947,10
G2,0,7,256,0,B-Tail-P:0.25,0.00090699690900044,10
G2,0,7,256,0,B-Tail-P:0.5,0.0015606389109683965,10
G2,0,7,256,0,B-Tail-U:0.5,0.0015606389109683965,10
G2,0,7,256,0,C-Budget:0.25,0.006286995777641358,10
G2,0,7,256,0,C-LP-Max:0.01,0.001452327098440516,10
G2,0,7,256,0,C-LP-Tail:0.1,0.003730731002728632,10
G2,0,7,256,0,C-LR:1.0,0.021651618346351518,10
G2,0,7,256,0,C-Soft-Cond:0.1,0.0018960613027537618,10
G2,0,7,256,0,C-Soft:0.1,0.0018961853580508367,10
G2,0,7,256,0,H-Conditional-FilterThenK,0.001560638885795736,10
G2,0,7,256,0,REF-EB,0.005815081416476483,10
G2,0,7,256,4,A-Max,0.02463138295561245,10
G2,0,7,256,4,A-Mean,0.01567559709097085,10
G2,0,7,256,4,A-Tail-P:0.25,0.012706318285044326,10
G2,0,7,256,4,A-Tail-P:0.5,0.012277347913492097,10
G2,0,7,256,4,A-Tail-U:0.5,0.027158690918269873,10
G2,0,7,256,4,B-Max,0.0036680385331799995,10
G2,0,7,256,4,B-Plugin,0.012038049235652886,10
G2,0,7,256,4,B-Tail-P:0.25,0.01278032377114779,10
G2,0,7,256,4,B-Tail-P:0.5,0.0123204886479626,10
G2,0,7,256,4,B-Tail-U:0.5,0.004638048035648118,10
G2,0,7,256,4,C-Budget:0.25,0.008310684336058949,10
G2,0,7,256,4,C-LP-Max:0.01,0.009314924780958958,10
G2,0,7,256,4,C-LP-Tail:0.1,0.004988573144361342,10
G2,0,7,256,4,C-LR:1.0,0.024738658448923853,10
G2,0,7,256,4,C-Soft-Cond:0.1,0.012436700671570699,10
G2,0,7,256,4,C-Soft:0.1,0.012436167194839486,10
G2,0,7,256,4,H-Conditional-FilterThenK,0.0162933256584952,10
G2,0,7,256,4,REF-EB,0.014584880620106341,10
G2,0,7,256,16,A-Max,0.026621541567674732,10
G2,0,7,256,16,A-Mean,0.007143878046285164,10
G2,0,7,256,16,A-Tail-P:0.25,0.005586369271002457,10
G2,0,7,256,16,A-Tail-P:0.5,0.006551515924581664,10
G2,0,7,256,16,A-Tail-U:0.5,0.027207885524385588,10
G2,0,7,256,16,B-Max,0.0041767491609436234,10
G2,0,7,256,16,B-Plugin,0.006609962083380898,10
G2,0,7,256,16,B-Tail-P:0.25,0.005566891494168436,10
G2,0,7,256,16,B-Tail-P:0.5,0.0065186818871959,10
G2,0,7,256,16,B-Tail-U:0.5,0.004696969135604777,10
G2,0,7,256,16,C-Budget:0.25,0.008269764396540001,10
G2,0,7,256,16,C-LP-Max:0.01,0.007286034408871156,10
G2,0,7,256,16,C-LP-Tail:0.1,0.005193082917839548,10
G2,0,7,256,16,C-LR:1.0,0.02658763812200341,10
G2,0,7,256,16,C-Soft-Cond:0.1,0.006899290315371849,10
G2,0,7,256,16,C-Soft:0.1,0.006899304725989025,10
G2,0,7,256,16,H-Conditional-FilterThenK,0.00709853377603366,10
G2,0,7,256,16,REF-EB,0.005238068508225469,10
G2,0,7,256,64,A-Max,0.03040535172391723,10
G2,0,7,256,64,A-Mean,0.0028253103256863595,10
G2,0,7,256,64,A-Tail-P:0.25,0.002580235264634256,10
G2,0,7,256,64,A-Tail-P:0.5,0.002846136894662518,10
G2,0,7,256,64,A-Tail-U:0.5,0.027406013292820636,10
G2,0,7,256,64,B-Max,0.005690078388865516,10
G2,0,7,256,64,B-Plugin,0.0027439838508429683,10
G2,0,7,256,64,B-Tail-P:0.25,0.0025741645979528577,10
G2,0,7,256,64,B-Tail-P:0.5,0.0027769879536184536,10
G2,0,7,256,64,B-Tail-U:0.5,0.0054787682067369125,10
G2,0,7,256,64,C-Budget:0.25,0.0067649024500674075,10
G2,0,7,256,64,C-LP-Max:0.01,0.0027773449521793416,10
G2,0,7,256,64,C-LP-Tail:0.1,0.006088917093888253,10
G2,0,7,256,64,C-LR:1.0,0.029411168648423736,10
G2,0,7,256,64,C-Soft-Cond:0.1,0.002822814468552517,10
G2,0,7,256,64,C-Soft:0.1,0.0028228742024584445,10
G2,0,7,256,64,H-Conditional-FilterThenK,0.0030783618740752162,10
G2,0,7,256,64,REF-EB,0.0030925513923891813,10
G2,1,0,64,0,A-Max,0.002641419283079885,10
G2,1,0,64,0,A-Mean,0.0006123178506003381,10
G2,1,0,64,0,A-Tail-P:0.25,0.0014091958249658428,10
G2,1,0,64,0,A-Tail-P:0.5,0.0006383139749166223,10
G2,1,0,64,0,A-Tail-U:0.5,0.00028749464090960995,10
G2,1,0,64,0,B-Max,0.003567415902282887,10
G2,1,0,64,0,B-Plugin,0.00079781804160022,10
G2,1,0,64,0,B-Tail-P:0.25,0.0014177769335574463,10
G2,1,0,64,0,B-Tail-P:0.5,0.0006444999559527041,10
G2,1,0,64,0,B-Tail-U:0.5,0.0006444999559527041,10
G2,1,0,64,0,C-Budget:0.25,0.0006402560016572307,10
G2,1,0,64,0,C-LP-Max:0.01,0.003794220594143514,10
G2,1,0,64,0,C-LP-Tail:0.1,0.0016807784646840182,10
G2,1,0,64,0,C-LR:1.0,0.0014490940234504757,10
G2,1,0,64,0,C-Soft-Cond:0.1,0.0007565076204221043,10
G2,1,0,64,0,C-Soft:0.1,0.0007558154470116248,10
G2,1,0,64,0,H-Conditional-FilterThenK,0.0006444999572388303,10
G2,1,0,64,0,REF-EB,0.001050917074952619,10
G2,1,0,64,4,A-Max,0.008655812645559407,10
G2,1,0,64,4,A-Mean,0.019753140289006474,10
G2,1,0,64,4,A-Tail-P:0.25,0.018443098128707102,10
G2,1,0,64,4,A-Tail-P:0.5,0.019923952231541496,10
G2,1,0,64,4,A-Tail-U:0.5,0.001889003557223961,10
G2,1,0,64,4,B-Max,0.01040791475081145,10
G2,1,0,64,4,B-Plugin,0.020473039967347145,10
G2,1,0,64,4,B-Tail-P:0.25,0.018202702785445675,10
G2,1,0,64,4,B-Tail-P:0.5,0.019950551788726636,10
G2,1,0,64,4,B-Tail-U:0.5,0.0022809206477481677,10
G2,1,0,64,4,C-Budget:0.25,0.0016219193339436257,10
G2,1,0,64,4,C-LP-Max:0.01,0.012761018841000938,10
G2,1,0,64,4,C-LP-Tail:0.1,0.0016068780691524196,10
G2,1,0,64,4,C-LR:1.0,0.006610419913415599,10
G2,1,0,64,4,C-Soft-Cond:0.1,0.015768595528779423,10
G2,1,0,64,4,C-Soft:0.1,0.015782108049121706,10
G2,1,0,64,4,H-Conditional-FilterThenK,0.022574782786883473,10
G2,1,0,64,4,REF-EB,0.006065157941533725,10
G2,1,0,64,16,A-Max,0.007036392343385096,10
G2,1,0,64,16,A-Mean,0.008943305542288064,10
G2,1,0,64,16,A-Tail-P:0.25,0.009565418242554321,10
G2,1,0,64,16,A-Tail-P:0.5,0.009247711074531519,10
G2,1,0,64,16,A-Tail-U:0.5,0.0050014573900695105,10
G2,1,0,64,16,B-Max,0.009473622660515848,10
G2,1,0,64,16,B-Plugin,0.009339183052972714,10
G2,1,0,64,16,B-Tail-P:0.25,0.009428883349738612,10
G2,1,0,64,16,B-Tail-P:0.5,0.009199569954467733,10
G2,1,0,64,16,B-Tail-U:0.5,0.0052603113953606844,10
G2,1,0,64,16,C-Budget:0.25,0.001810485473070966,10
G2,1,0,64,16,C-LP-Max:0.01,0.012474264797369735,10
G2,1,0,64,16,C-LP-Tail:0.1,0.00264225318171036,10
G2,1,0,64,16,C-LR:1.0,0.0058140158797486425,10
G2,1,0,64,16,C-Soft-Cond:0.1,0.008819386670410347,10
G2,1,0,64,16,C-Soft:0.1,0.00882035662477567,10
G2,1,0,64,16,H-Conditional-FilterThenK,0.009999553441117828,10
G2,1,0,64,16,REF-EB,0.006158929921177239,10
G2,1,0,64,64,A-Max,0.011057888827338418,10
G2,1,0,64,64,A-Mean,0.0017045924464809726,10
G2,1,0,64,64,A-Tail-P:0.25,0.0017663617174007308,10
G2,1,0,64,64,A-Tail-P:0.5,0.0017201233001718562,10
G2,1,0,64,64,A-Tail-U:0.5,0.006651778639465616,10
G2,1,0,64,64,B-Max,0.016704878562652358,10
G2,1,0,64,64,B-Plugin,0.0017256787262499185,10
G2,1,0,64,64,B-Tail-P:0.25,0.0018489567925834456,10
G2,1,0,64,64,B-Tail-P:0.5,0.0016817290513430117,10
G2,1,0,64,64,B-Tail-U:0.5,0.009572503150154083,10
G2,1,0,64,64,C-Budget:0.25,0.0023148603144156404,10
G2,1,0,64,64,C-LP-Max:0.01,0.0019462574078570384,10
G2,1,0,64,64,C-LP-Tail:0.1,0.002880279484534218,10
G2,1,0,64,64,C-LR:1.0,0.009878503820480283,10
G2,1,0,64,64,C-Soft-Cond:0.1,0.0017008044405043513,10
G2,1,0,64,64,C-Soft:0.1,0.0017009138350085652,10
G2,1,0,64,64,H-Conditional-FilterThenK,0.0017502912470190723,10
G2,1,0,64,64,REF-EB,0.0014701142941066709,10
G2,1,0,256,0,A-Max,0.0026414333211416214,10
G2,1,0,256,0,A-Mean,0.00016690513385566965,10
G2,1,0,256,0,A-Tail-P:0.25,0.0009340083582848608,10
G2,1,0,256,0,A-Tail-P:0.5,0.00024021211494331825,10
G2,1,0,256,0,A-Tail-U:0.5,0.0002832173550510528,10
G2,1,0,256,0,B-Max,0.003187732185850098,10
G2,1,0,256,0,B-Plugin,0.00028876939602749387,10
G2,1,0,256,0,B-Tail-P:0.25,0.0009340420264343967,10
G2,1,0,256,0,B-Tail-P:0.5,0.00024018950133964135,10
G2,1,0,256,0,B-Tail-U:0.5,0.00024018950133964135,10
G2,1,0,256,0,C-Budget:0.25,0.0003107460019273519,10
G2,1,0,256,0,C-LP-Max:0.01,0.0032532734603437385,10
G2,1,0,256,0,C-LP-Tail:0.1,0.0006636792563601021,10
G2,1,0,256,0,C-LR:1.0,0.0014587950241410667,10
G2,1,0,256,0,C-Soft-Cond:0.1,0.0003366877899884061,10
G2,1,0,256,0,C-Soft:0.1,0.00033666214781326694,10
G2,1,0,256,0,H-Conditional-FilterThenK,0.00024018950351216542,10
G2,1,0,256,0,REF-EB,0.00035335161642075847,10
G2,1,0,256,4,A-Max,0.008892718446614104,10
G2,1,0,256,4,A-Mean,0.016035840003798707,10
G2,1,0,256,4,A-Tail-P:0.25,0.012555973966226175,10
G2,1,0,256,4,A-Tail-P:0.5,0.014880832394987987,10
G2,1,0,256,4,A-Tail-U:0.5,0.0019535719027082847,10
G2,1,0,256,4,B-Max,0.010440205922807857,10
G2,1,0,256,4,B-Plugin,0.014726414610399061,10
G2,1,0,256,4,B-Tail-P:0.25,0.012621809820324851,10
G2,1,0,256,4,B-Tail-P:0.5,0.014825760140957761,10
G2,1,0,256,4,B-Tail-U:0.5,0.0019802247835921374,10
G2,1,0,256,4,C-Budget:0.25,0.0012634644065218131,10
G2,1,0,256,4,C-LP-Max:0.01,0.014819892601563425,10
G2,1,0,256,4,C-LP-Tail:0.1,0.0013019617995065442,10
G2,1,0,256,4,C-LR:1.0,0.006719552087315018,10
G2,1,0,256,4,C-Soft-Cond:0.1,0.012909961897375751,10
G2,1,0,256,4,C-Soft:0.1,0.012909561042667588,10
G2,1,0,256,4,H-Conditional-FilterThenK,0.019851788965938106,10
G2,1,0,256,4,REF-EB,0.0044476761678296,10
G2,1,0,256,16,A-Max,0.0067433001765174975,10
G2,1,0,256,16,A-Mean,0.015433235034203569,10
G2,1,0,256,16,A-Tail-P:0.25,0.01705368033124177,10
G2,1,0,256,16,A-Tail-P:0.5,0.014458428967753354,10
G2,1,0,256,16,A-Tail-U:0.5,0.0022716415566570794,10
G2,1,0,256,16,B-Max,0.008921656405047523,10
G2,1,0,256,16,B-Plugin,0.0144944993791884,10
G2,1,0,256,16,B-Tail-P:0.25,0.017005163988326726,10
G2,1,0,256,16,B-Tail-P:0.5,0.014477968142014224,10
G2,1,0,256,16,B-Tail-U:0.5,0.002045471179520002,10
G2,1,0,256,16,C-Budget:0.25,0.0010785915156830113,10
G2,1,0,256,16,C-LP-Max:0.01,0.016071779960385658,10
G2,1,0,256,16,C-LP-Tail:0.1,0.0013850347665655771,10
G2,1,0,256,16,C-LR:1.0,0.005302931515941819,10
G2,1,0,256,16,C-Soft-Cond:0.1,0.015168051775784733,10
G2,1,0,256,16,C-Soft:0.1,0.015167889063706507,10
G2,1,0,256,16,H-Conditional-FilterThenK,0.019439809749150883,10
G2,1,0,256,16,REF-EB,0.009364103483901699,10
G2,1,0,256,64,A-Max,0.010433912054765866,10
G2,1,0,256,64,A-Mean,0.002338837759644128,10
G2,1,0,256,64,A-Tail-P:0.25,0.0025764905485026975,10
G2,1,0,256,64,A-Tail-P:0.5,0.002418874048275615,10
G2,1,0,256,64,A-Tail-U:0.5,0.006122590674304675,10
G2,1,0,256,64,B-Max,0.015329357238927605,10
G2,1,0,256,64,B-Plugin,0.0024670174086854407,10
G2,1,0,256,64,B-Tail-P:0.25,0.0026716837237748675,10
G2,1,0,256,64,B-Tail-P:0.5,0.002423292791171347,10
G2,1,0,256,64,B-Tail-U:0.5,0.007501003860510595,10
G2,1,0,256,64,C-Budget:0.25,0.002041362754737249,10
G2,1,0,256,64,C-LP-Max:0.01,0.002536650930070229,10
G2,1,0,256,64,C-LP-Tail:0.1,0.000768236056327656,10
G2,1,0,256,64,C-LR:1.0,0.0092586217028342,10
G2,1,0,256,64,C-Soft-Cond:0.1,0.002338824490125493,10
G2,1,0,256,64,C-Soft:0.1,0.0023386670250954917,10
G2,1,0,256,64,H-Conditional-FilterThenK,0.0025467788495081058,10
G2,1,0,256,64,REF-EB,0.002121706184726283,10
G2,1,1,64,0,A-Max,0.1040834160754747,10
G2,1,1,64,0,A-Mean,0.09394908681052236,10
G2,1,1,64,0,A-Tail-P:0.25,0.09201960622455,10
G2,1,1,64,0,A-Tail-P:0.5,0.0964606236465073,10
G2,1,1,64,0,A-Tail-U:0.5,0.09693160246847884,10
G2,1,1,64,0,B-Max,0.11784560024410631,10
G2,1,1,64,0,B-Plugin,0.09752022003529516,10
G2,1,1,64,0,B-Tail-P:0.25,0.09195998788910253,10
G2,1,1,64,0,B-Tail-P:0.5,0.09658548444157483,10
G2,1,1,64,0,B-Tail-U:0.5,0.09658548444157483,10
G2,1,1,64,0,C-Budget:0.25,0.09689795503625945,10
G2,1,1,64,0,C-LP-Max:0.01,0.11822207442550119,10
G2,1,1,64,0,C-LP-Tail:0.1,0.09594345709261298,10
G2,1,1,64,0,C-LR:1.0,0.10199828924293664,10
G2,1,1,64,0,C-Soft-Cond:0.1,0.099537641396069,10
G2,1,1,64,0,C-Soft:0.1,0.09954370386307397,10
G2,1,1,64,0,H-Conditional-FilterThenK,0.09658548445485912,10
G2,1,1,64,0,REF-EB,0.08633091064356671,10
G2,1,1,64,4,A-Max,0.0929850134275357,10
G2,1,1,64,4,A-Mean,0.04138239521069865,10
G2,1,1,64,4,A-Tail-P:0.25,0.04271233708459014,10
G2,1,1,64,4,A-Tail-P:0.5,0.039167381829938806,10
G2,1,1,64,4,A-Tail-U:0.5,0.11388833959821883,10
G2,1,1,64,4,B-Max,0.10370905657684895,10
G2,1,1,64,4,B-Plugin,0.038655576609510876,10
G2,1,1,64,4,B-Tail-P:0.25,0.04255885100223623,10
G2,1,1,64,4,B-Tail-P:0.5,0.039384373631772676,10
G2,1,1,64,4,B-Tail-U:0.5,0.11587088716057012,10
G2,1,1,64,4,C-Budget:0.25,0.10311168105694841,10
G2,1,1,64,4,C-LP-Max:0.01,0.061585611663438976,10
G2,1,1,64,4,C-LP-Tail:0.1,0.08247230146754467,10
G2,1,1,64,4,C-LR:1.0,0.094382826592652,10
G2,1,1,64,4,C-Soft-Cond:0.1,0.043357338643436015,10
G2,1,1,64,4,C-Soft:0.1,0.04334596940679854,10
G2,1,1,64,4,H-Conditional-FilterThenK,0.03710732529507577,10
G2,1,1,64,4,REF-EB,0.05155960680262835,10
G2,1,1,64,16,A-Max,0.09041906609019494,10
G2,1,1,64,16,A-Mean,0.002096403234295643,10
G2,1,1,64,16,A-Tail-P:0.25,0.0023850598236776076,10
G2,1,1,64,16,A-Tail-P:0.5,0.0021491705008271234,10
G2,1,1,64,16,A-Tail-U:0.5,0.12421880518412239,10
G2,1,1,64,16,B-Max,0.09661996580397157,10
G2,1,1,64,16,B-Plugin,0.0021441809031590825,10
G2,1,1,64,16,B-Tail-P:0.25,0.0024296336907585524,10
G2,1,1,64,16,B-Tail-P:0.5,0.0021244593316924647,10
G2,1,1,64,16,B-Tail-U:0.5,0.12784283325868787,10
G2,1,1,64,16,C-Budget:0.25,0.08838639852662575,10
G2,1,1,64,16,C-LP-Max:0.01,0.0032047252002012465,10
G2,1,1,64,16,C-LP-Tail:0.1,0.06840810683616719,10
G2,1,1,64,16,C-LR:1.0,0.09280190143514086,10
G2,1,1,64,16,C-Soft-Cond:0.1,0.0022089790029261426,10
G2,1,1,64,16,C-Soft:0.1,0.0022093820365515168,10
G2,1,1,64,16,H-Conditional-FilterThenK,0.0016015773995161678,10
G2,1,1,64,16,REF-EB,0.0022077565061266223,10
G2,1,1,64,64,A-Max,0.09006831423938216,10
G2,1,1,64,64,A-Mean,0.0011446624082214066,10
G2,1,1,64,64,A-Tail-P:0.25,0.0012166567178448797,10
G2,1,1,64,64,A-Tail-P:0.5,0.001154267475193645,10
G2,1,1,64,64,A-Tail-U:0.5,0.1296256255988514,10
G2,1,1,64,64,B-Max,0.09449015553555455,10
G2,1,1,64,64,B-Plugin,0.0013880696509461581,10
G2,1,1,64,64,B-Tail-P:0.25,0.0012529280029713772,10
G2,1,1,64,64,B-Tail-P:0.5,0.0011687671196315929,10
G2,1,1,64,64,B-Tail-U:0.5,0.1324078317469677,10
G2,1,1,64,64,C-Budget:0.25,0.07482992678929595,10
G2,1,1,64,64,C-LP-Max:0.01,0.0011946289908114215,10
G2,1,1,64,64,C-LP-Tail:0.1,0.06975502121952269,10
G2,1,1,64,64,C-LR:1.0,0.09279993525973054,10
G2,1,1,64,64,C-Soft-Cond:0.1,0.001145224116289828,10
G2,1,1,64,64,C-Soft:0.1,0.0011457726806829948,10
G2,1,1,64,64,H-Conditional-FilterThenK,0.0011802175625368614,10
G2,1,1,64,64,REF-EB,0.0011900742230273231,10
G2,1,1,256,0,A-Max,0.10408338982022947,10
G2,1,1,256,0,A-Mean,0.09251595107179934,10
G2,1,1,256,0,A-Tail-P:0.25,0.0880038466080762,10
G2,1,1,256,0,A-Tail-P:0.5,0.09612387698504585,10
G2,1,1,256,0,A-Tail-U:0.5,0.09579353753123668,10
G2,1,1,256,0,B-Max,0.1167669803222157,10
G2,1,1,256,0,B-Plugin,0.09606704004738169,10
G2,1,1,256,0,B-Tail-P:0.25,0.08800435709102664,10
G2,1,1,256,0,B-Tail-P:0.5,0.09612379430914963,10
G2,1,1,256,0,B-Tail-U:0.5,0.09612379430914963,10
G2,1,1,256,0,C-Budget:0.25,0.09532868637610689,10
G2,1,1,256,0,C-LP-Max:0.01,0.11714343322152412,10
G2,1,1,256,0,C-LP-Tail:0.1,0.09367220350775844,10
G2,1,1,256,0,C-LR:1.0,0.10201386999216203,10
G2,1,1,256,0,C-Soft-Cond:0.1,0.09811710453557507,10
G2,1,1,256,0,C-Soft:0.1,0.09811962223543096,10
G2,1,1,256,0,H-Conditional-FilterThenK,0.09612403411466693,10
G2,1,1,256,0,REF-EB,0.08556568500604715,10
G2,1,1,256,4,A-Max,0.09814231861441433,10
G2,1,1,256,4,A-Mean,0.0473621054368787,10
G2,1,1,256,4,A-Tail-P:0.25,0.048087281368527954,10
G2,1,1,256,4,A-Tail-P:0.5,0.04653775833723886,10
G2,1,1,256,4,A-Tail-U:0.5,0.11411193052188615,10
G2,1,1,256,4,B-Max,0.1070878272413942,10
G2,1,1,256,4,B-Plugin,0.04643419006677495,10
G2,1,1,256,4,B-Tail-P:0.25,0.0479611475936846,10
G2,1,1,256,4,B-Tail-P:0.5,0.046572339379509345,10
G2,1,1,256,4,B-Tail-U:0.5,0.11239123058085235,10
G2,1,1,256,4,C-Budget:0.25,0.10466777506041088,10
G2,1,1,256,4,C-LP-Max:0.01,0.05774392777613639,10
G2,1,1,256,4,C-LP-Tail:0.1,0.08273280577226802,10
G2,1,1,256,4,C-LR:1.0,0.0990092978281962,10
G2,1,1,256,4,C-Soft-Cond:0.1,0.04867456063245823,10
G2,1,1,256,4,C-Soft:0.1,0.04867197665968301,10
G2,1,1,256,4,H-Conditional-FilterThenK,0.04213108290196887,10
G2,1,1,256,4,REF-EB,0.05245534548520832,10
G2,1,1,256,16,A-Max,0.09121027870167872,10
G2,1,1,256,16,A-Mean,0.003869010064855539,10
G2,1,1,256,16,A-Tail-P:0.25,0.005285868051074955,10
G2,1,1,256,16,A-Tail-P:0.5,0.0041000764789953115,10
G2,1,1,256,16,A-Tail-U:0.5,0.12267755907797784,10
G2,1,1,256,16,B-Max,0.09655187093881364,10
G2,1,1,256,16,B-Plugin,0.004024260083855059,10
G2,1,1,256,16,B-Tail-P:0.25,0.005297173302892493,10
G2,1,1,256,16,B-Tail-P:0.5,0.004044479133774005,10
G2,1,1,256,16,B-Tail-U:0.5,0.12223585304576416,10
G2,1,1,256,16,C-Budget:0.25,0.10228088339282268,10
G2,1,1,256,16,C-LP-Max:0.01,0.006892306745967247,10
G2,1,1,256,16,C-LP-Tail:0.1,0.07859050881476284,10
G2,1,1,256,16,C-LR:1.0,0.09349767070992085,10
G2,1,1,256,16,C-Soft-Cond:0.1,0.004363824497302932,10
G2,1,1,256,16,C-Soft:0.1,0.004364289235949626,10
G2,1,1,256,16,H-Conditional-FilterThenK,0.0030573573310527626,10
G2,1,1,256,16,REF-EB,0.005933817938557551,10
G2,1,1,256,64,A-Max,0.09034080886191984,10
G2,1,1,256,64,A-Mean,0.0005282008404421874,10
G2,1,1,256,64,A-Tail-P:0.25,0.0006697699427953156,10
G2,1,1,256,64,A-Tail-P:0.5,0.0005578300979690375,10
G2,1,1,256,64,A-Tail-U:0.5,0.12895075516148788,10
G2,1,1,256,64,B-Max,0.09570642711527666,10
G2,1,1,256,64,B-Plugin,0.0005508476929750019,10
G2,1,1,256,64,B-Tail-P:0.25,0.0006532689319819941,10
G2,1,1,256,64,B-Tail-P:0.5,0.000557047239278394,10
G2,1,1,256,64,B-Tail-U:0.5,0.13286697199863876,10
G2,1,1,256,64,C-Budget:0.25,0.08768371212218724,10
G2,1,1,256,64,C-LP-Max:0.01,0.00044003283601548343,10
G2,1,1,256,64,C-LP-Tail:0.1,0.0683818298760071,10
G2,1,1,256,64,C-LR:1.0,0.09304230708474795,10
G2,1,1,256,64,C-Soft-Cond:0.1,0.0005289783184774891,10
G2,1,1,256,64,C-Soft:0.1,0.0005289032266965388,10
G2,1,1,256,64,H-Conditional-FilterThenK,0.0005434384839328602,10
G2,1,1,256,64,REF-EB,0.0004827695031199222,10
G2,1,2,64,0,A-Max,0.12988062042042525,10
G2,1,2,64,0,A-Mean,0.13446825722161476,10
G2,1,2,64,0,A-Tail-P:0.25,0.137888502602981,10
G2,1,2,64,0,A-Tail-P:0.5,0.1321170158535284,10
G2,1,2,64,0,A-Tail-U:0.5,0.13234924473965184,10
G2,1,2,64,0,B-Max,0.1162618395270052,10
G2,1,2,64,0,B-Plugin,0.1309245631095845,10
G2,1,2,64,0,B-Tail-P:0.25,0.1379263731816593,10
G2,1,2,64,0,B-Tail-P:0.5,0.13190076857207528,10
G2,1,2,64,0,B-Tail-U:0.5,0.13190076857207528,10
G2,1,2,64,0,C-Budget:0.25,0.13219152071757662,10
G2,1,2,64,0,C-LP-Max:0.01,0.11635047159279818,10
G2,1,2,64,0,C-LP-Tail:0.1,0.13178245275198155,10
G2,1,2,64,0,C-LR:1.0,0.12958057132972184,10
G2,1,2,64,0,C-Soft-Cond:0.1,0.12916426577136558,10
G2,1,2,64,0,C-Soft:0.1,0.1291584064384461,10
G2,1,2,64,0,H-Conditional-FilterThenK,0.13190076857225114,10
G2,1,2,64,0,REF-EB,0.1413655135712567,10
G2,1,2,64,4,A-Max,0.09085352661418428,10
G2,1,2,64,4,A-Mean,0.052406806974552335,10
G2,1,2,64,4,A-Tail-P:0.25,0.060205731362761486,10
G2,1,2,64,4,A-Tail-P:0.5,0.05520758076376846,10
G2,1,2,64,4,A-Tail-U:0.5,0.11758551761488205,10
G2,1,2,64,4,B-Max,0.08037846049650453,10
G2,1,2,64,4,B-Plugin,0.055969829964343,10
G2,1,2,64,4,B-Tail-P:0.25,0.06055114294438849,10
G2,1,2,64,4,B-Tail-P:0.5,0.05542823915812647,10
G2,1,2,64,4,B-Tail-U:0.5,0.11723289463825907,10
G2,1,2,64,4,C-Budget:0.25,0.11759402162150863,10
G2,1,2,64,4,C-LP-Max:0.01,0.06447830709138727,10
G2,1,2,64,4,C-LP-Tail:0.1,0.12395336746346723,10
G2,1,2,64,4,C-LR:1.0,0.09349003942151429,10
G2,1,2,64,4,C-Soft-Cond:0.1,0.05546063460569408,10
G2,1,2,64,4,C-Soft:0.1,0.055460921728150425,10
G2,1,2,64,4,H-Conditional-FilterThenK,0.04329717438593114,10
G2,1,2,64,4,REF-EB,0.07723195253742045,10
G2,1,2,64,16,A-Max,0.08252014142395156,10
G2,1,2,64,16,A-Mean,0.003915326283574325,10
G2,1,2,64,16,A-Tail-P:0.25,0.005398395266952855,10
G2,1,2,64,16,A-Tail-P:0.5,0.0048301404203486996,10
G2,1,2,64,16,A-Tail-U:0.5,0.10042273142982491,10
G2,1,2,64,16,B-Max,0.06718426673785097,10
G2,1,2,64,16,B-Plugin,0.004955834853389367,10
G2,1,2,64,16,B-Tail-P:0.25,0.005365834336485438,10
G2,1,2,64,16,B-Tail-P:0.5,0.004842744557305817,10
G2,1,2,64,16,B-Tail-U:0.5,0.09714639517065901,10
G2,1,2,64,16,C-Budget:0.25,0.09707081387933264,10
G2,1,2,64,16,C-LP-Max:0.01,0.024047235540978096,10
G2,1,2,64,16,C-LP-Tail:0.1,0.0989678886040673,10
G2,1,2,64,16,C-LR:1.0,0.08588590340778245,10
G2,1,2,64,16,C-Soft-Cond:0.1,0.0047333765689602245,10
G2,1,2,64,16,C-Soft:0.1,0.0047332179601968765,10
G2,1,2,64,16,H-Conditional-FilterThenK,0.004188340483840765,10
G2,1,2,64,16,REF-EB,0.003955278833179616,10
G2,1,2,64,64,A-Max,0.08222126542340141,10
G2,1,2,64,64,A-Mean,0.0008443355962228557,10
G2,1,2,64,64,A-Tail-P:0.25,0.0009937308840440276,10
G2,1,2,64,64,A-Tail-P:0.5,0.0009536660283756993,10
G2,1,2,64,64,A-Tail-U:0.5,0.09869582322893072,10
G2,1,2,64,64,B-Max,0.06824582367184205,10
G2,1,2,64,64,B-Plugin,0.0009860955882496952,10
G2,1,2,64,64,B-Tail-P:0.25,0.0011335065393610411,10
G2,1,2,64,64,B-Tail-P:0.5,0.0009756335220705107,10
G2,1,2,64,64,B-Tail-U:0.5,0.09932664219169714,10
G2,1,2,64,64,C-Budget:0.25,0.0995974368346501,10
G2,1,2,64,64,C-LP-Max:0.01,0.0008416462363227148,10
G2,1,2,64,64,C-LP-Tail:0.1,0.08793695228777575,10
G2,1,2,64,64,C-LR:1.0,0.08584213269245386,10
G2,1,2,64,64,C-Soft-Cond:0.1,0.0008495014715113522,10
G2,1,2,64,64,C-Soft:0.1,0.0008494456528524392,10
G2,1,2,64,64,H-Conditional-FilterThenK,0.0010525356942149174,10
G2,1,2,64,64,REF-EB,0.0005333418178905509,10
G2,1,2,256,0,A-Max,0.12988059689242545,10
G2,1,2,256,0,A-Mean,0.13738964824857938,10
G2,1,2,256,0,A-Tail-P:0.25,0.1436437795405229,10
G2,1,2,256,0,A-Tail-P:0.5,0.1338965653655519,10
G2,1,2,256,0,A-Tail-U:0.5,0.13287713665465967,10
G2,1,2,256,0,B-Max,0.1191725868278837,10
G2,1,2,256,0,B-Plugin,0.13388001476728006,10
G2,1,2,256,0,B-Tail-P:0.25,0.14364590035437294,10
G2,1,2,256,0,B-Tail-P:0.5,0.13387980933094015,10
G2,1,2,256,0,B-Tail-U:0.5,0.13387980933094015,10
G2,1,2,256,0,C-Budget:0.25,0.1346052222388766,10
G2,1,2,256,0,C-LP-Max:0.01,0.11895198751687572,10
G2,1,2,256,0,C-LP-Tail:0.1,0.13688706762858657,10
G2,1,2,256,0,C-LR:1.0,0.12956687455703314,10
G2,1,2,256,0,C-Soft-Cond:0.1,0.13209488177811826,10
G2,1,2,256,0,C-Soft:0.1,0.13209175158082734,10
G2,1,2,256,0,H-Conditional-FilterThenK,0.13387982599123732,10
G2,1,2,256,0,REF-EB,0.1461145014433402,10
G2,1,2,256,4,A-Max,0.09021019695935667,10
G2,1,2,256,4,A-Mean,0.053217591247202434,10
G2,1,2,256,4,A-Tail-P:0.25,0.05917404820818893,10
G2,1,2,256,4,A-Tail-P:0.5,0.05538759504532196,10
G2,1,2,256,4,A-Tail-U:0.5,0.11647862387073249,10
G2,1,2,256,4,B-Max,0.08016102170859914,10
G2,1,2,256,4,B-Plugin,0.05499795044638833,10
G2,1,2,256,4,B-Tail-P:0.25,0.05916332588900969,10
G2,1,2,256,4,B-Tail-P:0.5,0.055360189834565775,10
G2,1,2,256,4,B-Tail-U:0.5,0.11616169204317357,10
G2,1,2,256,4,C-Budget:0.25,0.11789750421938998,10
G2,1,2,256,4,C-LP-Max:0.01,0.06847800204838299,10
G2,1,2,256,4,C-LP-Tail:0.1,0.12385490962571863,10
G2,1,2,256,4,C-LR:1.0,0.09313225560475093,10
G2,1,2,256,4,C-Soft-Cond:0.1,0.05978705811690592,10
G2,1,2,256,4,C-Soft:0.1,0.05978704273295301,10
G2,1,2,256,4,H-Conditional-FilterThenK,0.05376602222171446,10
G2,1,2,256,4,REF-EB,0.07636345558687237,10
G2,1,2,256,16,A-Max,0.08239779251560146,10
G2,1,2,256,16,A-Mean,0.0030097213014858328,10
G2,1,2,256,16,A-Tail-P:0.25,0.00385157479862615,10
G2,1,2,256,16,A-Tail-P:0.5,0.003853589923222962,10
G2,1,2,256,16,A-Tail-U:0.5,0.09990219804495204,10
G2,1,2,256,16,B-Max,0.06630421474016877,10
G2,1,2,256,16,B-Plugin,0.0038543143207182004,10
G2,1,2,256,16,B-Tail-P:0.25,0.0037992973215795643,10
G2,1,2,256,16,B-Tail-P:0.5,0.0038769851840198323,10
G2,1,2,256,16,B-Tail-U:0.5,0.0966648912322145,10
G2,1,2,256,16,C-Budget:0.25,0.10472996971245693,10
G2,1,2,256,16,C-LP-Max:0.01,0.021495025381057815,10
G2,1,2,256,16,C-LP-Tail:0.1,0.11377415689377543,10
G2,1,2,256,16,C-LR:1.0,0.08586922918910862,10
G2,1,2,256,16,C-Soft-Cond:0.1,0.003743102173089703,10
G2,1,2,256,16,C-Soft:0.1,0.0037435490277127398,10
G2,1,2,256,16,H-Conditional-FilterThenK,0.0033960350912681124,10
G2,1,2,256,16,REF-EB,0.003275868562184438,10
G2,1,2,256,64,A-Max,0.08093502412188587,10
G2,1,2,256,64,A-Mean,0.00028603563281553085,10
G2,1,2,256,64,A-Tail-P:0.25,0.00041517953143383856,10
G2,1,2,256,64,A-Tail-P:0.5,0.0003623706792792961,10
G2,1,2,256,64,A-Tail-U:0.5,0.10043708975220729,10
G2,1,2,256,64,B-Max,0.06533553876818703,10
G2,1,2,256,64,B-Plugin,0.0003609999226664846,10
G2,1,2,256,64,B-Tail-P:0.25,0.00042685268474351013,10
G2,1,2,256,64,B-Tail-P:0.5,0.00035790293921748114,10
G2,1,2,256,64,B-Tail-U:0.5,0.09707104375248429,10
G2,1,2,256,64,C-Budget:0.25,0.09936998671122706,10
G2,1,2,256,64,C-LP-Max:0.01,0.0002881977803863809,10
G2,1,2,256,64,C-LP-Tail:0.1,0.09829679991653235,10
G2,1,2,256,64,C-LR:1.0,0.08489792539647928,10
G2,1,2,256,64,C-Soft-Cond:0.1,0.00028990844044418407,10
G2,1,2,256,64,C-Soft:0.1,0.0002899089675471065,10
G2,1,2,256,64,H-Conditional-FilterThenK,0.00037143408563968064,10
G2,1,2,256,64,REF-EB,0.00026887760613019697,10
G2,1,3,64,0,A-Max,0.07107435242341444,10
G2,1,3,64,0,A-Mean,0.07879565655689794,10
G2,1,3,64,0,A-Tail-P:0.25,0.08348790285295418,10
G2,1,3,64,0,A-Tail-P:0.5,0.07638295880866539,10
G2,1,3,64,0,A-Tail-U:0.5,0.07308655146828406,10
G2,1,3,64,0,B-Max,0.06833885160019189,10
G2,1,3,64,0,B-Plugin,0.07573423048860962,10
G2,1,3,64,0,B-Tail-P:0.25,0.08348798942327787,10
G2,1,3,64,0,B-Tail-P:0.5,0.07679787423809287,10
G2,1,3,64,0,B-Tail-U:0.5,0.07679787423846775,10
G2,1,3,64,0,C-Budget:0.25,0.06554198976331492,10
G2,1,3,64,0,C-LP-Max:0.01,0.06763824504700747,10
G2,1,3,64,0,C-LP-Tail:0.1,0.07114279246856918,10
G2,1,3,64,0,C-LR:1.0,0.0711912703831553,10
G2,1,3,64,0,C-Soft-Cond:0.1,0.07524253684818347,10
G2,1,3,64,0,C-Soft:0.1,0.07522030502849981,10
G2,1,3,64,0,H-Conditional-FilterThenK,0.07679787424280868,10
G2,1,3,64,0,REF-EB,0.11836061403810301,10
G2,1,3,64,4,A-Max,0.0500104796686069,10
G2,1,3,64,4,A-Mean,0.024196523052691578,10
G2,1,3,64,4,A-Tail-P:0.25,0.02183001306685423,10
G2,1,3,64,4,A-Tail-P:0.5,0.02496212000178224,10
G2,1,3,64,4,A-Tail-U:0.5,0.06339115939988749,10
G2,1,3,64,4,B-Max,0.03693369124292154,10
G2,1,3,64,4,B-Plugin,0.024742012074607536,10
G2,1,3,64,4,B-Tail-P:0.25,0.022092765958499714,10
G2,1,3,64,4,B-Tail-P:0.5,0.02479737094204753,10
G2,1,3,64,4,B-Tail-U:0.5,0.06973777950249152,10
G2,1,3,64,4,C-Budget:0.25,0.05926562323256869,10
G2,1,3,64,4,C-LP-Max:0.01,0.02754424735453444,10
G2,1,3,64,4,C-LP-Tail:0.1,0.06861213797741514,10
G2,1,3,64,4,C-LR:1.0,0.05340387584931244,10
G2,1,3,64,4,C-Soft-Cond:0.1,0.02544345490068898,10
G2,1,3,64,4,C-Soft:0.1,0.02542753131076415,10
G2,1,3,64,4,H-Conditional-FilterThenK,0.018896906199381613,10
G2,1,3,64,4,REF-EB,0.04986044538424854,10
G2,1,3,64,16,A-Max,0.04793953703152303,10
G2,1,3,64,16,A-Mean,0.006438997101210628,10
G2,1,3,64,16,A-Tail-P:0.25,0.0055541942101351455,10
G2,1,3,64,16,A-Tail-P:0.5,0.006319034321316577,10
G2,1,3,64,16,A-Tail-U:0.5,0.05497099565862183,10
G2,1,3,64,16,B-Max,0.03428760451116305,10
G2,1,3,64,16,B-Plugin,0.006301873520426595,10
G2,1,3,64,16,B-Tail-P:0.25,0.0055156719128323,10
G2,1,3,64,16,B-Tail-P:0.5,0.00638219306939288,10
G2,1,3,64,16,B-Tail-U:0.5,0.0573863003708569,10
G2,1,3,64,16,C-Budget:0.25,0.05050580107797974,10
G2,1,3,64,16,C-LP-Max:0.01,0.013714278899944074,10
G2,1,3,64,16,C-LP-Tail:0.1,0.05960252284002861,10
G2,1,3,64,16,C-LR:1.0,0.05150968622772384,10
G2,1,3,64,16,C-Soft-Cond:0.1,0.007534002170067599,10
G2,1,3,64,16,C-Soft:0.1,0.007531625187290242,10
G2,1,3,64,16,H-Conditional-FilterThenK,0.005303743651697191,10
G2,1,3,64,16,REF-EB,0.014345955754208984,10
G2,1,3,64,64,A-Max,0.05046603759019595,10
G2,1,3,64,64,A-Mean,0.0018672784207860629,10
G2,1,3,64,64,A-Tail-P:0.25,0.0017552292957370489,10
G2,1,3,64,64,A-Tail-P:0.5,0.0018768943606861023,10
G2,1,3,64,64,A-Tail-U:0.5,0.04937380568780636,10
G2,1,3,64,64,B-Max,0.03469175130817221,10
G2,1,3,64,64,B-Plugin,0.0018610833329746948,10
G2,1,3,64,64,B-Tail-P:0.25,0.0017715629758186739,10
G2,1,3,64,64,B-Tail-P:0.5,0.0018665941499769558,10
G2,1,3,64,64,B-Tail-U:0.5,0.05057701707843434,10
G2,1,3,64,64,C-Budget:0.25,0.04511192610146088,10
G2,1,3,64,64,C-LP-Max:0.01,0.0015871794858938458,10
G2,1,3,64,64,C-LP-Tail:0.1,0.044398669881196104,10
G2,1,3,64,64,C-LR:1.0,0.051664321108535305,10
G2,1,3,64,64,C-Soft-Cond:0.1,0.0018617741940573159,10
G2,1,3,64,64,C-Soft:0.1,0.0018613974833816935,10
G2,1,3,64,64,H-Conditional-FilterThenK,0.001662216640526228,10
G2,1,3,64,64,REF-EB,0.002869137457950157,10
G2,1,3,256,0,A-Max,0.07115115432539851,10
G2,1,3,256,0,A-Mean,0.07842615377505088,10
G2,1,3,256,0,A-Tail-P:0.25,0.08339772995727608,10
G2,1,3,256,0,A-Tail-P:0.5,0.07574208135791194,10
G2,1,3,256,0,A-Tail-U:0.5,0.07325737234026009,10
G2,1,3,256,0,B-Max,0.06767805225619847,10
G2,1,3,256,0,B-Plugin,0.07548089535720322,10
G2,1,3,256,0,B-Tail-P:0.25,0.08339821372822051,10
G2,1,3,256,0,B-Tail-P:0.5,0.07574589069981405,10
G2,1,3,256,0,B-Tail-U:0.5,0.07574589069981405,10
G2,1,3,256,0,C-Budget:0.25,0.0649764046576885,10
G2,1,3,256,0,C-LP-Max:0.01,0.06738162734204658,10
G2,1,3,256,0,C-LP-Tail:0.1,0.07242678100565542,10
G2,1,3,256,0,C-LR:1.0,0.07120504616931873,10
G2,1,3,256,0,C-Soft-Cond:0.1,0.07485538093257632,10
G2,1,3,256,0,C-Soft:0.1,0.07484915708445428,10
G2,1,3,256,0,H-Conditional-FilterThenK,0.07574601660379138,10
G2,1,3,256,0,REF-EB,0.11634280154282828,10
G2,1,3,256,4,A-Max,0.050631587419551816,10
G2,1,3,256,4,A-Mean,0.022858929415592845,10
G2,1,3,256,4,A-Tail-P:0.25,0.022453854504330795,10
G2,1,3,256,4,A-Tail-P:0.5,0.02232137711755001,10
G2,1,3,256,4,A-Tail-U:0.5,0.06493919374061118,10
G2,1,3,256,4,B-Max,0.03735303525535112,10
G2,1,3,256,4,B-Plugin,0.022005155994033947,10
G2,1,3,256,4,B-Tail-P:0.25,0.022716046811915237,10
G2,1,3,256,4,B-Tail-P:0.5,0.022275972705550505,10
G2,1,3,256,4,B-Tail-U:0.5,0.07019561604532568,10
G2,1,3,256,4,C-Budget:0.25,0.06013208612351405,10
G2,1,3,256,4,C-LP-Max:0.01,0.02584473225775512,10
G2,1,3,256,4,C-LP-Tail:0.1,0.06605876727191398,10
G2,1,3,256,4,C-LR:1.0,0.05404726698166936,10
G2,1,3,256,4,C-Soft-Cond:0.1,0.023915855218119238,10
G2,1,3,256,4,C-Soft:0.1,0.023904519275877043,10
G2,1,3,256,4,H-Conditional-FilterThenK,0.017347316987303428,10
G2,1,3,256,4,REF-EB,0.058826968226444475,10
G2,1,3,256,16,A-Max,0.049478590015380665,10
G2,1,3,256,16,A-Mean,0.011679749738088687,10
G2,1,3,256,16,A-Tail-P:0.25,0.010227120669988397,10
G2,1,3,256,16,A-Tail-P:0.5,0.011109808196427444,10
G2,1,3,256,16,A-Tail-U:0.5,0.052371815922132824,10
G2,1,3,256,16,B-Max,0.03430776790356589,10
G2,1,3,256,16,B-Plugin,0.010974712182846427,10
G2,1,3,256,16,B-Tail-P:0.25,0.010240684984518151,10
G2,1,3,256,16,B-Tail-P:0.5,0.011153618699807277,10
G2,1,3,256,16,B-Tail-U:0.5,0.05496017128780142,10
G2,1,3,256,16,C-Budget:0.25,0.05119821016269345,10
G2,1,3,256,16,C-LP-Max:0.01,0.015944695551197822,10
G2,1,3,256,16,C-LP-Tail:0.1,0.05989276724786673,10
G2,1,3,256,16,C-LR:1.0,0.05178339609220608,10
G2,1,3,256,16,C-Soft-Cond:0.1,0.011503305938363156,10
G2,1,3,256,16,C-Soft:0.1,0.011502478781895201,10
G2,1,3,256,16,H-Conditional-FilterThenK,0.009771788337124821,10
G2,1,3,256,16,REF-EB,0.021940519071785493,10
G2,1,3,256,64,A-Max,0.050340168333124505,10
G2,1,3,256,64,A-Mean,0.0029231428681103086,10
G2,1,3,256,64,A-Tail-P:0.25,0.0029375428087735243,10
G2,1,3,256,64,A-Tail-P:0.5,0.0030184714598056376,10
G2,1,3,256,64,A-Tail-U:0.5,0.04889528466796905,10
G2,1,3,256,64,B-Max,0.03535484599211221,10
G2,1,3,256,64,B-Plugin,0.0029654033057843797,10
G2,1,3,256,64,B-Tail-P:0.25,0.0028792916518991076,10
G2,1,3,256,64,B-Tail-P:0.5,0.002989647291362513,10
G2,1,3,256,64,B-Tail-U:0.5,0.050813584687004164,10
G2,1,3,256,64,C-Budget:0.25,0.04727793143206052,10
G2,1,3,256,64,C-LP-Max:0.01,0.0027691988697251015,10
G2,1,3,256,64,C-LP-Tail:0.1,0.06008700089070128,10
G2,1,3,256,64,C-LR:1.0,0.051667998256052804,10
G2,1,3,256,64,C-Soft-Cond:0.1,0.0029215814038745466,10
G2,1,3,256,64,C-Soft:0.1,0.0029214750799363277,10
G2,1,3,256,64,H-Conditional-FilterThenK,0.002473391058022905,10
G2,1,3,256,64,REF-EB,0.0042269366194432854,10
G2,1,4,64,0,A-Max,0.0902598309718928,10
G2,1,4,64,0,A-Mean,0.07536185105926814,10
G2,1,4,64,0,A-Tail-P:0.25,0.07824477029233201,10
G2,1,4,64,0,A-Tail-P:0.5,0.07844904153681527,10
G2,1,4,64,0,A-Tail-U:0.5,0.08190781560555238,10
G2,1,4,64,0,B-Max,0.10517809638219697,10
G2,1,4,64,0,B-Plugin,0.0782692932862685,10
G2,1,4,64,0,B-Tail-P:0.25,0.07810930072362061,10
G2,1,4,64,0,B-Tail-P:0.5,0.07928908656624355,10
G2,1,4,64,0,B-Tail-U:0.5,0.07928908656112009,10
G2,1,4,64,0,C-Budget:0.25,0.06769735147816106,10
G2,1,4,64,0,C-LP-Max:0.01,0.10568369149843981,10
G2,1,4,64,0,C-LP-Tail:0.1,0.06745306786058078,10
G2,1,4,64,0,C-LR:1.0,0.08721942840295643,10
G2,1,4,64,0,C-Soft-Cond:0.1,0.08178267099218092,10
G2,1,4,64,0,C-Soft:0.1,0.08176521095347433,10
G2,1,4,64,0,H-Conditional-FilterThenK,0.07928908686159804,10
G2,1,4,64,0,REF-EB,0.10920832625161707,10
G2,1,4,64,4,A-Max,0.08907981956209814,10
G2,1,4,64,4,A-Mean,0.043437654022026324,10
G2,1,4,64,4,A-Tail-P:0.25,0.05227135440902172,10
G2,1,4,64,4,A-Tail-P:0.5,0.04694316095512607,10
G2,1,4,64,4,A-Tail-U:0.5,0.09373201295343984,10
G2,1,4,64,4,B-Max,0.10117565548384846,10
G2,1,4,64,4,B-Plugin,0.046658414295661844,10
G2,1,4,64,4,B-Tail-P:0.25,0.0522978342786253,10
G2,1,4,64,4,B-Tail-P:0.5,0.04726458639500014,10
G2,1,4,64,4,B-Tail-U:0.5,0.09005245497910108,10
G2,1,4,64,4,C-Budget:0.25,0.07188924077693987,10
G2,1,4,64,4,C-LP-Max:0.01,0.06858981172430942,10
G2,1,4,64,4,C-LP-Tail:0.1,0.059514959325697635,10
G2,1,4,64,4,C-LR:1.0,0.08956853636052292,10
G2,1,4,64,4,C-Soft-Cond:0.1,0.04780610469951689,10
G2,1,4,64,4,C-Soft:0.1,0.0477704188242492,10
G2,1,4,64,4,H-Conditional-FilterThenK,0.0551133561023092,10
G2,1,4,64,4,REF-EB,0.06303819698138081,10
G2,1,4,64,16,A-Max,0.08132560150838349,10
G2,1,4,64,16,A-Mean,0.005339622473179102,10
G2,1,4,64,16,A-Tail-P:0.25,0.006984384293796097,10
G2,1,4,64,16,A-Tail-P:0.5,0.00608133389898539,10
G2,1,4,64,16,A-Tail-U:0.5,0.100302451310103,10
G2,1,4,64,16,B-Max,0.08721854318556421,10
G2,1,4,64,16,B-Plugin,0.006070574327654313,10
G2,1,4,64,16,B-Tail-P:0.25,0.006836846951791922,10
G2,1,4,64,16,B-Tail-P:0.5,0.006050110410842466,10
G2,1,4,64,16,B-Tail-U:0.5,0.09544806733397711,10
G2,1,4,64,16,C-Budget:0.25,0.06759142361761097,10
G2,1,4,64,16,C-LP-Max:0.01,0.007534845408485626,10
G2,1,4,64,16,C-LP-Tail:0.1,0.04868333482112366,10
G2,1,4,64,16,C-LR:1.0,0.08503720490346428,10
G2,1,4,64,16,C-Soft-Cond:0.1,0.0056393880696578745,10
G2,1,4,64,16,C-Soft:0.1,0.005636314783023691,10
G2,1,4,64,16,H-Conditional-FilterThenK,0.006391946529250956,10
G2,1,4,64,16,REF-EB,0.015023847114472124,10
G2,1,4,64,64,A-Max,0.08186119037918287,10
G2,1,4,64,64,A-Mean,0.0015402668371569139,10
G2,1,4,64,64,A-Tail-P:0.25,0.0016708744719096669,10
G2,1,4,64,64,A-Tail-P:0.5,0.0015644465523597883,10
G2,1,4,64,64,A-Tail-U:0.5,0.10812384862797497,10
G2,1,4,64,64,B-Max,0.08972146571220697,10
G2,1,4,64,64,B-Plugin,0.001834305884809696,10
G2,1,4,64,64,B-Tail-P:0.25,0.001613355368292099,10
G2,1,4,64,64,B-Tail-P:0.5,0.001529193520522818,10
G2,1,4,64,64,B-Tail-U:0.5,0.10605589431625762,10
G2,1,4,64,64,C-Budget:0.25,0.055644347970237686,10
G2,1,4,64,64,C-LP-Max:0.01,0.0014627685894794528,10
G2,1,4,64,64,C-LP-Tail:0.1,0.048616477034814684,10
G2,1,4,64,64,C-LR:1.0,0.08702426218480305,10
G2,1,4,64,64,C-Soft-Cond:0.1,0.001541147001603705,10
G2,1,4,64,64,C-Soft:0.1,0.0015401424668990329,10
G2,1,4,64,64,H-Conditional-FilterThenK,0.0016458559074544131,10
G2,1,4,64,64,REF-EB,0.0021867768890345947,10
G2,1,4,256,0,A-Max,0.09076904979697928,10
G2,1,4,256,0,A-Mean,0.07385894667386826,10
G2,1,4,256,0,A-Tail-P:0.25,0.0749042071505447,10
G2,1,4,256,0,A-Tail-P:0.5,0.07660603895236397,10
G2,1,4,256,0,A-Tail-U:0.5,0.08217381585837123,10
G2,1,4,256,0,B-Max,0.10376769602320708,10
G2,1,4,256,0,B-Plugin,0.0768779721707368,10
G2,1,4,256,0,B-Tail-P:0.25,0.0748993580803821,10
G2,1,4,256,0,B-Tail-P:0.5,0.07706424978406765,10
G2,1,4,256,0,B-Tail-U:0.5,0.07706424978406765,10
G2,1,4,256,0,C-Budget:0.25,0.06801653167398589,10
G2,1,4,256,0,C-LP-Max:0.01,0.10410241478294538,10
G2,1,4,256,0,C-LP-Tail:0.1,0.06837191656029727,10
G2,1,4,256,0,C-LR:1.0,0.08720738621796854,10
G2,1,4,256,0,C-Soft-Cond:0.1,0.08027743736099015,10
G2,1,4,256,0,C-Soft:0.1,0.08027459360574125,10
G2,1,4,256,0,H-Conditional-FilterThenK,0.07706424977326529,10
G2,1,4,256,0,REF-EB,0.09885171667807865,10
G2,1,4,256,4,A-Max,0.08469174215985842,10
G2,1,4,256,4,A-Mean,0.03528508700551079,10
G2,1,4,256,4,A-Tail-P:0.25,0.03799821530229301,10
G2,1,4,256,4,A-Tail-P:0.5,0.03602137956376561,10
G2,1,4,256,4,A-Tail-U:0.5,0.10406561576493038,10
G2,1,4,256,4,B-Max,0.09807745129792882,10
G2,1,4,256,4,B-Plugin,0.03587965497162265,10
G2,1,4,256,4,B-Tail-P:0.25,0.037922394720357876,10
G2,1,4,256,4,B-Tail-P:0.5,0.036136938225468915,10
G2,1,4,256,4,B-Tail-U:0.5,0.0995108295647099,10
G2,1,4,256,4,C-Budget:0.25,0.08035381751172266,10
G2,1,4,256,4,C-LP-Max:0.01,0.05733217451489457,10
G2,1,4,256,4,C-LP-Tail:0.1,0.0642943705038938,10
G2,1,4,256,4,C-LR:1.0,0.08690101453330756,10
G2,1,4,256,4,C-Soft-Cond:0.1,0.03864342882454148,10
G2,1,4,256,4,C-Soft:0.1,0.03864008849981422,10
G2,1,4,256,4,H-Conditional-FilterThenK,0.03356260970447794,10
G2,1,4,256,4,REF-EB,0.054408371669267416,10
G2,1,4,256,16,A-Max,0.08248466209757112,10
G2,1,4,256,16,A-Mean,0.009343167998405032,10
G2,1,4,256,16,A-Tail-P:0.25,0.012492947741423002,10
G2,1,4,256,16,A-Tail-P:0.5,0.01022919090237167,10
G2,1,4,256,16,A-Tail-U:0.5,0.09962261453633629,10
G2,1,4,256,16,B-Max,0.0880067436930915,10
G2,1,4,256,16,B-Plugin,0.010173494982300663,10
G2,1,4,256,16,B-Tail-P:0.25,0.012248175207193734,10
G2,1,4,256,16,B-Tail-P:0.5,0.010191710115550558,10
G2,1,4,256,16,B-Tail-U:0.5,0.09677396972436088,10
G2,1,4,256,16,C-Budget:0.25,0.08013604271291422,10
G2,1,4,256,16,C-LP-Max:0.01,0.011605614955542498,10
G2,1,4,256,16,C-LP-Tail:0.1,0.06370925463255551,10
G2,1,4,256,16,C-LR:1.0,0.0852562544463813,10
G2,1,4,256,16,C-Soft-Cond:0.1,0.009983745249568032,10
G2,1,4,256,16,C-Soft:0.1,0.00998350682816643,10
G2,1,4,256,16,H-Conditional-FilterThenK,0.010061907621257474,10
G2,1,4,256,16,REF-EB,0.026004762777303386,10
G2,1,4,256,64,A-Max,0.08317257764579686,10
G2,1,4,256,64,A-Mean,0.001127909045624059,10
G2,1,4,256,64,A-Tail-P:0.25,0.0011831440782360148,10
G2,1,4,256,64,A-Tail-P:0.5,0.0011540134872816568,10
G2,1,4,256,64,A-Tail-U:0.5,0.1061801081102726,10
G2,1,4,256,64,B-Max,0.08918385727469029,10
G2,1,4,256,64,B-Plugin,0.0010955702172625952,10
G2,1,4,256,64,B-Tail-P:0.25,0.0011861447843568833,10
G2,1,4,256,64,B-Tail-P:0.5,0.001142463195097264,10
G2,1,4,256,64,B-Tail-U:0.5,0.10450646319132981,10
G2,1,4,256,64,C-Budget:0.25,0.0728174279580112,10
G2,1,4,256,64,C-LP-Max:0.01,0.0007576032510784212,10
G2,1,4,256,64,C-LP-Tail:0.1,0.05024330783307988,10
G2,1,4,256,64,C-LR:1.0,0.08762746050059611,10
G2,1,4,256,64,C-Soft-Cond:0.1,0.001128295067808691,10
G2,1,4,256,64,C-Soft:0.1,0.0011284134932789314,10
G2,1,4,256,64,H-Conditional-FilterThenK,0.0012249920141736252,10
G2,1,4,256,64,REF-EB,0.001796994847960831,10
G2,1,5,64,0,A-Max,0.019586262124802564,10
G2,1,5,64,0,A-Mean,0.013011003501325651,10
G2,1,5,64,0,A-Tail-P:0.25,0.01343027253068226,10
G2,1,5,64,0,A-Tail-P:0.5,0.012327811900600925,10
G2,1,5,64,0,A-Tail-U:0.5,0.019582074950705346,10
G2,1,5,64,0,B-Max,0.006348678753745833,10
G2,1,5,64,0,B-Plugin,0.011753213277293242,10
G2,1,5,64,0,B-Tail-P:0.25,0.013730490474008646,10
G2,1,5,64,0,B-Tail-P:0.5,0.011962391327258447,10
G2,1,5,64,0,B-Tail-U:0.5,0.011962391327258447,10
G2,1,5,64,0,C-Budget:0.25,0.013651392692487885,10
G2,1,5,64,0,C-LP-Max:0.01,0.006198747742587321,10
G2,1,5,64,0,C-LP-Tail:0.1,0.013187409218825557,10
G2,1,5,64,0,C-LR:1.0,0.018704189102135872,10
G2,1,5,64,0,C-Soft-Cond:0.1,0.010825468317879474,10
G2,1,5,64,0,C-Soft:0.1,0.01082521277227418,10
G2,1,5,64,0,H-Conditional-FilterThenK,0.011962391327014628,10
G2,1,5,64,0,REF-EB,0.011337461261917797,10
G2,1,5,64,4,A-Max,0.013389169211748023,10
G2,1,5,64,4,A-Mean,0.024998447662061975,10
G2,1,5,64,4,A-Tail-P:0.25,0.019306062152591126,10
G2,1,5,64,4,A-Tail-P:0.5,0.02310910576951797,10
G2,1,5,64,4,A-Tail-U:0.5,0.01653947146311939,10
G2,1,5,64,4,B-Max,0.004383222179104567,10
G2,1,5,64,4,B-Plugin,0.023079909616808884,10
G2,1,5,64,4,B-Tail-P:0.25,0.019372419423638855,10
G2,1,5,64,4,B-Tail-P:0.5,0.0228369302505358,10
G2,1,5,64,4,B-Tail-U:0.5,0.01056745826042942,10
G2,1,5,64,4,C-Budget:0.25,0.010823094272426267,10
G2,1,5,64,4,C-LP-Max:0.01,0.00843452124215208,10
G2,1,5,64,4,C-LP-Tail:0.1,0.012417660916219868,10
G2,1,5,64,4,C-LR:1.0,0.012157094594632623,10
G2,1,5,64,4,C-Soft-Cond:0.1,0.02060638331560955,10
G2,1,5,64,4,C-Soft:0.1,0.020608453692242706,10
G2,1,5,64,4,H-Conditional-FilterThenK,0.023055909683844748,10
G2,1,5,64,4,REF-EB,0.01624562626781976,10
G2,1,5,64,16,A-Max,0.005978989961571232,10
G2,1,5,64,16,A-Mean,0.009210220759407112,10
G2,1,5,64,16,A-Tail-P:0.25,0.00988154557761116,10
G2,1,5,64,16,A-Tail-P:0.5,0.009187902389246029,10
G2,1,5,64,16,A-Tail-U:0.5,0.017472967402333218,10
G2,1,5,64,16,B-Max,0.0018178814543975488,10
G2,1,5,64,16,B-Plugin,0.009005064013421034,10
G2,1,5,64,16,B-Tail-P:0.25,0.009857252198912297,10
G2,1,5,64,16,B-Tail-P:0.5,0.009079747729553753,10
G2,1,5,64,16,B-Tail-U:0.5,0.012890563899179577,10
G2,1,5,64,16,C-Budget:0.25,0.011878634023204573,10
G2,1,5,64,16,C-LP-Max:0.01,0.006423865590932038,10
G2,1,5,64,16,C-LP-Tail:0.1,0.013257664436981098,10
G2,1,5,64,16,C-LR:1.0,0.0053802560754657325,10
G2,1,5,64,16,C-Soft-Cond:0.1,0.009131772165907024,10
G2,1,5,64,16,C-Soft:0.1,0.009131259383880222,10
G2,1,5,64,16,H-Conditional-FilterThenK,0.010088758862610589,10
G2,1,5,64,16,REF-EB,0.007423414463376537,10
G2,1,5,64,64,A-Max,0.005689604025905205,10
G2,1,5,64,64,A-Mean,0.0037051091271904047,10
G2,1,5,64,64,A-Tail-P:0.25,0.0037826418714046587,10
G2,1,5,64,64,A-Tail-P:0.5,0.00363418331267758,10
G2,1,5,64,64,A-Tail-U:0.5,0.013994652428748113,10
G2,1,5,64,64,B-Max,0.001037844340601081,10
G2,1,5,64,64,B-Plugin,0.003574855292668528,10
G2,1,5,64,64,B-Tail-P:0.25,0.0038428647019915253,10
G2,1,5,64,64,B-Tail-P:0.5,0.0036725274485937868,10
G2,1,5,64,64,B-Tail-U:0.5,0.008629403825234227,10
G2,1,5,64,64,C-Budget:0.25,0.006269908464571877,10
G2,1,5,64,64,C-LP-Max:0.01,0.004418147536465975,10
G2,1,5,64,64,C-LP-Tail:0.1,0.0074940033646820215,10
G2,1,5,64,64,C-LR:1.0,0.005085391824918666,10
G2,1,5,64,64,C-Soft-Cond:0.1,0.003716321080675567,10
G2,1,5,64,64,C-Soft:0.1,0.0037160670814843713,10
G2,1,5,64,64,H-Conditional-FilterThenK,0.003985267045053536,10
G2,1,5,64,64,REF-EB,0.0031567005720296915,10
G2,1,5,256,0,A-Max,0.019593289857467215,10
G2,1,5,256,0,A-Mean,0.013650085937675138,10
G2,1,5,256,0,A-Tail-P:0.25,0.015950321562196147,10
G2,1,5,256,0,A-Tail-P:0.5,0.012399137895665019,10
G2,1,5,256,0,A-Tail-U:0.5,0.019108797618326644,10
G2,1,5,256,0,B-Max,0.006802436221523342,10
G2,1,5,256,0,B-Plugin,0.012260995912565232,10
G2,1,5,256,0,B-Tail-P:0.25,0.01595038578947325,10
G2,1,5,256,0,B-Tail-P:0.5,0.012318609210859494,10
G2,1,5,256,0,B-Tail-U:0.5,0.012318609210859494,10
G2,1,5,256,0,C-Budget:0.25,0.013769061163107416,10
G2,1,5,256,0,C-LP-Max:0.01,0.006695306134778148,10
G2,1,5,256,0,C-LP-Tail:0.1,0.014069705437585114,10
G2,1,5,256,0,C-LR:1.0,0.018707912422563307,10
G2,1,5,256,0,C-Soft-Cond:0.1,0.011383796532441533,10
G2,1,5,256,0,C-Soft:0.1,0.011383656550224741,10
G2,1,5,256,0,H-Conditional-FilterThenK,0.012318609223952122,10
G2,1,5,256,0,REF-EB,0.013774121232851882,10
G2,1,5,256,4,A-Max,0.009296437291572441,10
G2,1,5,256,4,A-Mean,0.01768872798262832,10
G2,1,5,256,4,A-Tail-P:0.25,0.015782574407782274,10
G2,1,5,256,4,A-Tail-P:0.5,0.015487543489178418,10
G2,1,5,256,4,A-Tail-U:0.5,0.014605219127200423,10
G2,1,5,256,4,B-Max,0.0033328351216292107,10
G2,1,5,256,4,B-Plugin,0.015540112827657163,10
G2,1,5,256,4,B-Tail-P:0.25,0.015821205525452693,10
G2,1,5,256,4,B-Tail-P:0.5,0.015364462443209052,10
G2,1,5,256,4,B-Tail-U:0.5,0.007306566766719931,10
G2,1,5,256,4,C-Budget:0.25,0.009301015235949355,10
G2,1,5,256,4,C-LP-Max:0.01,0.0076381168305246355,10
G2,1,5,256,4,C-LP-Tail:0.1,0.011476514513992606,10
G2,1,5,256,4,C-LR:1.0,0.00845225230018345,10
G2,1,5,256,4,C-Soft-Cond:0.1,0.013931226307475947,10
G2,1,5,256,4,C-Soft:0.1,0.013930803924254045,10
G2,1,5,256,4,H-Conditional-FilterThenK,0.02413572202070524,10
G2,1,5,256,4,REF-EB,0.01384421291607268,10
G2,1,5,256,16,A-Max,0.0068836975131436285,10
G2,1,5,256,16,A-Mean,0.011778167789888503,10
G2,1,5,256,16,A-Tail-P:0.25,0.012738754992785883,10
G2,1,5,256,16,A-Tail-P:0.5,0.011479272836930964,10
G2,1,5,256,16,A-Tail-U:0.5,0.015450348811490816,10
G2,1,5,256,16,B-Max,0.0011289834467143206,10
G2,1,5,256,16,B-Plugin,0.011526618326049124,10
G2,1,5,256,16,B-Tail-P:0.25,0.012821734725300881,10
G2,1,5,256,16,B-Tail-P:0.5,0.011472774797394584,10
G2,1,5,256,16,B-Tail-U:0.5,0.00909870148251486,10
G2,1,5,256,16,C-Budget:0.25,0.009693554401385127,10
G2,1,5,256,16,C-LP-Max:0.01,0.010112429773866291,10
G2,1,5,256,16,C-LP-Tail:0.1,0.012087270802073375,10
G2,1,5,256,16,C-LR:1.0,0.006271400353395738,10
G2,1,5,256,16,C-Soft-Cond:0.1,0.011479637162889628,10
G2,1,5,256,16,C-Soft:0.1,0.011479445807447707,10
G2,1,5,256,16,H-Conditional-FilterThenK,0.013173758967461143,10
G2,1,5,256,16,REF-EB,0.009509896764681332,10
G2,1,5,256,64,A-Max,0.005689655557886327,10
G2,1,5,256,64,A-Mean,0.0023114149776717894,10
G2,1,5,256,64,A-Tail-P:0.25,0.002504021371100695,10
G2,1,5,256,64,A-Tail-P:0.5,0.0022361473935651396,10
G2,1,5,256,64,A-Tail-U:0.5,0.012368341964603588,10
G2,1,5,256,64,B-Max,0.0004636087003096606,10
G2,1,5,256,64,B-Plugin,0.002247981416941077,10
G2,1,5,256,64,B-Tail-P:0.25,0.002557398498529668,10
G2,1,5,256,64,B-Tail-P:0.5,0.0022676901663980704,10
G2,1,5,256,64,B-Tail-U:0.5,0.006904702267834165,10
G2,1,5,256,64,C-Budget:0.25,0.006126195736726878,10
G2,1,5,256,64,C-LP-Max:0.01,0.0026479269824856606,10
G2,1,5,256,64,C-LP-Tail:0.1,0.010527769365682678,10
G2,1,5,256,64,C-LR:1.0,0.005038230716223558,10
G2,1,5,256,64,C-Soft-Cond:0.1,0.002318835250644029,10
G2,1,5,256,64,C-Soft:0.1,0.002318802297697461,10
G2,1,5,256,64,H-Conditional-FilterThenK,0.0025278182584090934,10
G2,1,5,256,64,REF-EB,0.0020976116603468238,10
G2,1,6,64,0,A-Max,0.024424360983530045,10
G2,1,6,64,0,A-Mean,0.007588658714082326,10
G2,1,6,64,0,A-Tail-P:0.25,0.00833805630474448,10
G2,1,6,64,0,A-Tail-P:0.5,0.008313408342345684,10
G2,1,6,64,0,A-Tail-U:0.5,0.0205674861599874,10
G2,1,6,64,0,B-Max,0.017448402499702118,10
G2,1,6,64,0,B-Plugin,0.00860661079987075,10
G2,1,6,64,0,B-Tail-P:0.25,0.008338038429011003,10
G2,1,6,64,0,B-Tail-P:0.5,0.008342152182065316,10
G2,1,6,64,0,B-Tail-U:0.5,0.008342152182065316,10
G2,1,6,64,0,C-Budget:0.25,0.011292767814266195,10
G2,1,6,64,0,C-LP-Max:0.01,0.017851633383185274,10
G2,1,6,64,0,C-LP-Tail:0.1,0.00794715291379745,10
G2,1,6,64,0,C-LR:1.0,0.0231639542685469,10
G2,1,6,64,0,C-Soft-Cond:0.1,0.009528499547772193,10
G2,1,6,64,0,C-Soft:0.1,0.009535115141610727,10
G2,1,6,64,0,H-Conditional-FilterThenK,0.008342152182899343,10
G2,1,6,64,0,REF-EB,0.0032347715477262376,10
G2,1,6,64,4,A-Max,0.030271696490362127,10
G2,1,6,64,4,A-Mean,0.00700031100314485,10
G2,1,6,64,4,A-Tail-P:0.25,0.0076653242895458,10
G2,1,6,64,4,A-Tail-P:0.5,0.007341088131881784,10
G2,1,6,64,4,A-Tail-U:0.5,0.02638125330549196,10
G2,1,6,64,4,B-Max,0.01970267520328525,10
G2,1,6,64,4,B-Plugin,0.007551333231208918,10
G2,1,6,64,4,B-Tail-P:0.25,0.007610468817210089,10
G2,1,6,64,4,B-Tail-P:0.5,0.007544706170816595,10
G2,1,6,64,4,B-Tail-U:0.5,0.013048921767017252,10
G2,1,6,64,4,C-Budget:0.25,0.01234843857605917,10
G2,1,6,64,4,C-LP-Max:0.01,0.010953987094891754,10
G2,1,6,64,4,C-LP-Tail:0.1,0.004986748377059749,10
G2,1,6,64,4,C-LR:1.0,0.028434789311664453,10
G2,1,6,64,4,C-Soft-Cond:0.1,0.00704735541897617,10
G2,1,6,64,4,C-Soft:0.1,0.00704843940535813,10
G2,1,6,64,4,H-Conditional-FilterThenK,0.00870150630748244,10
G2,1,6,64,4,REF-EB,0.0040237884034729065,10
G2,1,6,64,16,A-Max,0.03485676403690689,10
G2,1,6,64,16,A-Mean,0.006015872927867631,10
G2,1,6,64,16,A-Tail-P:0.25,0.006271095477762218,10
G2,1,6,64,16,A-Tail-P:0.5,0.005538440284704258,10
G2,1,6,64,16,A-Tail-U:0.5,0.03172810429698982,10
G2,1,6,64,16,B-Max,0.02423511856246773,10
G2,1,6,64,16,B-Plugin,0.005554057676298054,10
G2,1,6,64,16,B-Tail-P:0.25,0.006363285853726239,10
G2,1,6,64,16,B-Tail-P:0.5,0.005568302622210213,10
G2,1,6,64,16,B-Tail-U:0.5,0.01840177788214498,10
G2,1,6,64,16,C-Budget:0.25,0.010255990849177206,10
G2,1,6,64,16,C-LP-Max:0.01,0.010001053326024002,10
G2,1,6,64,16,C-LP-Tail:0.1,0.0034370468471001856,10
G2,1,6,64,16,C-LR:1.0,0.03402720691998855,10
G2,1,6,64,16,C-Soft-Cond:0.1,0.006007713677338112,10
G2,1,6,64,16,C-Soft:0.1,0.006007001209713002,10
G2,1,6,64,16,H-Conditional-FilterThenK,0.007576319614200554,10
G2,1,6,64,16,REF-EB,0.004395995203931076,10
G2,1,6,64,64,A-Max,0.04652976657633866,10
G2,1,6,64,64,A-Mean,0.002804357290511753,10
G2,1,6,64,64,A-Tail-P:0.25,0.003007350367766853,10
G2,1,6,64,64,A-Tail-P:0.5,0.002783835873165143,10
G2,1,6,64,64,A-Tail-U:0.5,0.04403963338473361,10
G2,1,6,64,64,B-Max,0.03974706582221775,10
G2,1,6,64,64,B-Plugin,0.0027100615645596557,10
G2,1,6,64,64,B-Tail-P:0.25,0.0028173456702817973,10
G2,1,6,64,64,B-Tail-P:0.5,0.002737867751929378,10
G2,1,6,64,64,B-Tail-U:0.5,0.032216331058570455,10
G2,1,6,64,64,C-Budget:0.25,0.008050081168991084,10
G2,1,6,64,64,C-LP-Max:0.01,0.002860048741206045,10
G2,1,6,64,64,C-LP-Tail:0.1,0.0033245682988946265,10
G2,1,6,64,64,C-LR:1.0,0.045690875085772104,10
G2,1,6,64,64,C-Soft-Cond:0.1,0.0028043282652814284,10
G2,1,6,64,64,C-Soft:0.1,0.0028046506163774947,10
G2,1,6,64,64,H-Conditional-FilterThenK,0.0027319831991052647,10
G2,1,6,64,64,REF-EB,0.002728107180777486,10
G2,1,6,256,0,A-Max,0.024426431626911497,10
G2,1,6,256,0,A-Mean,0.006877391761947206,10
G2,1,6,256,0,A-Tail-P:0.25,0.007476157778032065,10
G2,1,6,256,0,A-Tail-P:0.5,0.007903906391073967,10
G2,1,6,256,0,A-Tail-U:0.5,0.020939080395155525,10
G2,1,6,256,0,B-Max,0.01676445664430756,10
G2,1,6,256,0,B-Plugin,0.007921008824099185,10
G2,1,6,256,0,B-Tail-P:0.25,0.007475882429904148,10
G2,1,6,256,0,B-Tail-P:0.5,0.007906141378014398,10
G2,1,6,256,0,B-Tail-U:0.5,0.007906141378014398,10
G2,1,6,256,0,C-Budget:0.25,0.011606077938608392,10
G2,1,6,256,0,C-LP-Max:0.01,0.017104165844322998,10
G2,1,6,256,0,C-LP-Tail:0.1,0.008038560682305369,10
G2,1,6,256,0,C-LR:1.0,0.023158825172644705,10
G2,1,6,256,0,C-Soft-Cond:0.1,0.00876637644896021,10
G2,1,6,256,0,C-Soft:0.1,0.008767393595632377,10
G2,1,6,256,0,H-Conditional-FilterThenK,0.007906141461582226,10
G2,1,6,256,0,REF-EB,0.002443150274414318,10
G2,1,6,256,4,A-Max,0.0315476905680781,10
G2,1,6,256,4,A-Mean,0.01018595067296319,10
G2,1,6,256,4,A-Tail-P:0.25,0.011574100456253995,10
G2,1,6,256,4,A-Tail-P:0.5,0.011726886217124597,10
G2,1,6,256,4,A-Tail-U:0.5,0.02606786432195135,10
G2,1,6,256,4,B-Max,0.022274201901194855,10
G2,1,6,256,4,B-Plugin,0.012102921733499417,10
G2,1,6,256,4,B-Tail-P:0.25,0.01145359898446904,10
G2,1,6,256,4,B-Tail-P:0.5,0.011643733121960717,10
G2,1,6,256,4,B-Tail-U:0.5,0.012198372508191092,10
G2,1,6,256,4,C-Budget:0.25,0.0135251176657357,10
G2,1,6,256,4,C-LP-Max:0.01,0.01870583263352914,10
G2,1,6,256,4,C-LP-Tail:0.1,0.008107010684998212,10
G2,1,6,256,4,C-LR:1.0,0.029678577779911834,10
G2,1,6,256,4,C-Soft-Cond:0.1,0.010362929140962185,10
G2,1,6,256,4,C-Soft:0.1,0.010365624048923711,10
G2,1,6,256,4,H-Conditional-FilterThenK,0.012688048619721337,10
G2,1,6,256,4,REF-EB,0.004107765729808503,10
G2,1,6,256,16,A-Max,0.03556995250606108,10
G2,1,6,256,16,A-Mean,0.004843294084325643,10
G2,1,6,256,16,A-Tail-P:0.25,0.005105221981218983,10
G2,1,6,256,16,A-Tail-P:0.5,0.004121152641632864,10
G2,1,6,256,16,A-Tail-U:0.5,0.033091027384725795,10
G2,1,6,256,16,B-Max,0.025102510028735675,10
G2,1,6,256,16,B-Plugin,0.004091950074525391,10
G2,1,6,256,16,B-Tail-P:0.25,0.0050848955099361695,10
G2,1,6,256,16,B-Tail-P:0.5,0.004133879435072663,10
G2,1,6,256,16,B-Tail-U:0.5,0.01778834855205207,10
G2,1,6,256,16,C-Budget:0.25,0.01694756891816701,10
G2,1,6,256,16,C-LP-Max:0.01,0.006789847870716929,10
G2,1,6,256,16,C-LP-Tail:0.1,0.005629744504021478,10
G2,1,6,256,16,C-LR:1.0,0.03462842772176155,10
G2,1,6,256,16,C-Soft-Cond:0.1,0.004791941249952263,10
G2,1,6,256,16,C-Soft:0.1,0.004791862788778069,10
G2,1,6,256,16,H-Conditional-FilterThenK,0.006155881897216668,10
G2,1,6,256,16,REF-EB,0.0031484614332689736,10
G2,1,6,256,64,A-Max,0.04502035351206106,10
G2,1,6,256,64,A-Mean,0.0015447955096569322,10
G2,1,6,256,64,A-Tail-P:0.25,0.0015180848062959647,10
G2,1,6,256,64,A-Tail-P:0.5,0.0015468451262419809,10
G2,1,6,256,64,A-Tail-U:0.5,0.03899827639710273,10
G2,1,6,256,64,B-Max,0.035215793133190156,10
G2,1,6,256,64,B-Plugin,0.0015266678058676686,10
G2,1,6,256,64,B-Tail-P:0.25,0.0015512393237542372,10
G2,1,6,256,64,B-Tail-P:0.5,0.0015175821900101432,10
G2,1,6,256,64,B-Tail-U:0.5,0.024172209852617376,10
G2,1,6,256,64,C-Budget:0.25,0.013932386858384932,10
G2,1,6,256,64,C-LP-Max:0.01,0.0017731286312142164,10
G2,1,6,256,64,C-LP-Tail:0.1,0.0038123534669139,10
G2,1,6,256,64,C-LR:1.0,0.04461223172747082,10
G2,1,6,256,64,C-Soft-Cond:0.1,0.0015460919791544566,10
G2,1,6,256,64,C-Soft:0.1,0.0015459991138915181,10
G2,1,6,256,64,H-Conditional-FilterThenK,0.0017313014919666122,10
G2,1,6,256,64,REF-EB,0.0013759409382767096,10
G2,1,7,64,0,A-Max,0.055337734452318245,10
G2,1,7,64,0,A-Mean,0.0376718636934329,10
G2,1,7,64,0,A-Tail-P:0.25,0.041323326011349956,10
G2,1,7,64,0,A-Tail-P:0.5,0.03874004958076184,10
G2,1,7,64,0,A-Tail-U:0.5,0.047489748121204683,10
G2,1,7,64,0,B-Max,0.05933890288741663,10
G2,1,7,64,0,B-Plugin,0.03964896880071732,10
G2,1,7,64,0,B-Tail-P:0.25,0.04132481086419998,10
G2,1,7,64,0,B-Tail-P:0.5,0.03889842844571421,10
G2,1,7,64,0,B-Tail-U:0.5,0.03889842844571421,10
G2,1,7,64,0,C-Budget:0.25,0.04158209359814941,10
G2,1,7,64,0,C-LP-Max:0.01,0.05978522278996984,10
G2,1,7,64,0,C-LP-Tail:0.1,0.03818409038430506,10
G2,1,7,64,0,C-LR:1.0,0.0527314762832987,10
G2,1,7,64,0,C-Soft-Cond:0.1,0.04213915297243792,10
G2,1,7,64,0,C-Soft:0.1,0.04214482474054617,10
G2,1,7,64,0,H-Conditional-FilterThenK,0.03889842844774065,10
G2,1,7,64,0,REF-EB,0.02995246509195546,10
G2,1,7,64,4,A-Max,0.0528529394215632,10
G2,1,7,64,4,A-Mean,0.009675283676855996,10
G2,1,7,64,4,A-Tail-P:0.25,0.009720023489356255,10
G2,1,7,64,4,A-Tail-P:0.5,0.008973592706730473,10
G2,1,7,64,4,A-Tail-U:0.5,0.06163143771835735,10
G2,1,7,64,4,B-Max,0.055477050891529114,10
G2,1,7,64,4,B-Plugin,0.00891557799296328,10
G2,1,7,64,4,B-Tail-P:0.25,0.009628373068206433,10
G2,1,7,64,4,B-Tail-P:0.5,0.008808689858129371,10
G2,1,7,64,4,B-Tail-U:0.5,0.05408729873793322,10
G2,1,7,64,4,C-Budget:0.25,0.043061658736662296,10
G2,1,7,64,4,C-LP-Max:0.01,0.028764523160607965,10
G2,1,7,64,4,C-LP-Tail:0.1,0.03335035273884705,10
G2,1,7,64,4,C-LR:1.0,0.054166519327460486,10
G2,1,7,64,4,C-Soft-Cond:0.1,0.011028633079122274,10
G2,1,7,64,4,C-Soft:0.1,0.011027369093033318,10
G2,1,7,64,4,H-Conditional-FilterThenK,0.009609715653063436,10
G2,1,7,64,4,REF-EB,0.014457238307541956,10
G2,1,7,64,16,A-Max,0.05201406993235095,10
G2,1,7,64,16,A-Mean,0.0050675005399457695,10
G2,1,7,64,16,A-Tail-P:0.25,0.004361315531020497,10
G2,1,7,64,16,A-Tail-P:0.5,0.004971271747308549,10
G2,1,7,64,16,A-Tail-U:0.5,0.06394957139691036,10
G2,1,7,64,16,B-Max,0.053594014178272496,10
G2,1,7,64,16,B-Plugin,0.005121177437665475,10
G2,1,7,64,16,B-Tail-P:0.25,0.004337787238655005,10
G2,1,7,64,16,B-Tail-P:0.5,0.004938520873867033,10
G2,1,7,64,16,B-Tail-U:0.5,0.05469185220928907,10
G2,1,7,64,16,C-Budget:0.25,0.028526637244998498,10
G2,1,7,64,16,C-LP-Max:0.01,0.00811055230804771,10
G2,1,7,64,16,C-LP-Tail:0.1,0.01671604139272894,10
G2,1,7,64,16,C-LR:1.0,0.05369050674560909,10
G2,1,7,64,16,C-Soft-Cond:0.1,0.005018137708035544,10
G2,1,7,64,16,C-Soft:0.1,0.005019047554958239,10
G2,1,7,64,16,H-Conditional-FilterThenK,0.00538232772360357,10
G2,1,7,64,16,REF-EB,0.006953243914511439,10
G2,1,7,64,64,A-Max,0.054362654699275224,10
G2,1,7,64,64,A-Mean,0.0014452626725065985,10
G2,1,7,64,64,A-Tail-P:0.25,0.0016422005764669873,10
G2,1,7,64,64,A-Tail-P:0.5,0.0015120300308645329,10
G2,1,7,64,64,A-Tail-U:0.5,0.06425636262736245,10
G2,1,7,64,64,B-Max,0.05621728198343241,10
G2,1,7,64,64,B-Plugin,0.0013756915681693628,10
G2,1,7,64,64,B-Tail-P:0.25,0.0016967463313947602,10
G2,1,7,64,64,B-Tail-P:0.5,0.0015117907249690122,10
G2,1,7,64,64,B-Tail-U:0.5,0.05077183971488908,10
G2,1,7,64,64,C-Budget:0.25,0.015582852213540898,10
G2,1,7,64,64,C-LP-Max:0.01,0.0015329579427492473,10
G2,1,7,64,64,C-LP-Tail:0.1,0.01226139587134787,10
G2,1,7,64,64,C-LR:1.0,0.057147372155283906,10
G2,1,7,64,64,C-Soft-Cond:0.1,0.0014457344922817897,10
G2,1,7,64,64,C-Soft:0.1,0.0014450948592375774,10
G2,1,7,64,64,H-Conditional-FilterThenK,0.001538601758151548,10
G2,1,7,64,64,REF-EB,0.0012365301072607058,10
G2,1,7,256,0,A-Max,0.055337782465807325,10
G2,1,7,256,0,A-Mean,0.037672711977049085,10
G2,1,7,256,0,A-Tail-P:0.25,0.040299732148687796,10
G2,1,7,256,0,A-Tail-P:0.5,0.03967352076913584,10
G2,1,7,256,0,A-Tail-U:0.5,0.04745623652948912,10
G2,1,7,256,0,B-Max,0.060603326350964846,10
G2,1,7,256,0,B-Plugin,0.039635715703009194,10
G2,1,7,256,0,B-Tail-P:0.25,0.04029961042672185,10
G2,1,7,256,0,B-Tail-P:0.5,0.03969079318938338,10
G2,1,7,256,0,B-Tail-U:0.5,0.03969079318938338,10
G2,1,7,256,0,C-Budget:0.25,0.041882972018560775,10
G2,1,7,256,0,C-LP-Max:0.01,0.060834145672569964,10
G2,1,7,256,0,C-LP-Tail:0.1,0.03870835816622918,10
G2,1,7,256,0,C-LR:1.0,0.052822088197770546,10
G2,1,7,256,0,C-Soft-Cond:0.1,0.042285005655395246,10
G2,1,7,256,0,C-Soft:0.1,0.04228668992986985,10
G2,1,7,256,0,H-Conditional-FilterThenK,0.039690793189418365,10
G2,1,7,256,0,REF-EB,0.03059719524380534,10
G2,1,7,256,4,A-Max,0.055446792916073,10
G2,1,7,256,4,A-Mean,0.02145329414382063,10
G2,1,7,256,4,A-Tail-P:0.25,0.021535718729699383,10
G2,1,7,256,4,A-Tail-P:0.5,0.022582366898054602,10
G2,1,7,256,4,A-Tail-U:0.5,0.05969363261860289,10
G2,1,7,256,4,B-Max,0.05769042495721528,10
G2,1,7,256,4,B-Plugin,0.02279115973000559,10
G2,1,7,256,4,B-Tail-P:0.25,0.02153868542120123,10
G2,1,7,256,4,B-Tail-P:0.5,0.022781638691870238,10
G2,1,7,256,4,B-Tail-U:0.5,0.05180410377150766,10
G2,1,7,256,4,C-Budget:0.25,0.04593743786329808,10
G2,1,7,256,4,C-LP-Max:0.01,0.036693369166247755,10
G2,1,7,256,4,C-LP-Tail:0.1,0.03681880894675833,10
G2,1,7,256,4,C-LR:1.0,0.055822094877676406,10
G2,1,7,256,4,C-Soft-Cond:0.1,0.02258215746953885,10
G2,1,7,256,4,C-Soft:0.1,0.02258190369546666,10
G2,1,7,256,4,H-Conditional-FilterThenK,0.02710171098278898,10
G2,1,7,256,4,REF-EB,0.015358208089780955,10
G2,1,7,256,16,A-Max,0.05126279829337725,10
G2,1,7,256,16,A-Mean,0.004446264749573376,10
G2,1,7,256,16,A-Tail-P:0.25,0.003998041890166004,10
G2,1,7,256,16,A-Tail-P:0.5,0.004568251695014123,10
G2,1,7,256,16,A-Tail-U:0.5,0.06191623268918507,10
G2,1,7,256,16,B-Max,0.053576785920036674,10
G2,1,7,256,16,B-Plugin,0.004578457717905124,10
G2,1,7,256,16,B-Tail-P:0.25,0.0039537199895382106,10
G2,1,7,256,16,B-Tail-P:0.5,0.004581855560189309,10
G2,1,7,256,16,B-Tail-U:0.5,0.052117231580662046,10
G2,1,7,256,16,C-Budget:0.25,0.04506365618952256,10
G2,1,7,256,16,C-LP-Max:0.01,0.008213565598844924,10
G2,1,7,256,16,C-LP-Tail:0.1,0.033972076346803194,10
G2,1,7,256,16,C-LR:1.0,0.05310168140215023,10
G2,1,7,256,16,C-Soft-Cond:0.1,0.004501414362407489,10
G2,1,7,256,16,C-Soft:0.1,0.004501676291376679,10
G2,1,7,256,16,H-Conditional-FilterThenK,0.005140581694268344,10
G2,1,7,256,16,REF-EB,0.005903915055604266,10
G2,1,7,256,64,A-Max,0.055603964950714714,10
G2,1,7,256,64,A-Mean,0.0010757280700096092,10
G2,1,7,256,64,A-Tail-P:0.25,0.0014850421515505946,10
G2,1,7,256,64,A-Tail-P:0.5,0.0011533564169159218,10
G2,1,7,256,64,A-Tail-U:0.5,0.06326874021781628,10
G2,1,7,256,64,B-Max,0.05716603406779632,10
G2,1,7,256,64,B-Plugin,0.0010839165641767293,10
G2,1,7,256,64,B-Tail-P:0.25,0.001547141805092372,10
G2,1,7,256,64,B-Tail-P:0.5,0.0011509939485273672,10
G2,1,7,256,64,B-Tail-U:0.5,0.05041025270230344,10
G2,1,7,256,64,C-Budget:0.25,0.030596218438690675,10
G2,1,7,256,64,C-LP-Max:0.01,0.0011189133477368886,10
G2,1,7,256,64,C-LP-Tail:0.1,0.016609179039357082,10
G2,1,7,256,64,C-LR:1.0,0.05812795378741294,10
G2,1,7,256,64,C-Soft-Cond:0.1,0.0010794385742861022,10
G2,1,7,256,64,C-Soft:0.1,0.00107951530956514,10
G2,1,7,256,64,H-Conditional-FilterThenK,0.0011455362238513504,10
G2,1,7,256,64,REF-EB,0.001051006661226403,10
G2,2,0,64,0,A-Max,0.006055346176692089,10
G2,2,0,64,0,A-Mean,0.0010649577285408143,10
G2,2,0,64,0,A-Tail-P:0.25,0.001802737119423781,10
G2,2,0,64,0,A-Tail-P:0.5,0.001204735085482506,10
G2,2,0,64,0,A-Tail-U:0.5,0.0009892987546937615,10
G2,2,0,64,0,B-Max,0.009393263949012019,10
G2,2,0,64,0,B-Plugin,0.0014355316830566786,10
G2,2,0,64,0,B-Tail-P:0.25,0.0017889801600501887,10
G2,2,0,64,0,B-Tail-P:0.5,0.0012841972641433222,10
G2,2,0,64,0,B-Tail-U:0.5,0.0012841972641433222,10
G2,2,0,64,0,C-Budget:0.25,0.001267407078381963,10
G2,2,0,64,0,C-LP-Max:0.01,0.009544187030234876,10
G2,2,0,64,0,C-LP-Tail:0.1,0.0027163861956531385,10
G2,2,0,64,0,C-LR:1.0,0.004737788098112862,10
G2,2,0,64,0,C-Soft-Cond:0.1,0.0012314650995560166,10
G2,2,0,64,0,C-Soft:0.1,0.0012312800250517063,10
G2,2,0,64,0,H-Conditional-FilterThenK,0.0012841972255025155,10
G2,2,0,64,0,REF-EB,0.00137807203489759,10
G2,2,0,64,4,A-Max,0.007131489770770901,10
G2,2,0,64,4,A-Mean,0.013934170467474666,10
G2,2,0,64,4,A-Tail-P:0.25,0.01553375791051235,10
G2,2,0,64,4,A-Tail-P:0.5,0.017127662868307428,10
G2,2,0,64,4,A-Tail-U:0.5,0.001586280856740931,10
G2,2,0,64,4,B-Max,0.010059731091497864,10
G2,2,0,64,4,B-Plugin,0.018727756942519515,10
G2,2,0,64,4,B-Tail-P:0.25,0.015534444775411004,10
G2,2,0,64,4,B-Tail-P:0.5,0.017079202467189813,10
G2,2,0,64,4,B-Tail-U:0.5,0.0009000056023819542,10
G2,2,0,64,4,C-Budget:0.25,0.0012787994485092043,10
G2,2,0,64,4,C-LP-Max:0.01,0.01999656712153095,10
G2,2,0,64,4,C-LP-Tail:0.1,0.0014489888534999402,10
G2,2,0,64,4,C-LR:1.0,0.0057569299610766254,10
G2,2,0,64,4,C-Soft-Cond:0.1,0.013297690025346356,10
G2,2,0,64,4,C-Soft:0.1,0.013321995246055585,10
G2,2,0,64,4,H-Conditional-FilterThenK,0.01761408483895935,10
G2,2,0,64,4,REF-EB,0.0040113528151022705,10
G2,2,0,64,16,A-Max,0.006661561306157348,10
G2,2,0,64,16,A-Mean,0.0028649386991153455,10
G2,2,0,64,16,A-Tail-P:0.25,0.0031888945454996917,10
G2,2,0,64,16,A-Tail-P:0.5,0.002903825441506881,10
G2,2,0,64,16,A-Tail-U:0.5,0.002115985324104268,10
G2,2,0,64,16,B-Max,0.01002874833416854,10
G2,2,0,64,16,B-Plugin,0.002787808718254319,10
G2,2,0,64,16,B-Tail-P:0.25,0.0032564804459719794,10
G2,2,0,64,16,B-Tail-P:0.5,0.0028646477286230375,10
G2,2,0,64,16,B-Tail-U:0.5,0.001261924161618514,10
G2,2,0,64,16,C-Budget:0.25,0.001671359247569746,10
G2,2,0,64,16,C-LP-Max:0.01,0.004021568509308815,10
G2,2,0,64,16,C-LP-Tail:0.1,0.0021065058879650924,10
G2,2,0,64,16,C-LR:1.0,0.0056673620851867765,10
G2,2,0,64,16,C-Soft-Cond:0.1,0.0028804784213852623,10
G2,2,0,64,16,C-Soft:0.1,0.0028806662726768286,10
G2,2,0,64,16,H-Conditional-FilterThenK,0.003012769134398294,10
G2,2,0,64,16,REF-EB,0.002132492008607903,10
G2,2,0,64,64,A-Max,0.0067834647052460425,10
G2,2,0,64,64,A-Mean,0.0022290155258877496,10
G2,2,0,64,64,A-Tail-P:0.25,0.0021991419926450763,10
G2,2,0,64,64,A-Tail-P:0.5,0.0023066789545024176,10
G2,2,0,64,64,A-Tail-U:0.5,0.00220369421533967,10
G2,2,0,64,64,B-Max,0.009664359197108908,10
G2,2,0,64,64,B-Plugin,0.0022762638337300274,10
G2,2,0,64,64,B-Tail-P:0.25,0.0022278800376542658,10
G2,2,0,64,64,B-Tail-P:0.5,0.0022279948615921254,10
G2,2,0,64,64,B-Tail-U:0.5,0.0006451606494015892,10
G2,2,0,64,64,C-Budget:0.25,0.0021405864598485675,10
G2,2,0,64,64,C-LP-Max:0.01,0.0026888375444291198,10
G2,2,0,64,64,C-LP-Tail:0.1,0.0025830625986753243,10
G2,2,0,64,64,C-LR:1.0,0.005802029167237601,10
G2,2,0,64,64,C-Soft-Cond:0.1,0.0022292585767123363,10
G2,2,0,64,64,C-Soft:0.1,0.002229684308540528,10
G2,2,0,64,64,H-Conditional-FilterThenK,0.0023159581967106455,10
G2,2,0,64,64,REF-EB,0.0019084123051141427,10
G2,2,0,256,0,A-Max,0.006055349795271555,10
G2,2,0,256,0,A-Mean,0.000308721745755025,10
G2,2,0,256,0,A-Tail-P:0.25,0.0010511660175866436,10
G2,2,0,256,0,A-Tail-P:0.5,0.0004963676729097559,10
G2,2,0,256,0,A-Tail-U:0.5,0.0008979141082000087,10
G2,2,0,256,0,B-Max,0.008898533098511146,10
G2,2,0,256,0,B-Plugin,0.0006267928137862716,10
G2,2,0,256,0,B-Tail-P:0.25,0.0010468969830344473,10
G2,2,0,256,0,B-Tail-P:0.5,0.0005576550476714076,10
G2,2,0,256,0,B-Tail-U:0.5,0.0005576550476714076,10
G2,2,0,256,0,C-Budget:0.25,0.0005795513258985167,10
G2,2,0,256,0,C-LP-Max:0.01,0.00899284058934532,10
G2,2,0,256,0,C-LP-Tail:0.1,0.001068430718043286,10
G2,2,0,256,0,C-LR:1.0,0.004751651457492663,10
G2,2,0,256,0,C-Soft-Cond:0.1,0.0005052897980063711,10
G2,2,0,256,0,C-Soft:0.1,0.0005048457260191036,10
G2,2,0,256,0,H-Conditional-FilterThenK,0.0005576478316169023,10
G2,2,0,256,0,REF-EB,0.000699679718462744,10
G2,2,0,256,4,A-Max,0.006406809531245868,10
G2,2,0,256,4,A-Mean,0.004473964774588345,10
G2,2,0,256,4,A-Tail-P:0.25,0.004434715533555894,10
G2,2,0,256,4,A-Tail-P:0.5,0.004035860462065676,10
G2,2,0,256,4,A-Tail-U:0.5,0.0017658301400166943,10
G2,2,0,256,4,B-Max,0.009242953204246824,10
G2,2,0,256,4,B-Plugin,0.004011524054038472,10
G2,2,0,256,4,B-Tail-P:0.25,0.004416760520925716,10
G2,2,0,256,4,B-Tail-P:0.5,0.00401336994819298,10
G2,2,0,256,4,B-Tail-U:0.5,0.0010735187951217444,10
G2,2,0,256,4,C-Budget:0.25,0.0012347810006478473,10
G2,2,0,256,4,C-LP-Max:0.01,0.007296852823698824,10
G2,2,0,256,4,C-LP-Tail:0.1,0.001305763549348116,10
G2,2,0,256,4,C-LR:1.0,0.005342256339236346,10
G2,2,0,256,4,C-Soft-Cond:0.1,0.004510924467002461,10
G2,2,0,256,4,C-Soft:0.1,0.0045099653423177,10
G2,2,0,256,4,H-Conditional-FilterThenK,0.004868882372279783,10
G2,2,0,256,4,REF-EB,0.0029222177903305852,10
G2,2,0,256,16,A-Max,0.006783464013871364,10
G2,2,0,256,16,A-Mean,0.005985401212765923,10
G2,2,0,256,16,A-Tail-P:0.25,0.006726478225597804,10
G2,2,0,256,16,A-Tail-P:0.5,0.006017748299126943,10
G2,2,0,256,16,A-Tail-U:0.5,0.001972398953009589,10
G2,2,0,256,16,B-Max,0.009829255734873183,10
G2,2,0,256,16,B-Plugin,0.005992792584865795,10
G2,2,0,256,16,B-Tail-P:0.25,0.006681865109045532,10
G2,2,0,256,16,B-Tail-P:0.5,0.0059366767592060315,10
G2,2,0,256,16,B-Tail-U:0.5,0.0006939564233926925,10
G2,2,0,256,16,C-Budget:0.25,0.001109382226846119,10
G2,2,0,256,16,C-LP-Max:0.01,0.00575692972870333,10
G2,2,0,256,16,C-LP-Tail:0.1,0.0011428720639697159,10
G2,2,0,256,16,C-LR:1.0,0.005808188469041344,10
G2,2,0,256,16,C-Soft-Cond:0.1,0.005969634914647688,10
G2,2,0,256,16,C-Soft:0.1,0.005969222862651478,10
G2,2,0,256,16,H-Conditional-FilterThenK,0.006108562998795439,10
G2,2,0,256,16,REF-EB,0.004003627166365554,10
G2,2,0,256,64,A-Max,0.0067834532153865715,10
G2,2,0,256,64,A-Mean,0.0004836722474205522,10
G2,2,0,256,64,A-Tail-P:0.25,0.0004834655409061972,10
G2,2,0,256,64,A-Tail-P:0.5,0.0004885752335809948,10
G2,2,0,256,64,A-Tail-U:0.5,0.0013435410591701425,10
G2,2,0,256,64,B-Max,0.009700619507762053,10
G2,2,0,256,64,B-Plugin,0.000455228705602283,10
G2,2,0,256,64,B-Tail-P:0.25,0.0005054943509927502,10
G2,2,0,256,64,B-Tail-P:0.5,0.000493246550909368,10
G2,2,0,256,64,B-Tail-U:0.5,0.00019583600756844762,10
G2,2,0,256,64,C-Budget:0.25,0.0004958264178749971,10
G2,2,0,256,64,C-LP-Max:0.01,0.0005581803587419397,10
G2,2,0,256,64,C-LP-Tail:0.1,0.0013079822802615777,10
G2,2,0,256,64,C-LR:1.0,0.005798177592698918,10
G2,2,0,256,64,C-Soft-Cond:0.1,0.0004838311700491817,10
G2,2,0,256,64,C-Soft:0.1,0.000483601921574909,10
G2,2,0,256,64,H-Conditional-FilterThenK,0.000504193554849096,10
G2,2,0,256,64,REF-EB,0.0004491085626910607,10
G2,2,1,64,0,A-Max,0.05544385712297464,10
G2,2,1,64,0,A-Mean,0.026126066505250928,10
G2,2,1,64,0,A-Tail-P:0.25,0.0364744951970301,10
G2,2,1,64,0,A-Tail-P:0.5,0.030582353486294078,10
G2,2,1,64,0,A-Tail-U:0.5,0.03580328368737641,10
G2,2,1,64,0,B-Max,0.06753131156833045,10
G2,2,1,64,0,B-Plugin,0.03225477903603781,10
G2,2,1,64,0,B-Tail-P:0.25,0.0363561535445607,10
G2,2,1,64,0,B-Tail-P:0.5,0.03217829088814244,10
G2,2,1,64,0,B-Tail-U:0.5,0.03217829088814244,10
G2,2,1,64,0,C-Budget:0.25,0.03166265962402599,10
G2,2,1,64,0,C-LP-Max:0.01,0.06791482362936355,10
G2,2,1,64,0,C-LP-Tail:0.1,0.029700603789887613,10
G2,2,1,64,0,C-LR:1.0,0.05407362587107247,10
G2,2,1,64,0,C-Soft-Cond:0.1,0.031199621012872887,10
G2,2,1,64,0,C-Soft:0.1,0.031197985700641882,10
G2,2,1,64,0,H-Conditional-FilterThenK,0.03217830065275725,10
G2,2,1,64,0,REF-EB,0.019460527085483063,10
G2,2,1,64,4,A-Max,0.05236874894143164,10
G2,2,1,64,4,A-Mean,0.009293991065834211,10
G2,2,1,64,4,A-Tail-P:0.25,0.012725379550958264,10
G2,2,1,64,4,A-Tail-P:0.5,0.010123734528793591,10
G2,2,1,64,4,A-Tail-U:0.5,0.04344060359499699,10
G2,2,1,64,4,B-Max,0.06551449385525505,10
G2,2,1,64,4,B-Plugin,0.010588459817807748,10
G2,2,1,64,4,B-Tail-P:0.25,0.012867877972037886,10
G2,2,1,64,4,B-Tail-P:0.5,0.010006319835871505,10
G2,2,1,64,4,B-Tail-U:0.5,0.032319494773048,10
G2,2,1,64,4,C-Budget:0.25,0.02836717749130476,10
G2,2,1,64,4,C-LP-Max:0.01,0.015717271412412675,10
G2,2,1,64,4,C-LP-Tail:0.1,0.02002202687368036,10
G2,2,1,64,4,C-LR:1.0,0.05277372674702232,10
G2,2,1,64,4,C-Soft-Cond:0.1,0.010021110961993736,10
G2,2,1,64,4,C-Soft:0.1,0.010020969164932416,10
G2,2,1,64,4,H-Conditional-FilterThenK,0.015087432098100342,10
G2,2,1,64,4,REF-EB,0.0052006567532261756,10
G2,2,1,64,16,A-Max,0.052713499421774765,10
G2,2,1,64,16,A-Mean,0.0011444651256013925,10
G2,2,1,64,16,A-Tail-P:0.25,0.001329090027480553,10
G2,2,1,64,16,A-Tail-P:0.5,0.0012933553633972467,10
G2,2,1,64,16,A-Tail-U:0.5,0.04157471023926666,10
G2,2,1,64,16,B-Max,0.06436890232246957,10
G2,2,1,64,16,B-Plugin,0.0016063058715476812,10
G2,2,1,64,16,B-Tail-P:0.25,0.0014510375877793019,10
G2,2,1,64,16,B-Tail-P:0.5,0.0013282901724955454,10
G2,2,1,64,16,B-Tail-U:0.5,0.03157491179919716,10
G2,2,1,64,16,C-Budget:0.25,0.013796981515607687,10
G2,2,1,64,16,C-LP-Max:0.01,0.0007529612487309665,10
G2,2,1,64,16,C-LP-Tail:0.1,0.009985441448486714,10
G2,2,1,64,16,C-LR:1.0,0.053006958908980294,10
G2,2,1,64,16,C-Soft-Cond:0.1,0.0011468159569960814,10
G2,2,1,64,16,C-Soft:0.1,0.001147854647349571,10
G2,2,1,64,16,H-Conditional-FilterThenK,0.0010018720729237762,10
G2,2,1,64,16,REF-EB,0.002268935964679481,10
G2,2,1,64,64,A-Max,0.051864522827118884,10
G2,2,1,64,64,A-Mean,0.0007099030485941754,10
G2,2,1,64,64,A-Tail-P:0.25,0.0007151490472878917,10
G2,2,1,64,64,A-Tail-P:0.5,0.0007078655755614045,10
G2,2,1,64,64,A-Tail-U:0.5,0.04109742176157377,10
G2,2,1,64,64,B-Max,0.06336908806248928,10
G2,2,1,64,64,B-Plugin,0.0008279857684736138,10
G2,2,1,64,64,B-Tail-P:0.25,0.0007210948856869633,10
G2,2,1,64,64,B-Tail-P:0.5,0.000713480893186687,10
G2,2,1,64,64,B-Tail-U:0.5,0.03083409250265156,10
G2,2,1,64,64,C-Budget:0.25,0.008788094377822346,10
G2,2,1,64,64,C-LP-Max:0.01,0.000745488407766275,10
G2,2,1,64,64,C-LP-Tail:0.1,0.0042081997512324314,10
G2,2,1,64,64,C-LR:1.0,0.05222751359512203,10
G2,2,1,64,64,C-Soft-Cond:0.1,0.0007099126553138169,10
G2,2,1,64,64,C-Soft:0.1,0.0007100210261248329,10
G2,2,1,64,64,H-Conditional-FilterThenK,0.0007124599595027394,10
G2,2,1,64,64,REF-EB,0.0008127256753000009,10
G2,2,1,256,0,A-Max,0.05544385822604421,10
G2,2,1,256,0,A-Mean,0.026159396819832332,10
G2,2,1,256,0,A-Tail-P:0.25,0.03610642718308389,10
G2,2,1,256,0,A-Tail-P:0.5,0.03141525373031943,10
G2,2,1,256,0,A-Tail-U:0.5,0.03471780532338626,10
G2,2,1,256,0,B-Max,0.06784062507017627,10
G2,2,1,256,0,B-Plugin,0.03228106267211373,10
G2,2,1,256,0,B-Tail-P:0.25,0.036042803311157126,10
G2,2,1,256,0,B-Tail-P:0.5,0.032225572437272705,10
G2,2,1,256,0,B-Tail-U:0.5,0.032225572437272705,10
G2,2,1,256,0,C-Budget:0.25,0.031413107927020276,10
G2,2,1,256,0,C-LP-Max:0.01,0.06809833162307087,10
G2,2,1,256,0,C-LP-Tail:0.1,0.028648317242528764,10
G2,2,1,256,0,C-LR:1.0,0.05410496445129157,10
G2,2,1,256,0,C-Soft-Cond:0.1,0.031249135950518973,10
G2,2,1,256,0,C-Soft:0.1,0.03124824919109493,10
G2,2,1,256,0,H-Conditional-FilterThenK,0.032225095485843326,10
G2,2,1,256,0,REF-EB,0.019693028521691365,10
G2,2,1,256,4,A-Max,0.05318636815075728,10
G2,2,1,256,4,A-Mean,0.004511729093159343,10
G2,2,1,256,4,A-Tail-P:0.25,0.007934518899982316,10
G2,2,1,256,4,A-Tail-P:0.5,0.005600101601040017,10
G2,2,1,256,4,A-Tail-U:0.5,0.04209799921562458,10
G2,2,1,256,4,B-Max,0.06517876787382745,10
G2,2,1,256,4,B-Plugin,0.0056371617374114035,10
G2,2,1,256,4,B-Tail-P:0.25,0.007829349974284762,10
G2,2,1,256,4,B-Tail-P:0.5,0.005587032821266038,10
G2,2,1,256,4,B-Tail-U:0.5,0.03190645546317395,10
G2,2,1,256,4,C-Budget:0.25,0.032489448257812234,10
G2,2,1,256,4,C-LP-Max:0.01,0.013720048410695929,10
G2,2,1,256,4,C-LP-Tail:0.1,0.022240141624282832,10
G2,2,1,256,4,C-LR:1.0,0.05333780319389079,10
G2,2,1,256,4,C-Soft-Cond:0.1,0.005140004004857512,10
G2,2,1,256,4,C-Soft:0.1,0.005140239315077554,10
G2,2,1,256,4,H-Conditional-FilterThenK,0.006605039594869527,10
G2,2,1,256,4,REF-EB,0.005643590544132391,10
G2,2,1,256,16,A-Max,0.05145335626416405,10
G2,2,1,256,16,A-Mean,0.0004423270096971359,10
G2,2,1,256,16,A-Tail-P:0.25,0.0006264158306347622,10
G2,2,1,256,16,A-Tail-P:0.5,0.0005660264216657488,10
G2,2,1,256,16,A-Tail-U:0.5,0.04142661780925602,10
G2,2,1,256,16,B-Max,0.06311559388533435,10
G2,2,1,256,16,B-Plugin,0.0005720556162002736,10
G2,2,1,256,16,B-Tail-P:0.25,0.0006826557484282134,10
G2,2,1,256,16,B-Tail-P:0.5,0.0005475160039391439,10
G2,2,1,256,16,B-Tail-U:0.5,0.02965106748858646,10
G2,2,1,256,16,C-Budget:0.25,0.0230431407980908,10
G2,2,1,256,16,C-LP-Max:0.01,0.00026240244554673206,10
G2,2,1,256,16,C-LP-Tail:0.1,0.016519750269642943,10
G2,2,1,256,16,C-LR:1.0,0.05191506341835719,10
G2,2,1,256,16,C-Soft-Cond:0.1,0.0004437339763180458,10
G2,2,1,256,16,C-Soft:0.1,0.000443582746909835,10
G2,2,1,256,16,H-Conditional-FilterThenK,0.0003555425772191566,10
G2,2,1,256,16,REF-EB,0.0010520644963968409,10
G2,2,1,256,64,A-Max,0.05190189280893194,10
G2,2,1,256,64,A-Mean,0.0003618958241944906,10
G2,2,1,256,64,A-Tail-P:0.25,0.0003587634952202241,10
G2,2,1,256,64,A-Tail-P:0.5,0.00036905898791798306,10
G2,2,1,256,64,A-Tail-U:0.5,0.04188842165891451,10
G2,2,1,256,64,B-Max,0.06342232228946079,10
G2,2,1,256,64,B-Plugin,0.0003321687381635975,10
G2,2,1,256,64,B-Tail-P:0.25,0.00037013966070233276,10
G2,2,1,256,64,B-Tail-P:0.5,0.000367199138056343,10
G2,2,1,256,64,B-Tail-U:0.5,0.030624056623268232,10
G2,2,1,256,64,C-Budget:0.25,0.013792522247304678,10
G2,2,1,256,64,C-LP-Max:0.01,0.0003637983832925849,10
G2,2,1,256,64,C-LP-Tail:0.1,0.008327565944462326,10
G2,2,1,256,64,C-LR:1.0,0.05234084944328169,10
G2,2,1,256,64,C-Soft-Cond:0.1,0.00036190655466935244,10
G2,2,1,256,64,C-Soft:0.1,0.0003616494043470127,10
G2,2,1,256,64,H-Conditional-FilterThenK,0.0003713392228072268,10
G2,2,1,256,64,REF-EB,0.00038487875240102393,10
G2,2,2,64,0,A-Max,0.07508544525935974,10
G2,2,2,64,0,A-Mean,0.09361344873826224,10
G2,2,2,64,0,A-Tail-P:0.25,0.0848635783360509,10
G2,2,2,64,0,A-Tail-P:0.5,0.08945550311730684,10
G2,2,2,64,0,A-Tail-U:0.5,0.08444939823510501,10
G2,2,2,64,0,B-Max,0.06919372505962054,10
G2,2,2,64,0,B-Plugin,0.08830407902498587,10
G2,2,2,64,0,B-Tail-P:0.25,0.08493617862516835,10
G2,2,2,64,0,B-Tail-P:0.5,0.08805283070133807,10
G2,2,2,64,0,B-Tail-U:0.5,0.08805283070133807,10
G2,2,2,64,0,C-Budget:0.25,0.08848151662940722,10
G2,2,2,64,0,C-LP-Max:0.01,0.06908166054649392,10
G2,2,2,64,0,C-LP-Tail:0.1,0.09300230821625204,10
G2,2,2,64,0,C-LR:1.0,0.07381862542840685,10
G2,2,2,64,0,C-Soft-Cond:0.1,0.08891116107559935,10
G2,2,2,64,0,C-Soft:0.1,0.08891310726624804,10
G2,2,2,64,0,H-Conditional-FilterThenK,0.08805285189087794,10
G2,2,2,64,0,REF-EB,0.10072274286071181,10
G2,2,2,64,4,A-Max,0.07000172147481028,10
G2,2,2,64,4,A-Mean,0.04049884374472942,10
G2,2,2,64,4,A-Tail-P:0.25,0.038100723395789,10
G2,2,2,64,4,A-Tail-P:0.5,0.04019905777037251,10
G2,2,2,64,4,A-Tail-U:0.5,0.07971766846990239,10
G2,2,2,64,4,B-Max,0.061180893796076094,10
G2,2,2,64,4,B-Plugin,0.04016616697310868,10
G2,2,2,64,4,B-Tail-P:0.25,0.038307222727856395,10
G2,2,2,64,4,B-Tail-P:0.5,0.0404523870140547,10
G2,2,2,64,4,B-Tail-U:0.5,0.08380059892554,10
G2,2,2,64,4,C-Budget:0.25,0.07675691849682209,10
G2,2,2,64,4,C-LP-Max:0.01,0.038751936725780575,10
G2,2,2,64,4,C-LP-Tail:0.1,0.0806884952953397,10
G2,2,2,64,4,C-LR:1.0,0.07024155873046935,10
G2,2,2,64,4,C-Soft-Cond:0.1,0.04044997558249141,10
G2,2,2,64,4,C-Soft:0.1,0.040434947046006184,10
G2,2,2,64,4,H-Conditional-FilterThenK,0.03408388104264082,10
G2,2,2,64,4,REF-EB,0.06097452667174019,10
G2,2,2,64,16,A-Max,0.06765222215935769,10
G2,2,2,64,16,A-Mean,0.016230925755304288,10
G2,2,2,64,16,A-Tail-P:0.25,0.016908967251926484,10
G2,2,2,64,16,A-Tail-P:0.5,0.017063977838342723,10
G2,2,2,64,16,A-Tail-U:0.5,0.07742743485473462,10
G2,2,2,64,16,B-Max,0.05857823214544065,10
G2,2,2,64,16,B-Plugin,0.016806234711645707,10
G2,2,2,64,16,B-Tail-P:0.25,0.017091121926927112,10
G2,2,2,64,16,B-Tail-P:0.5,0.01706731405721605,10
G2,2,2,64,16,B-Tail-U:0.5,0.08342996741113629,10
G2,2,2,64,16,C-Budget:0.25,0.06034041863225177,10
G2,2,2,64,16,C-LP-Max:0.01,0.01314663253884433,10
G2,2,2,64,16,C-LP-Tail:0.1,0.06355040685615966,10
G2,2,2,64,16,C-LR:1.0,0.06794894730028894,10
G2,2,2,64,16,C-Soft-Cond:0.1,0.01695132380931773,10
G2,2,2,64,16,C-Soft:0.1,0.016951266324524726,10
G2,2,2,64,16,H-Conditional-FilterThenK,0.010649477398391451,10
G2,2,2,64,16,REF-EB,0.023541652797570804,10
G2,2,2,64,64,A-Max,0.06722070312483899,10
G2,2,2,64,64,A-Mean,0.001840648713159264,10
G2,2,2,64,64,A-Tail-P:0.25,0.0018958419063505945,10
G2,2,2,64,64,A-Tail-P:0.5,0.001785091711483599,10
G2,2,2,64,64,A-Tail-U:0.5,0.07720117607258134,10
G2,2,2,64,64,B-Max,0.05590485930476746,10
G2,2,2,64,64,B-Plugin,0.0018247568563630665,10
G2,2,2,64,64,B-Tail-P:0.25,0.0018892390338164325,10
G2,2,2,64,64,B-Tail-P:0.5,0.0018208319557652935,10
G2,2,2,64,64,B-Tail-U:0.5,0.0832873753180384,10
G2,2,2,64,64,C-Budget:0.25,0.04730905596782953,10
G2,2,2,64,64,C-LP-Max:0.01,0.0018167884430469287,10
G2,2,2,64,64,C-LP-Tail:0.1,0.03892450237157595,10
G2,2,2,64,64,C-LR:1.0,0.06761684082227934,10
G2,2,2,64,64,C-Soft-Cond:0.1,0.0018476844853242524,10
G2,2,2,64,64,C-Soft:0.1,0.0018479385748094376,10
G2,2,2,64,64,H-Conditional-FilterThenK,0.0016764216016615229,10
G2,2,2,64,64,REF-EB,0.001932276173132553,10
G2,2,2,256,0,A-Max,0.07508544909893113,10
G2,2,2,256,0,A-Mean,0.09272687649755777,10
G2,2,2,256,0,A-Tail-P:0.25,0.08424963196206106,10
G2,2,2,256,0,A-Tail-P:0.5,0.08790429075531493,10
G2,2,2,256,0,A-Tail-U:0.5,0.08562401903769315,10
G2,2,2,256,0,B-Max,0.06833853476054232,10
G2,2,2,256,0,B-Plugin,0.08727418136227669,10
G2,2,2,256,0,B-Tail-P:0.25,0.08433577233490314,10
G2,2,2,256,0,B-Tail-P:0.5,0.0871834061972227,10
G2,2,2,256,0,B-Tail-U:0.5,0.0871834061972227,10
G2,2,2,256,0,C-Budget:0.25,0.08800238601643331,10
G2,2,2,256,0,C-LP-Max:0.01,0.0682767446296166,10
G2,2,2,256,0,C-LP-Tail:0.1,0.0919035346999317,10
G2,2,2,256,0,C-LR:1.0,0.07381705274365806,10
G2,2,2,256,0,C-Soft-Cond:0.1,0.0880530785427818,10
G2,2,2,256,0,C-Soft:0.1,0.08805286031604256,10
G2,2,2,256,0,H-Conditional-FilterThenK,0.08718353064589549,10
G2,2,2,256,0,REF-EB,0.10009741385075026,10
G2,2,2,256,4,A-Max,0.0692985682211906,10
G2,2,2,256,4,A-Mean,0.04376581612572204,10
G2,2,2,256,4,A-Tail-P:0.25,0.04464758404285535,10
G2,2,2,256,4,A-Tail-P:0.5,0.043235012363044126,10
G2,2,2,256,4,A-Tail-U:0.5,0.08193017908634369,10
G2,2,2,256,4,B-Max,0.06149536128096611,10
G2,2,2,256,4,B-Plugin,0.043143151339444595,10
G2,2,2,256,4,B-Tail-P:0.25,0.04453784550491667,10
G2,2,2,256,4,B-Tail-P:0.5,0.043098237976689366,10
G2,2,2,256,4,B-Tail-U:0.5,0.08596669113815522,10
G2,2,2,256,4,C-Budget:0.25,0.08455168755925749,10
G2,2,2,256,4,C-LP-Max:0.01,0.0441813727757663,10
G2,2,2,256,4,C-LP-Tail:0.1,0.08804107643512558,10
G2,2,2,256,4,C-LR:1.0,0.06983762967144161,10
G2,2,2,256,4,C-Soft-Cond:0.1,0.04496180277985349,10
G2,2,2,256,4,C-Soft:0.1,0.04496194518829653,10
G2,2,2,256,4,H-Conditional-FilterThenK,0.043199585723407395,10
G2,2,2,256,4,REF-EB,0.05953116373877965,10
G2,2,2,256,16,A-Max,0.06702768496346882,10
G2,2,2,256,16,A-Mean,0.01116080913252151,10
G2,2,2,256,16,A-Tail-P:0.25,0.01547920003977445,10
G2,2,2,256,16,A-Tail-P:0.5,0.01088786480299629,10
G2,2,2,256,16,A-Tail-U:0.5,0.07607324656362764,10
G2,2,2,256,16,B-Max,0.05643884392159162,10
G2,2,2,256,16,B-Plugin,0.01067818190296925,10
G2,2,2,256,16,B-Tail-P:0.25,0.01549828655067488,10
G2,2,2,256,16,B-Tail-P:0.5,0.010792876354840546,10
G2,2,2,256,16,B-Tail-U:0.5,0.08158411004562276,10
G2,2,2,256,16,C-Budget:0.25,0.0755565039836979,10
G2,2,2,256,16,C-LP-Max:0.01,0.010161439844135948,10
G2,2,2,256,16,C-LP-Tail:0.1,0.08075854996034265,10
G2,2,2,256,16,C-LR:1.0,0.06750555085803808,10
G2,2,2,256,16,C-Soft-Cond:0.1,0.01263847514606115,10
G2,2,2,256,16,C-Soft:0.1,0.012638758789535265,10
G2,2,2,256,16,H-Conditional-FilterThenK,0.008930647662313084,10
G2,2,2,256,16,REF-EB,0.020646362137395957,10
G2,2,2,256,64,A-Max,0.06663675005406941,10
G2,2,2,256,64,A-Mean,0.0011255891253582845,10
G2,2,2,256,64,A-Tail-P:0.25,0.001109977338256826,10
G2,2,2,256,64,A-Tail-P:0.5,0.0010288398079904555,10
G2,2,2,256,64,A-Tail-U:0.5,0.07677888376569592,10
G2,2,2,256,64,B-Max,0.05517573578004904,10
G2,2,2,256,64,B-Plugin,0.0010063214395758869,10
G2,2,2,256,64,B-Tail-P:0.25,0.0011121849595034595,10
G2,2,2,256,64,B-Tail-P:0.5,0.0010390392866539077,10
G2,2,2,256,64,B-Tail-U:0.5,0.08323314111261718,10
G2,2,2,256,64,C-Budget:0.25,0.06029133143163079,10
G2,2,2,256,64,C-LP-Max:0.01,0.0014033630757719173,10
G2,2,2,256,64,C-LP-Tail:0.1,0.06072599464064823,10
G2,2,2,256,64,C-LR:1.0,0.06719076969058886,10
G2,2,2,256,64,C-Soft-Cond:0.1,0.0011303721794912187,10
G2,2,2,256,64,C-Soft:0.1,0.001130339448777938,10
G2,2,2,256,64,H-Conditional-FilterThenK,0.0010364410388863101,10
G2,2,2,256,64,REF-EB,0.001150049934495524,10
G2,2,3,64,0,A-Max,0.08638173221768936,10
G2,2,3,64,0,A-Mean,0.011795657852632301,10
G2,2,3,64,0,A-Tail-P:0.25,0.01762630729402872,10
G2,2,3,64,0,A-Tail-P:0.5,0.014541716437913105,10
G2,2,3,64,0,A-Tail-U:0.5,0.0694710962371711,10
G2,2,3,64,0,B-Max,0.03965696883545392,10
G2,2,3,64,0,B-Plugin,0.01570259736377679,10
G2,2,3,64,0,B-Tail-P:0.25,0.017586936419839057,10
G2,2,3,64,0,B-Tail-P:0.5,0.015014884261723033,10
G2,2,3,64,0,B-Tail-U:0.5,0.015014884265922976,10
G2,2,3,64,0,C-Budget:0.25,0.034838343658538565,10
G2,2,3,64,0,C-LP-Max:0.01,0.040175892836441296,10
G2,2,3,64,0,C-LP-Tail:0.1,0.023001209619378137,10
G2,2,3,64,0,C-LR:1.0,0.08537912676494622,10
G2,2,3,64,0,C-Soft-Cond:0.1,0.014935355455102151,10
G2,2,3,64,0,C-Soft:0.1,0.014942928264771279,10
G2,2,3,64,0,H-Conditional-FilterThenK,0.015014884266436665,10
G2,2,3,64,0,REF-EB,0.03253733730735036,10
G2,2,3,64,4,A-Max,0.08405898655723537,10
G2,2,3,64,4,A-Mean,0.0018184103565393739,10
G2,2,3,64,4,A-Tail-P:0.25,0.002300986933064623,10
G2,2,3,64,4,A-Tail-P:0.5,0.0019288056663327713,10
G2,2,3,64,4,A-Tail-U:0.5,0.07557502717283886,10
G2,2,3,64,4,B-Max,0.03629101908440166,10
G2,2,3,64,4,B-Plugin,0.0019671726961883913,10
G2,2,3,64,4,B-Tail-P:0.25,0.002367502469446502,10
G2,2,3,64,4,B-Tail-P:0.5,0.0018765542815420068,10
G2,2,3,64,4,B-Tail-U:0.5,0.017012180249760513,10
G2,2,3,64,4,C-Budget:0.25,0.03513878293513639,10
G2,2,3,64,4,C-LP-Max:0.01,0.0059611113505016935,10
G2,2,3,64,4,C-LP-Tail:0.1,0.0184046997521443,10
G2,2,3,64,4,C-LR:1.0,0.08367060387355871,10
G2,2,3,64,4,C-Soft-Cond:0.1,0.0018397759489040377,10
G2,2,3,64,4,C-Soft:0.1,0.0018402075903446741,10
G2,2,3,64,4,H-Conditional-FilterThenK,0.0017910962712256063,10
G2,2,3,64,4,REF-EB,0.005220620105148606,10
G2,2,3,64,16,A-Max,0.08504409869558568,10
G2,2,3,64,16,A-Mean,0.0018757830344667537,10
G2,2,3,64,16,A-Tail-P:0.25,0.00195765224848519,10
G2,2,3,64,16,A-Tail-P:0.5,0.0019152552675634402,10
G2,2,3,64,16,A-Tail-U:0.5,0.08101998636912427,10
G2,2,3,64,16,B-Max,0.03840109274520229,10
G2,2,3,64,16,B-Plugin,0.002096625746286473,10
G2,2,3,64,16,B-Tail-P:0.25,0.001948417557016955,10
G2,2,3,64,16,B-Tail-P:0.5,0.001855482402893215,10
G2,2,3,64,16,B-Tail-U:0.5,0.02085673590804931,10
G2,2,3,64,16,C-Budget:0.25,0.02956633547625523,10
G2,2,3,64,16,C-LP-Max:0.01,0.0019900844252237725,10
G2,2,3,64,16,C-LP-Tail:0.1,0.019028323786008307,10
G2,2,3,64,16,C-LR:1.0,0.08501643145167295,10
G2,2,3,64,16,C-Soft-Cond:0.1,0.001875703476826781,10
G2,2,3,64,16,C-Soft:0.1,0.001878285591503644,10
G2,2,3,64,16,H-Conditional-FilterThenK,0.0018172169971570906,10
G2,2,3,64,16,REF-EB,0.0036190399489626985,10
G2,2,3,64,64,A-Max,0.08669643663834661,10
G2,2,3,64,64,A-Mean,0.0010854248204758255,10
G2,2,3,64,64,A-Tail-P:0.25,0.001040169350882822,10
G2,2,3,64,64,A-Tail-P:0.5,0.001105193742061988,10
G2,2,3,64,64,A-Tail-U:0.5,0.0761998107115466,10
G2,2,3,64,64,B-Max,0.03971343945344062,10
G2,2,3,64,64,B-Plugin,0.0011486388501346966,10
G2,2,3,64,64,B-Tail-P:0.25,0.0011074854403544442,10
G2,2,3,64,64,B-Tail-P:0.5,0.001106249968001111,10
G2,2,3,64,64,B-Tail-U:0.5,0.017718574758624612,10
G2,2,3,64,64,C-Budget:0.25,0.023000236193277845,10
G2,2,3,64,64,C-LP-Max:0.01,0.0013881121805553555,10
G2,2,3,64,64,C-LP-Tail:0.1,0.021301409681908013,10
G2,2,3,64,64,C-LR:1.0,0.08674696701526532,10
G2,2,3,64,64,C-Soft-Cond:0.1,0.0010848554438679277,10
G2,2,3,64,64,C-Soft:0.1,0.001085177344580794,10
G2,2,3,64,64,H-Conditional-FilterThenK,0.0010929464501166438,10
G2,2,3,64,64,REF-EB,0.0017497208812836773,10
G2,2,3,256,0,A-Max,0.0870406421597523,10
G2,2,3,256,0,A-Mean,0.010565273670901296,10
G2,2,3,256,0,A-Tail-P:0.25,0.01595294815020514,10
G2,2,3,256,0,A-Tail-P:0.5,0.0136378097429112,10
G2,2,3,256,0,A-Tail-U:0.5,0.06781146232237657,10
G2,2,3,256,0,B-Max,0.03837193680894955,10
G2,2,3,256,0,B-Plugin,0.014371548345802598,10
G2,2,3,256,0,B-Tail-P:0.25,0.015952871519917124,10
G2,2,3,256,0,B-Tail-P:0.5,0.013881006995193717,10
G2,2,3,256,0,B-Tail-U:0.5,0.01388100699519409,10
G2,2,3,256,0,C-Budget:0.25,0.032572809045808754,10
G2,2,3,256,0,C-LP-Max:0.01,0.03879149624007048,10
G2,2,3,256,0,C-LP-Tail:0.1,0.022150807819997315,10
G2,2,3,256,0,C-LR:1.0,0.08599229049249706,10
G2,2,3,256,0,C-Soft-Cond:0.1,0.013624800414208226,10
G2,2,3,256,0,C-Soft:0.1,0.013625059446447128,10
G2,2,3,256,0,H-Conditional-FilterThenK,0.013881002936500828,10
G2,2,3,256,0,REF-EB,0.042861587187297816,10
G2,2,3,256,4,A-Max,0.08566855450004984,10
G2,2,3,256,4,A-Mean,0.004600506220472346,10
G2,2,3,256,4,A-Tail-P:0.25,0.007600372623757181,10
G2,2,3,256,4,A-Tail-P:0.5,0.005605625397356216,10
G2,2,3,256,4,A-Tail-U:0.5,0.07382493782688634,10
G2,2,3,256,4,B-Max,0.037284121394786915,10
G2,2,3,256,4,B-Plugin,0.00587736843435564,10
G2,2,3,256,4,B-Tail-P:0.25,0.007591206317542882,10
G2,2,3,256,4,B-Tail-P:0.5,0.005554013875562673,10
G2,2,3,256,4,B-Tail-U:0.5,0.016674679151225218,10
G2,2,3,256,4,C-Budget:0.25,0.03814036239916511,10
G2,2,3,256,4,C-LP-Max:0.01,0.017053807150561567,10
G2,2,3,256,4,C-LP-Tail:0.1,0.018874379683640245,10
G2,2,3,256,4,C-LR:1.0,0.08512088898289295,10
G2,2,3,256,4,C-Soft-Cond:0.1,0.005765167956366744,10
G2,2,3,256,4,C-Soft:0.1,0.005765731163631463,10
G2,2,3,256,4,H-Conditional-FilterThenK,0.007180050658229925,10
G2,2,3,256,4,REF-EB,0.013535552938468604,10
G2,2,3,256,16,A-Max,0.08574906458882672,10
G2,2,3,256,16,A-Mean,0.004150966296696734,10
G2,2,3,256,16,A-Tail-P:0.25,0.004662631114699805,10
G2,2,3,256,16,A-Tail-P:0.5,0.004232700156018482,10
G2,2,3,256,16,A-Tail-U:0.5,0.07692493883037742,10
G2,2,3,256,16,B-Max,0.03783101416771463,10
G2,2,3,256,16,B-Plugin,0.0043971421451615205,10
G2,2,3,256,16,B-Tail-P:0.25,0.004701619484501785,10
G2,2,3,256,16,B-Tail-P:0.5,0.004308448827474023,10
G2,2,3,256,16,B-Tail-U:0.5,0.01782665933095278,10
G2,2,3,256,16,C-Budget:0.25,0.038328634163272826,10
G2,2,3,256,16,C-LP-Max:0.01,0.00515983154612523,10
G2,2,3,256,16,C-LP-Tail:0.1,0.018786229987154658,10
G2,2,3,256,16,C-LR:1.0,0.08559977302287683,10
G2,2,3,256,16,C-Soft-Cond:0.1,0.00417491035357617,10
G2,2,3,256,16,C-Soft:0.1,0.004174849685157965,10
G2,2,3,256,16,H-Conditional-FilterThenK,0.0049225939308813,10
G2,2,3,256,16,REF-EB,0.005079413436720042,10
G2,2,3,256,64,A-Max,0.08765747609213882,10
G2,2,3,256,64,A-Mean,0.0009448056502600591,10
G2,2,3,256,64,A-Tail-P:0.25,0.0010447548133480618,10
G2,2,3,256,64,A-Tail-P:0.5,0.0009577302487992024,10
G2,2,3,256,64,A-Tail-U:0.5,0.0815992494010849,10
G2,2,3,256,64,B-Max,0.04032021533457091,10
G2,2,3,256,64,B-Plugin,0.001094585506686303,10
G2,2,3,256,64,B-Tail-P:0.25,0.0010174397597401466,10
G2,2,3,256,64,B-Tail-P:0.5,0.0009778557528115892,10
G2,2,3,256,64,B-Tail-U:0.5,0.02295010889348089,10
G2,2,3,256,64,C-Budget:0.25,0.03427863009054651,10
G2,2,3,256,64,C-LP-Max:0.01,0.0010615339676276715,10
G2,2,3,256,64,C-LP-Tail:0.1,0.01889772064454505,10
G2,2,3,256,64,C-LR:1.0,0.08773470469256309,10
G2,2,3,256,64,C-Soft-Cond:0.1,0.0009443966586530099,10
G2,2,3,256,64,C-Soft:0.1,0.0009444599691540576,10
G2,2,3,256,64,H-Conditional-FilterThenK,0.0009155478481137168,10
G2,2,3,256,64,REF-EB,0.0012153518951645004,10
G2,2,4,64,0,A-Max,0.048646892930674424,10
G2,2,4,64,0,A-Mean,0.03372037136165469,10
G2,2,4,64,0,A-Tail-P:0.25,0.02623592163019592,10
G2,2,4,64,0,A-Tail-P:0.5,0.031230941392005152,10
G2,2,4,64,0,A-Tail-U:0.5,0.06205446913891895,10
G2,2,4,64,0,B-Max,0.015209340765405508,10
G2,2,4,64,0,B-Plugin,0.030752416489653166,10
G2,2,4,64,0,B-Tail-P:0.25,0.026314928352462207,10
G2,2,4,64,0,B-Tail-P:0.5,0.03093392451354649,10
G2,2,4,64,0,B-Tail-U:0.5,0.03093392451354649,10
G2,2,4,64,0,C-Budget:0.25,0.036198605142674256,10
G2,2,4,64,0,C-LP-Max:0.01,0.01515327188003939,10
G2,2,4,64,0,C-LP-Tail:0.1,0.035326065725756264,10
G2,2,4,64,0,C-LR:1.0,0.048423384581556206,10
G2,2,4,64,0,C-Soft-Cond:0.1,0.030444279120032496,10
G2,2,4,64,0,C-Soft:0.1,0.03044796716362174,10
G2,2,4,64,0,H-Conditional-FilterThenK,0.030933924468369046,10
G2,2,4,64,0,REF-EB,0.04634363420002877,10
G2,2,4,64,4,A-Max,0.047812391632214894,10
G2,2,4,64,4,A-Mean,0.015256380942981415,10
G2,2,4,64,4,A-Tail-P:0.25,0.012367273167436512,10
G2,2,4,64,4,A-Tail-P:0.5,0.014877077761065954,10
G2,2,4,64,4,A-Tail-U:0.5,0.06490318740522849,10
G2,2,4,64,4,B-Max,0.013189618342886737,10
G2,2,4,64,4,B-Plugin,0.014708884769038894,10
G2,2,4,64,4,B-Tail-P:0.25,0.01228621557940507,10
G2,2,4,64,4,B-Tail-P:0.5,0.014784833623503756,10
G2,2,4,64,4,B-Tail-U:0.5,0.03296253584213711,10
G2,2,4,64,4,C-Budget:0.25,0.03464394452794474,10
G2,2,4,64,4,C-LP-Max:0.01,0.008621004690972845,10
G2,2,4,64,4,C-LP-Tail:0.1,0.03264096127132367,10
G2,2,4,64,4,C-LR:1.0,0.047827640712795175,10
G2,2,4,64,4,C-Soft-Cond:0.1,0.01456619059093468,10
G2,2,4,64,4,C-Soft:0.1,0.014566410396884378,10
G2,2,4,64,4,H-Conditional-FilterThenK,0.012832833176300937,10
G2,2,4,64,4,REF-EB,0.029598172517543975,10
G2,2,4,64,16,A-Max,0.0476713067865903,10
G2,2,4,64,16,A-Mean,0.005098862342831811,10
G2,2,4,64,16,A-Tail-P:0.25,0.004457855413933768,10
G2,2,4,64,16,A-Tail-P:0.5,0.004997309224645449,10
G2,2,4,64,16,A-Tail-U:0.5,0.06983692998369585,10
G2,2,4,64,16,B-Max,0.014097025932667035,10
G2,2,4,64,16,B-Plugin,0.0053589545308638225,10
G2,2,4,64,16,B-Tail-P:0.25,0.004564882880392106,10
G2,2,4,64,16,B-Tail-P:0.5,0.005087191109733845,10
G2,2,4,64,16,B-Tail-U:0.5,0.038134689316498015,10
G2,2,4,64,16,C-Budget:0.25,0.03586125028849422,10
G2,2,4,64,16,C-LP-Max:0.01,0.0045513184332722015,10
G2,2,4,64,16,C-LP-Tail:0.1,0.035622223705862474,10
G2,2,4,64,16,C-LR:1.0,0.04783431298957187,10
G2,2,4,64,16,C-Soft-Cond:0.1,0.005042059363925823,10
G2,2,4,64,16,C-Soft:0.1,0.005039587163050794,10
G2,2,4,64,16,H-Conditional-FilterThenK,0.0049736694692068,10
G2,2,4,64,16,REF-EB,0.006831969055250325,10
G2,2,4,64,64,A-Max,0.04744535183041028,10
G2,2,4,64,64,A-Mean,0.002902922247924119,10
G2,2,4,64,64,A-Tail-P:0.25,0.002813059502001222,10
G2,2,4,64,64,A-Tail-P:0.5,0.002760432237685421,10
G2,2,4,64,64,A-Tail-U:0.5,0.0641665655115835,10
G2,2,4,64,64,B-Max,0.013902262425021572,10
G2,2,4,64,64,B-Plugin,0.0028530886397222645,10
G2,2,4,64,64,B-Tail-P:0.25,0.00286356832045097,10
G2,2,4,64,64,B-Tail-P:0.5,0.002879841402820332,10
G2,2,4,64,64,B-Tail-U:0.5,0.03528601721638919,10
G2,2,4,64,64,C-Budget:0.25,0.03275847070147011,10
G2,2,4,64,64,C-LP-Max:0.01,0.0030062651904717522,10
G2,2,4,64,64,C-LP-Tail:0.1,0.03095023716230455,10
G2,2,4,64,64,C-LR:1.0,0.04752822736470216,10
G2,2,4,64,64,C-Soft-Cond:0.1,0.0029032656987283377,10
G2,2,4,64,64,C-Soft:0.1,0.002899563850894925,10
G2,2,4,64,64,H-Conditional-FilterThenK,0.0027930678398082765,10
G2,2,4,64,64,REF-EB,0.0030560651574940904,10
G2,2,4,256,0,A-Max,0.04887537917406219,10
G2,2,4,256,0,A-Mean,0.033237662134599846,10
G2,2,4,256,0,A-Tail-P:0.25,0.02582731615714164,10
G2,2,4,256,0,A-Tail-P:0.5,0.030739874127865933,10
G2,2,4,256,0,A-Tail-U:0.5,0.06175721647855505,10
G2,2,4,256,0,B-Max,0.014805411038055055,10
G2,2,4,256,0,B-Plugin,0.03036560667019337,10
G2,2,4,256,0,B-Tail-P:0.25,0.025878673486801628,10
G2,2,4,256,0,B-Tail-P:0.5,0.030517345482524428,10
G2,2,4,256,0,B-Tail-U:0.5,0.030517345482524428,10
G2,2,4,256,0,C-Budget:0.25,0.035198643475017236,10
G2,2,4,256,0,C-LP-Max:0.01,0.014743189135790142,10
G2,2,4,256,0,C-LP-Tail:0.1,0.03470934858581503,10
G2,2,4,256,0,C-LR:1.0,0.048641635275130275,10
G2,2,4,256,0,C-Soft-Cond:0.1,0.029985507915797203,10
G2,2,4,256,0,C-Soft:0.1,0.02998605547507313,10
G2,2,4,256,0,H-Conditional-FilterThenK,0.030517345564090796,10
G2,2,4,256,0,REF-EB,0.046031738391263635,10
G2,2,4,256,4,A-Max,0.04808720561237415,10
G2,2,4,256,4,A-Mean,0.022390416252247542,10
G2,2,4,256,4,A-Tail-P:0.25,0.01330548035932913,10
G2,2,4,256,4,A-Tail-P:0.5,0.020759032761268083,10
G2,2,4,256,4,A-Tail-U:0.5,0.06398994395501292,10
G2,2,4,256,4,B-Max,0.013751075458414247,10
G2,2,4,256,4,B-Plugin,0.020897356868032527,10
G2,2,4,256,4,B-Tail-P:0.25,0.013280809964003645,10
G2,2,4,256,4,B-Tail-P:0.5,0.02082592379957317,10
G2,2,4,256,4,B-Tail-U:0.5,0.03274711881293972,10
G2,2,4,256,4,C-Budget:0.25,0.036976392544351665,10
G2,2,4,256,4,C-LP-Max:0.01,0.01048623438705083,10
G2,2,4,256,4,C-LP-Tail:0.1,0.034917793987153674,10
G2,2,4,256,4,C-LR:1.0,0.048085139412417655,10
G2,2,4,256,4,C-Soft-Cond:0.1,0.019358952209664472,10
G2,2,4,256,4,C-Soft:0.1,0.019356517440933203,10
G2,2,4,256,4,H-Conditional-FilterThenK,0.021248998591613128,10
G2,2,4,256,4,REF-EB,0.032816710454394174,10
G2,2,4,256,16,A-Max,0.04792909477013515,10
G2,2,4,256,16,A-Mean,0.007472997707877261,10
G2,2,4,256,16,A-Tail-P:0.25,0.007946663131206306,10
G2,2,4,256,16,A-Tail-P:0.5,0.007698779858484732,10
G2,2,4,256,16,A-Tail-U:0.5,0.06726714917433664,10
G2,2,4,256,16,B-Max,0.013241920966700174,10
G2,2,4,256,16,B-Plugin,0.00765930825348333,10
G2,2,4,256,16,B-Tail-P:0.25,0.007999132185317843,10
G2,2,4,256,16,B-Tail-P:0.5,0.007704368811534875,10
G2,2,4,256,16,B-Tail-U:0.5,0.03552615574786611,10
G2,2,4,256,16,C-Budget:0.25,0.036712053746304305,10
G2,2,4,256,16,C-LP-Max:0.01,0.006465837487657037,10
G2,2,4,256,16,C-LP-Tail:0.1,0.034521216873332324,10
G2,2,4,256,16,C-LR:1.0,0.04803927636536565,10
G2,2,4,256,16,C-Soft-Cond:0.1,0.007558778636225345,10
G2,2,4,256,16,C-Soft:0.1,0.007558433917415818,10
G2,2,4,256,16,H-Conditional-FilterThenK,0.0065374706332376785,10
G2,2,4,256,16,REF-EB,0.012680659945324321,10
G2,2,4,256,64,A-Max,0.04794849826939792,10
G2,2,4,256,64,A-Mean,0.0022788274527611816,10
G2,2,4,256,64,A-Tail-P:0.25,0.00246766509836985,10
G2,2,4,256,64,A-Tail-P:0.5,0.0022781544178950945,10
G2,2,4,256,64,A-Tail-U:0.5,0.06828895308941221,10
G2,2,4,256,64,B-Max,0.013155688222684713,10
G2,2,4,256,64,B-Plugin,0.002211904734845576,10
G2,2,4,256,64,B-Tail-P:0.25,0.002414514004967839,10
G2,2,4,256,64,B-Tail-P:0.5,0.0022718799292965838,10
G2,2,4,256,64,B-Tail-U:0.5,0.03688777252026592,10
G2,2,4,256,64,C-Budget:0.25,0.03372360324087838,10
G2,2,4,256,64,C-LP-Max:0.01,0.0022363083632256295,10
G2,2,4,256,64,C-LP-Tail:0.1,0.035817899454258124,10
G2,2,4,256,64,C-LR:1.0,0.04808639192656368,10
G2,2,4,256,64,C-Soft-Cond:0.1,0.002285294793137397,10
G2,2,4,256,64,C-Soft:0.1,0.002285071237229441,10
G2,2,4,256,64,H-Conditional-FilterThenK,0.0022194263162245444,10
G2,2,4,256,64,REF-EB,0.0019305436157631758,10
G2,2,5,64,0,A-Max,0.029025258004929694,10
G2,2,5,64,0,A-Mean,0.009881671067534915,10
G2,2,5,64,0,A-Tail-P:0.25,0.014066013679432698,10
G2,2,5,64,0,A-Tail-P:0.5,0.01104977666452288,10
G2,2,5,64,0,A-Tail-U:0.5,0.019369750673099873,10
G2,2,5,64,0,B-Max,0.02993880393673552,10
G2,2,5,64,0,B-Plugin,0.011196638550667708,10
G2,2,5,64,0,B-Tail-P:0.25,0.013943834081036726,10
G2,2,5,64,0,B-Tail-P:0.5,0.011155161284554491,10
G2,2,5,64,0,B-Tail-U:0.5,0.011155161284554491,10
G2,2,5,64,0,C-Budget:0.25,0.010579490308097022,10
G2,2,5,64,0,C-LP-Max:0.01,0.030058805393401028,10
G2,2,5,64,0,C-LP-Tail:0.1,0.01041693912001895,10
G2,2,5,64,0,C-LR:1.0,0.02627285777099182,10
G2,2,5,64,0,C-Soft-Cond:0.1,0.01136474777847131,10
G2,2,5,64,0,C-Soft:0.1,0.011366699152324048,10
G2,2,5,64,0,H-Conditional-FilterThenK,0.011155161331544709,10
G2,2,5,64,0,REF-EB,0.008998372532973463,10
G2,2,5,64,4,A-Max,0.025163353672295063,10
G2,2,5,64,4,A-Mean,0.007605424704176497,10
G2,2,5,64,4,A-Tail-P:0.25,0.007553452410444535,10
G2,2,5,64,4,A-Tail-P:0.5,0.006891987513550623,10
G2,2,5,64,4,A-Tail-U:0.5,0.026632131592651154,10
G2,2,5,64,4,B-Max,0.026483911714411563,10
G2,2,5,64,4,B-Plugin,0.007156207174267029,10
G2,2,5,64,4,B-Tail-P:0.25,0.007358653335594971,10
G2,2,5,64,4,B-Tail-P:0.5,0.006920280266873698,10
G2,2,5,64,4,B-Tail-U:0.5,0.013030972391861236,10
G2,2,5,64,4,C-Budget:0.25,0.011039308068699011,10
G2,2,5,64,4,C-LP-Max:0.01,0.012230009000515444,10
G2,2,5,64,4,C-LP-Tail:0.1,0.006690372971627656,10
G2,2,5,64,4,C-LR:1.0,0.02531619334980807,10
G2,2,5,64,4,C-Soft-Cond:0.1,0.00776729203196494,10
G2,2,5,64,4,C-Soft:0.1,0.007772235608763877,10
G2,2,5,64,4,H-Conditional-FilterThenK,0.008919132534169582,10
G2,2,5,64,4,REF-EB,0.006878641099110695,10
G2,2,5,64,16,A-Max,0.027484817314719502,10
G2,2,5,64,16,A-Mean,0.005194304912127075,10
G2,2,5,64,16,A-Tail-P:0.25,0.005926154920162477,10
G2,2,5,64,16,A-Tail-P:0.5,0.005292546513479516,10
G2,2,5,64,16,A-Tail-U:0.5,0.024823923992199327,10
G2,2,5,64,16,B-Max,0.028257392607025245,10
G2,2,5,64,16,B-Plugin,0.005233415471218179,10
G2,2,5,64,16,B-Tail-P:0.25,0.0059353716767314895,10
G2,2,5,64,16,B-Tail-P:0.5,0.005286010678630262,10
G2,2,5,64,16,B-Tail-U:0.5,0.011500605874820628,10
G2,2,5,64,16,C-Budget:0.25,0.007955052702485194,10
G2,2,5,64,16,C-LP-Max:0.01,0.008536533607295903,10
G2,2,5,64,16,C-LP-Tail:0.1,0.005303975334323391,10
G2,2,5,64,16,C-LR:1.0,0.02703420644621623,10
G2,2,5,64,16,C-Soft-Cond:0.1,0.005291294902166673,10
G2,2,5,64,16,C-Soft:0.1,0.005291459122104265,10
G2,2,5,64,16,H-Conditional-FilterThenK,0.0055294236730735555,10
G2,2,5,64,16,REF-EB,0.004312802665325724,10
G2,2,5,64,64,A-Max,0.027567914235407463,10
G2,2,5,64,64,A-Mean,0.0020424343274496586,10
G2,2,5,64,64,A-Tail-P:0.25,0.0021444958750871943,10
G2,2,5,64,64,A-Tail-P:0.5,0.0020850895868282605,10
G2,2,5,64,64,A-Tail-U:0.5,0.026052659591397704,10
G2,2,5,64,64,B-Max,0.02884762441014903,10
G2,2,5,64,64,B-Plugin,0.002096956163218464,10
G2,2,5,64,64,B-Tail-P:0.25,0.0021906433979745634,10
G2,2,5,64,64,B-Tail-P:0.5,0.0020452724204826486,10
G2,2,5,64,64,B-Tail-U:0.5,0.011911060098129311,10
G2,2,5,64,64,C-Budget:0.25,0.005782784587095661,10
G2,2,5,64,64,C-LP-Max:0.01,0.002246424914429272,10
G2,2,5,64,64,C-LP-Tail:0.1,0.006808538093509719,10
G2,2,5,64,64,C-LR:1.0,0.02705613715765206,10
G2,2,5,64,64,C-Soft-Cond:0.1,0.0020450633613714503,10
G2,2,5,64,64,C-Soft:0.1,0.0020463959062793835,10
G2,2,5,64,64,H-Conditional-FilterThenK,0.0020734666264471285,10
G2,2,5,64,64,REF-EB,0.0019988607841585006,10
G2,2,5,256,0,A-Max,0.02903080885087834,10
G2,2,5,256,0,A-Mean,0.007656385340935973,10
G2,2,5,256,0,A-Tail-P:0.25,0.011818680985755952,10
G2,2,5,256,0,A-Tail-P:0.5,0.008782893951555185,10
G2,2,5,256,0,A-Tail-U:0.5,0.019326950110935045,10
G2,2,5,256,0,B-Max,0.028097767640232314,10
G2,2,5,256,0,B-Plugin,0.009024809681337948,10
G2,2,5,256,0,B-Tail-P:0.25,0.01177867633878026,10
G2,2,5,256,0,B-Tail-P:0.5,0.008985994298105609,10
G2,2,5,256,0,B-Tail-U:0.5,0.008985994298105609,10
G2,2,5,256,0,C-Budget:0.25,0.008408725923830448,10
G2,2,5,256,0,C-LP-Max:0.01,0.028123002607772663,10
G2,2,5,256,0,C-LP-Tail:0.1,0.008335943328133881,10
G2,2,5,256,0,C-LR:1.0,0.026294979949476927,10
G2,2,5,256,0,C-Soft-Cond:0.1,0.009180007828424772,10
G2,2,5,256,0,C-Soft:0.1,0.009179519842625305,10
G2,2,5,256,0,H-Conditional-FilterThenK,0.008985994447490705,10
G2,2,5,256,0,REF-EB,0.0068089623496980865,10
G2,2,5,256,4,A-Max,0.026617709287958972,10
G2,2,5,256,4,A-Mean,0.009185395582961756,10
G2,2,5,256,4,A-Tail-P:0.25,0.012977046767344205,10
G2,2,5,256,4,A-Tail-P:0.5,0.010140620016829142,10
G2,2,5,256,4,A-Tail-U:0.5,0.025940873140951937,10
G2,2,5,256,4,B-Max,0.027018523322830022,10
G2,2,5,256,4,B-Plugin,0.010198681979325845,10
G2,2,5,256,4,B-Tail-P:0.25,0.013075583257124004,10
G2,2,5,256,4,B-Tail-P:0.5,0.010237213487169456,10
G2,2,5,256,4,B-Tail-U:0.5,0.011869496753487908,10
G2,2,5,256,4,C-Budget:0.25,0.01116612033855131,10
G2,2,5,256,4,C-LP-Max:0.01,0.01275000091687747,10
G2,2,5,256,4,C-LP-Tail:0.1,0.0067748031235282365,10
G2,2,5,256,4,C-LR:1.0,0.026369244422216186,10
G2,2,5,256,4,C-Soft-Cond:0.1,0.009787786349970493,10
G2,2,5,256,4,C-Soft:0.1,0.009787948827123097,10
G2,2,5,256,4,H-Conditional-FilterThenK,0.012961945031742033,10
G2,2,5,256,4,REF-EB,0.006909805209408847,10
G2,2,5,256,16,A-Max,0.026506297151823833,10
G2,2,5,256,16,A-Mean,0.004982981463818808,10
G2,2,5,256,16,A-Tail-P:0.25,0.005689964215607768,10
G2,2,5,256,16,A-Tail-P:0.5,0.00503956602640404,10
G2,2,5,256,16,A-Tail-U:0.5,0.025120574591191148,10
G2,2,5,256,16,B-Max,0.02771639344792041,10
G2,2,5,256,16,B-Plugin,0.004977901119798013,10
G2,2,5,256,16,B-Tail-P:0.25,0.005727539991004551,10
G2,2,5,256,16,B-Tail-P:0.5,0.005031404726236926,10
G2,2,5,256,16,B-Tail-U:0.5,0.011500044165814634,10
G2,2,5,256,16,C-Budget:0.25,0.009764440649983424,10
G2,2,5,256,16,C-LP-Max:0.01,0.0069335498983752256,10
G2,2,5,256,16,C-LP-Tail:0.1,0.005679382147088236,10
G2,2,5,256,16,C-LR:1.0,0.026390657854695333,10
G2,2,5,256,16,C-Soft-Cond:0.1,0.005026358247886335,10
G2,2,5,256,16,C-Soft:0.1,0.005026109784633665,10
G2,2,5,256,16,H-Conditional-FilterThenK,0.005513652217496027,10
G2,2,5,256,16,REF-EB,0.00438719629087591,10
G2,2,5,256,64,A-Max,0.02758502968132633,10
G2,2,5,256,64,A-Mean,0.0012485056001803993,10
G2,2,5,256,64,A-Tail-P:0.25,0.0013064312168921547,10
G2,2,5,256,64,A-Tail-P:0.5,0.0012524145270405708,10
G2,2,5,256,64,A-Tail-U:0.5,0.02479487229048145,10
G2,2,5,256,64,B-Max,0.028399507239413584,10
G2,2,5,256,64,B-Plugin,0.001279135312882764,10
G2,2,5,256,64,B-Tail-P:0.25,0.0013116188329695714,10
G2,2,5,256,64,B-Tail-P:0.5,0.0012559972229640416,10
G2,2,5,256,64,B-Tail-U:0.5,0.009757218663899055,10
G2,2,5,256,64,C-Budget:0.25,0.006335172766246414,10
G2,2,5,256,64,C-LP-Max:0.01,0.0018554046647828713,10
G2,2,5,256,64,C-LP-Tail:0.1,0.004590279367847353,10
G2,2,5,256,64,C-LR:1.0,0.027071018874757612,10
G2,2,5,256,64,C-Soft-Cond:0.1,0.001249458328423884,10
G2,2,5,256,64,C-Soft:0.1,0.0012492633517653035,10
G2,2,5,256,64,H-Conditional-FilterThenK,0.0013116865494872355,10
G2,2,5,256,64,REF-EB,0.001067600576572588,10
G2,2,6,64,0,A-Max,0.005409325033468435,10
G2,2,6,64,0,A-Mean,0.011736573340202634,10
G2,2,6,64,0,A-Tail-P:0.25,0.007414892095862399,10
G2,2,6,64,0,A-Tail-P:0.5,0.010018027571966698,10
G2,2,6,64,0,A-Tail-U:0.5,0.009828777739104627,10
G2,2,6,64,0,B-Max,0.0015532976555596794,10
G2,2,6,64,0,B-Plugin,0.009836039032934531,10
G2,2,6,64,0,B-Tail-P:0.25,0.007449374568247152,10
G2,2,6,64,0,B-Tail-P:0.5,0.009769740447375547,10
G2,2,6,64,0,B-Tail-U:0.5,0.009769740447375547,10
G2,2,6,64,0,C-Budget:0.25,0.009934240062712017,10
G2,2,6,64,0,C-LP-Max:0.01,0.0015597235783740132,10
G2,2,6,64,0,C-LP-Tail:0.1,0.011407012930823562,10
G2,2,6,64,0,C-LR:1.0,0.0056131862270991425,10
G2,2,6,64,0,C-Soft-Cond:0.1,0.009560615818693097,10
G2,2,6,64,0,C-Soft:0.1,0.009561100853184994,10
G2,2,6,64,0,H-Conditional-FilterThenK,0.00976974044711224,10
G2,2,6,64,0,REF-EB,0.014639772560858497,10
G2,2,6,64,4,A-Max,0.007072324153029386,10
G2,2,6,64,4,A-Mean,0.01297083378107399,10
G2,2,6,64,4,A-Tail-P:0.25,0.014054709166837048,10
G2,2,6,64,4,A-Tail-P:0.5,0.01400450751682909,10
G2,2,6,64,4,A-Tail-U:0.5,0.009072114317697357,10
G2,2,6,64,4,B-Max,0.003136436645521032,10
G2,2,6,64,4,B-Plugin,0.014747053277831981,10
G2,2,6,64,4,B-Tail-P:0.25,0.01422461898421743,10
G2,2,6,64,4,B-Tail-P:0.5,0.013896493869381956,10
G2,2,6,64,4,B-Tail-U:0.5,0.011589382551752679,10
G2,2,6,64,4,C-Budget:0.25,0.009818802486746613,10
G2,2,6,64,4,C-LP-Max:0.01,0.008615827158318759,10
G2,2,6,64,4,C-LP-Tail:0.1,0.012256667877587652,10
G2,2,6,64,4,C-LR:1.0,0.006390622512516292,10
G2,2,6,64,4,C-Soft-Cond:0.1,0.011975639586744868,10
G2,2,6,64,4,C-Soft:0.1,0.011976122913351593,10
G2,2,6,64,4,H-Conditional-FilterThenK,0.013345942394506951,10
G2,2,6,64,4,REF-EB,0.012820628292845148,10
G2,2,6,64,16,A-Max,0.007998848449139806,10
G2,2,6,64,16,A-Mean,0.008348705985660126,10
G2,2,6,64,16,A-Tail-P:0.25,0.007897994212299825,10
G2,2,6,64,16,A-Tail-P:0.5,0.008109255039379407,10
G2,2,6,64,16,A-Tail-U:0.5,0.007091918614345734,10
G2,2,6,64,16,B-Max,0.0039397023243336726,10
G2,2,6,64,16,B-Plugin,0.007801503372957645,10
G2,2,6,64,16,B-Tail-P:0.25,0.0077348448380743385,10
G2,2,6,64,16,B-Tail-P:0.5,0.00813671176731865,10
G2,2,6,64,16,B-Tail-U:0.5,0.011493454798983522,10
G2,2,6,64,16,C-Budget:0.25,0.006143103566598147,10
G2,2,6,64,16,C-LP-Max:0.01,0.008496966136948192,10
G2,2,6,64,16,C-LP-Tail:0.1,0.009233468529106741,10
G2,2,6,64,16,C-LR:1.0,0.006553204910484016,10
G2,2,6,64,16,C-Soft-Cond:0.1,0.008346584799947288,10
G2,2,6,64,16,C-Soft:0.1,0.008344575882196361,10
G2,2,6,64,16,H-Conditional-FilterThenK,0.008338493839951564,10
G2,2,6,64,16,REF-EB,0.008590963896084203,10
G2,2,6,64,64,A-Max,0.00799886143907028,10
G2,2,6,64,64,A-Mean,0.002293193260424988,10
G2,2,6,64,64,A-Tail-P:0.25,0.002527007934801471,10
G2,2,6,64,64,A-Tail-P:0.5,0.0024198220035422076,10
G2,2,6,64,64,A-Tail-U:0.5,0.007030423498635474,10
G2,2,6,64,64,B-Max,0.0026711478527352817,10
G2,2,6,64,64,B-Plugin,0.0024917780919243935,10
G2,2,6,64,64,B-Tail-P:0.25,0.0024146281900730027,10
G2,2,6,64,64,B-Tail-P:0.5,0.0023460929882564347,10
G2,2,6,64,64,B-Tail-U:0.5,0.009598834206890205,10
G2,2,6,64,64,C-Budget:0.25,0.0039451852757375555,10
G2,2,6,64,64,C-LP-Max:0.01,0.002328580957635951,10
G2,2,6,64,64,C-LP-Tail:0.1,0.0042026431143652645,10
G2,2,6,64,64,C-LR:1.0,0.006562664090067771,10
G2,2,6,64,64,C-Soft-Cond:0.1,0.0022972611032607924,10
G2,2,6,64,64,C-Soft:0.1,0.002297023466048981,10
G2,2,6,64,64,H-Conditional-FilterThenK,0.002571584032413534,10
G2,2,6,64,64,REF-EB,0.00208793784622418,10
G2,2,6,256,0,A-Max,0.005409323141553872,10
G2,2,6,256,0,A-Mean,0.011793536459148976,10
G2,2,6,256,0,A-Tail-P:0.25,0.007587869887742312,10
G2,2,6,256,0,A-Tail-P:0.5,0.009960310721051042,10
G2,2,6,256,0,A-Tail-U:0.5,0.0104063405436387,10
G2,2,6,256,0,B-Max,0.0014824372220896543,10
G2,2,6,256,0,B-Plugin,0.009870175787086969,10
G2,2,6,256,0,B-Tail-P:0.25,0.007611455480222467,10
G2,2,6,256,0,B-Tail-P:0.5,0.009798903556722138,10
G2,2,6,256,0,B-Tail-U:0.5,0.009798903556722138,10
G2,2,6,256,0,C-Budget:0.25,0.01012848152421917,10
G2,2,6,256,0,C-LP-Max:0.01,0.001510227669945199,10
G2,2,6,256,0,C-LP-Tail:0.1,0.011823390219212502,10
G2,2,6,256,0,C-LR:1.0,0.0056301385839154245,10
G2,2,6,256,0,C-Soft-Cond:0.1,0.009589979209248575,10
G2,2,6,256,0,C-Soft:0.1,0.009589843891037873,10
G2,2,6,256,0,H-Conditional-FilterThenK,0.009798900732370221,10
G2,2,6,256,0,REF-EB,0.014582010432930673,10
G2,2,6,256,4,A-Max,0.007296203157309241,10
G2,2,6,256,4,A-Mean,0.009371492425916618,10
G2,2,6,256,4,A-Tail-P:0.25,0.0059911306854463905,10
G2,2,6,256,4,A-Tail-P:0.5,0.007610327881626499,10
G2,2,6,256,4,A-Tail-U:0.5,0.009566650428522016,10
G2,2,6,256,4,B-Max,0.0021948704800228364,10
G2,2,6,256,4,B-Plugin,0.007660444045906363,10
G2,2,6,256,4,B-Tail-P:0.25,0.005961570013581134,10
G2,2,6,256,4,B-Tail-P:0.5,0.007563544483086042,10
G2,2,6,256,4,B-Tail-U:0.5,0.012072998011834129,10
G2,2,6,256,4,C-Budget:0.25,0.008951460170540156,10
G2,2,6,256,4,C-LP-Max:0.01,0.003430028460972566,10
G2,2,6,256,4,C-LP-Tail:0.1,0.010683994128824197,10
G2,2,6,256,4,C-LR:1.0,0.0064129479571887775,10
G2,2,6,256,4,C-Soft-Cond:0.1,0.007309990589198269,10
G2,2,6,256,4,C-Soft:0.1,0.0073101261876497734,10
G2,2,6,256,4,H-Conditional-FilterThenK,0.0061700551416302854,10
G2,2,6,256,4,REF-EB,0.008856118273675568,10
G2,2,6,256,16,A-Max,0.007998851664790987,10
G2,2,6,256,16,A-Mean,0.007477772560481916,10
G2,2,6,256,16,A-Tail-P:0.25,0.007741171735396099,10
G2,2,6,256,16,A-Tail-P:0.5,0.007707905079443014,10
G2,2,6,256,16,A-Tail-U:0.5,0.007003682772770343,10
G2,2,6,256,16,B-Max,0.0025444172964695314,10
G2,2,6,256,16,B-Plugin,0.0076632585520748945,10
G2,2,6,256,16,B-Tail-P:0.25,0.00779942152111533,10
G2,2,6,256,16,B-Tail-P:0.5,0.007699026242929019,10
G2,2,6,256,16,B-Tail-U:0.5,0.008885902422369455,10
G2,2,6,256,16,C-Budget:0.25,0.006222475579738164,10
G2,2,6,256,16,C-LP-Max:0.01,0.0034627264590370633,10
G2,2,6,256,16,C-LP-Tail:0.1,0.009923913124275156,10
G2,2,6,256,16,C-LR:1.0,0.006530016744213607,10
G2,2,6,256,16,C-Soft-Cond:0.1,0.0065820597151905625,10
G2,2,6,256,16,C-Soft:0.1,0.00658215714698075,10
G2,2,6,256,16,H-Conditional-FilterThenK,0.008665702968922976,10
G2,2,6,256,16,REF-EB,0.005459440395319591,10
G2,2,6,256,64,A-Max,0.007998814212540496,10
G2,2,6,256,64,A-Mean,0.005023580831598763,10
G2,2,6,256,64,A-Tail-P:0.25,0.005446853456340226,10
G2,2,6,256,64,A-Tail-P:0.5,0.005111603494150595,10
G2,2,6,256,64,A-Tail-U:0.5,0.0070588900506295795,10
G2,2,6,256,64,B-Max,0.0026731837986326296,10
G2,2,6,256,64,B-Plugin,0.005147251799299198,10
G2,2,6,256,64,B-Tail-P:0.25,0.005416785614655991,10
G2,2,6,256,64,B-Tail-P:0.5,0.005143735642497686,10
G2,2,6,256,64,B-Tail-U:0.5,0.009699495363455286,10
G2,2,6,256,64,C-Budget:0.25,0.004203923246184968,10
G2,2,6,256,64,C-LP-Max:0.01,0.0051011712293985,10
G2,2,6,256,64,C-LP-Tail:0.1,0.006537361101197281,10
G2,2,6,256,64,C-LR:1.0,0.006576740022216243,10
G2,2,6,256,64,C-Soft-Cond:0.1,0.005032439083546966,10
G2,2,6,256,64,C-Soft:0.1,0.005032411196910845,10
G2,2,6,256,64,H-Conditional-FilterThenK,0.005626573865531106,10
G2,2,6,256,64,REF-EB,0.004463004034964823,10
G2,2,7,64,0,A-Max,0.01991178190207509,10
G2,2,7,64,0,A-Mean,0.00342231654575719,10
G2,2,7,64,0,A-Tail-P:0.25,0.005102398121957903,10
G2,2,7,64,0,A-Tail-P:0.5,0.004133020549944059,10
G2,2,7,64,0,A-Tail-U:0.5,0.012052110329385957,10
G2,2,7,64,0,B-Max,0.01508084400667074,10
G2,2,7,64,0,B-Plugin,0.004370246910608335,10
G2,2,7,64,0,B-Tail-P:0.25,0.005204323405927002,10
G2,2,7,64,0,B-Tail-P:0.5,0.0045538991924595745,10
G2,2,7,64,0,B-Tail-U:0.5,0.004553899192868666,10
G2,2,7,64,0,C-Budget:0.25,0.0037877226255034367,10
G2,2,7,64,0,C-LP-Max:0.01,0.015314523046417238,10
G2,2,7,64,0,C-LP-Tail:0.1,0.0023246050004884335,10
G2,2,7,64,0,C-LR:1.0,0.01924962569126777,10
G2,2,7,64,0,C-Soft-Cond:0.1,0.004256539842069252,10
G2,2,7,64,0,C-Soft:0.1,0.004250515704193986,10
G2,2,7,64,0,H-Conditional-FilterThenK,0.004553899198465977,10
G2,2,7,64,0,REF-EB,0.0034607099306553516,10
G2,2,7,64,4,A-Max,0.021059573611886966,10
G2,2,7,64,4,A-Mean,0.01614784988900312,10
G2,2,7,64,4,A-Tail-P:0.25,0.010959135348147388,10
G2,2,7,64,4,A-Tail-P:0.5,0.01589984284661431,10
G2,2,7,64,4,A-Tail-U:0.5,0.013003448140915386,10
G2,2,7,64,4,B-Max,0.013886342955917319,10
G2,2,7,64,4,B-Plugin,0.016132165333120653,10
G2,2,7,64,4,B-Tail-P:0.25,0.011073251166994692,10
G2,2,7,64,4,B-Tail-P:0.5,0.01605583165258846,10
G2,2,7,64,4,B-Tail-U:0.5,0.0023569659457764935,10
G2,2,7,64,4,C-Budget:0.25,0.0027144961941243536,10
G2,2,7,64,4,C-LP-Max:0.01,0.016339247967931923,10
G2,2,7,64,4,C-LP-Tail:0.1,0.001853908026083951,10
G2,2,7,64,4,C-LR:1.0,0.02021225571115399,10
G2,2,7,64,4,C-Soft-Cond:0.1,0.01343746407891174,10
G2,2,7,64,4,C-Soft:0.1,0.013440407692018352,10
G2,2,7,64,4,H-Conditional-FilterThenK,0.017101920187132955,10
G2,2,7,64,4,REF-EB,0.003684863014212477,10
G2,2,7,64,16,A-Max,0.021963009871933815,10
G2,2,7,64,16,A-Mean,0.002491812348101926,10
G2,2,7,64,16,A-Tail-P:0.25,0.0024619610552550054,10
G2,2,7,64,16,A-Tail-P:0.5,0.0024618311559011672,10
G2,2,7,64,16,A-Tail-U:0.5,0.01464547951034659,10
G2,2,7,64,16,B-Max,0.015646431784485194,10
G2,2,7,64,16,B-Plugin,0.0025357311895028165,10
G2,2,7,64,16,B-Tail-P:0.25,0.002397379722236113,10
G2,2,7,64,16,B-Tail-P:0.5,0.0025020951207826905,10
G2,2,7,64,16,B-Tail-U:0.5,0.0032545967203274013,10
G2,2,7,64,16,C-Budget:0.25,0.0030237301095742022,10
G2,2,7,64,16,C-LP-Max:0.01,0.0025523223584281826,10
G2,2,7,64,16,C-LP-Tail:0.1,0.00221428340835124,10
G2,2,7,64,16,C-LR:1.0,0.020920061041569904,10
G2,2,7,64,16,C-Soft-Cond:0.1,0.0024587523060981852,10
G2,2,7,64,16,C-Soft:0.1,0.0024588726275107096,10
G2,2,7,64,16,H-Conditional-FilterThenK,0.0027011975618850496,10
G2,2,7,64,16,REF-EB,0.002320839456564994,10
G2,2,7,64,64,A-Max,0.022341940463437522,10
G2,2,7,64,64,A-Mean,0.0011413505587871881,10
G2,2,7,64,64,A-Tail-P:0.25,0.0011804821785801531,10
G2,2,7,64,64,A-Tail-P:0.5,0.0011815599726860333,10
G2,2,7,64,64,A-Tail-U:0.5,0.015827775264983503,10
G2,2,7,64,64,B-Max,0.014565558190683447,10
G2,2,7,64,64,B-Plugin,0.0010968340464359272,10
G2,2,7,64,64,B-Tail-P:0.25,0.0011897094102712891,10
G2,2,7,64,64,B-Tail-P:0.5,0.0011630531494774613,10
G2,2,7,64,64,B-Tail-U:0.5,0.0035927105147765723,10
G2,2,7,64,64,C-Budget:0.25,0.0026091554899392412,10
G2,2,7,64,64,C-LP-Max:0.01,0.0010711906857756653,10
G2,2,7,64,64,C-LP-Tail:0.1,0.0035378270244339886,10
G2,2,7,64,64,C-LR:1.0,0.02125352204545402,10
G2,2,7,64,64,C-Soft-Cond:0.1,0.001141310834582644,10
G2,2,7,64,64,C-Soft:0.1,0.0011426279364452777,10
G2,2,7,64,64,H-Conditional-FilterThenK,0.00124543344225209,10
G2,2,7,64,64,REF-EB,0.0009291440868939863,10
G2,2,7,256,0,A-Max,0.019988648184191278,10
G2,2,7,256,0,A-Mean,0.0012196590523361566,10
G2,2,7,256,0,A-Tail-P:0.25,0.0027756333571631034,10
G2,2,7,256,0,A-Tail-P:0.5,0.0022168276353296637,10
G2,2,7,256,0,A-Tail-U:0.5,0.012462967025514485,10
G2,2,7,256,0,B-Max,0.012662023723302083,10
G2,2,7,256,0,B-Plugin,0.0023787279156306674,10
G2,2,7,256,0,B-Tail-P:0.25,0.0027769611330775777,10
G2,2,7,256,0,B-Tail-P:0.5,0.0023849159748691342,10
G2,2,7,256,0,B-Tail-U:0.5,0.0023849159748691342,10
G2,2,7,256,0,C-Budget:0.25,0.002806818886905925,10
G2,2,7,256,0,C-LP-Max:0.01,0.012864315733639591,10
G2,2,7,256,0,C-LP-Tail:0.1,0.002332303271739027,10
G2,2,7,256,0,C-LR:1.0,0.019321159662206426,10
G2,2,7,256,0,C-Soft-Cond:0.1,0.0020189654586280905,10
G2,2,7,256,0,C-Soft:0.1,0.002018751969268732,10
G2,2,7,256,0,H-Conditional-FilterThenK,0.002384915954250047,10
G2,2,7,256,0,REF-EB,0.0010387825521345467,10
G2,2,7,256,4,A-Max,0.02055379728107697,10
G2,2,7,256,4,A-Mean,0.006498257715771551,10
G2,2,7,256,4,A-Tail-P:0.25,0.006309059363215255,10
G2,2,7,256,4,A-Tail-P:0.5,0.006723241454452878,10
G2,2,7,256,4,A-Tail-U:0.5,0.01360602472181235,10
G2,2,7,256,4,B-Max,0.013094444782573097,10
G2,2,7,256,4,B-Plugin,0.0066965880728887955,10
G2,2,7,256,4,B-Tail-P:0.25,0.006271397750128455,10
G2,2,7,256,4,B-Tail-P:0.5,0.00675408142171383,10
G2,2,7,256,4,B-Tail-U:0.5,0.0022544715000514556,10
G2,2,7,256,4,C-Budget:0.25,0.0024342534093370885,10
G2,2,7,256,4,C-LP-Max:0.01,0.010140176920301745,10
G2,2,7,256,4,C-LP-Tail:0.1,0.002049403545178338,10
G2,2,7,256,4,C-LR:1.0,0.019675059323498653,10
G2,2,7,256,4,C-Soft-Cond:0.1,0.006342743067126219,10
G2,2,7,256,4,C-Soft:0.1,0.006342097831483805,10
G2,2,7,256,4,H-Conditional-FilterThenK,0.006135193281889307,10
G2,2,7,256,4,REF-EB,0.004018455231823974,10
G2,2,7,256,16,A-Max,0.02213335556249802,10
G2,2,7,256,16,A-Mean,0.006103334836619485,10
G2,2,7,256,16,A-Tail-P:0.25,0.0070523885324791525,10
G2,2,7,256,16,A-Tail-P:0.5,0.006332808614496812,10
G2,2,7,256,16,A-Tail-U:0.5,0.014225833954359645,10
G2,2,7,256,16,B-Max,0.014763550612430027,10
G2,2,7,256,16,B-Plugin,0.0062978218616393964,10
G2,2,7,256,16,B-Tail-P:0.25,0.0070121294718603015,10
G2,2,7,256,16,B-Tail-P:0.5,0.006324944593873503,10
G2,2,7,256,16,B-Tail-U:0.5,0.001886502316112285,10
G2,2,7,256,16,C-Budget:0.25,0.002700676235581395,10
G2,2,7,256,16,C-LP-Max:0.01,0.006636203467534839,10
G2,2,7,256,16,C-LP-Tail:0.1,0.0022659315226307352,10
G2,2,7,256,16,C-LR:1.0,0.0209097746038953,10
G2,2,7,256,16,C-Soft-Cond:0.1,0.0061417884672183174,10
G2,2,7,256,16,C-Soft:0.1,0.006141687693083735,10
G2,2,7,256,16,H-Conditional-FilterThenK,0.007847123162704408,10
G2,2,7,256,16,REF-EB,0.00453420024021335,10
G2,2,7,256,64,A-Max,0.022343883629114707,10
G2,2,7,256,64,A-Mean,0.0016226591536640377,10
G2,2,7,256,64,A-Tail-P:0.25,0.001746427232651027,10
G2,2,7,256,64,A-Tail-P:0.5,0.001670068375001925,10
G2,2,7,256,64,A-Tail-U:0.5,0.01667082024740125,10
G2,2,7,256,64,B-Max,0.014749862423059543,10
G2,2,7,256,64,B-Plugin,0.001635817366343262,10
G2,2,7,256,64,B-Tail-P:0.25,0.0017002517582754887,10
G2,2,7,256,64,B-Tail-P:0.5,0.0016532823285176292,10
G2,2,7,256,64,B-Tail-U:0.5,0.003753657129499968,10
G2,2,7,256,64,C-Budget:0.25,0.002543720218488279,10
G2,2,7,256,64,C-LP-Max:0.01,0.0016430937709983721,10
G2,2,7,256,64,C-LP-Tail:0.1,0.002804213971108912,10
G2,2,7,256,64,C-LR:1.0,0.021289393173724833,10
G2,2,7,256,64,C-Soft-Cond:0.1,0.0016235011441825165,10
G2,2,7,256,64,C-Soft:0.1,0.0016234337687356828,10
G2,2,7,256,64,H-Conditional-FilterThenK,0.0018310140163248188,10
G2,2,7,256,64,REF-EB,0.001510627915711384,10
